{
    "age": {
        "17-26": {
            "loss": 0.051240859386999224,
            "acc": 0.9821917808219178
        },
        "26-33": {
            "loss": 0.27041748189394665,
            "acc": 0.8781115879828326
        },
        "33-41": {
            "loss": 0.39001377190620184,
            "acc": 0.7986476333583772
        },
        "41-50": {
            "loss": 0.4099295268600277,
            "acc": 0.7878787878787878
        },
        "50-90": {
            "loss": 0.4007212291807004,
            "acc": 0.804147465437788
        }
    },
    "education": {
        " 10th": {
            "loss": 0.15442406374218823,
            "acc": 0.9398907103825137
        },
        " 11th": {
            "loss": 0.09284835698024084,
            "acc": 0.9644444444444444
        },
        " 12th": {
            "loss": 0.07713217726520309,
            "acc": 0.9489795918367347
        },
        " 1st-4th": {
            "loss": 3.109512790312883e-06,
            "acc": 1.0
        },
        " 5th-6th": {
            "loss": 0.04634025600288818,
            "acc": 0.9838709677419355
        },
        " 7th-8th": {
            "loss": 0.1172992790352354,
            "acc": 0.9574468085106383
        },
        " 9th": {
            "loss": 0.03440367994981172,
            "acc": 0.991304347826087
        },
        " Assoc-acdm": {
            "loss": 0.2645481015961495,
            "acc": 0.8737373737373737
        },
        " Assoc-voc": {
            "loss": 0.2979500833359779,
            "acc": 0.8461538461538461
        },
        " Bachelors": {
            "loss": 0.4324400384364892,
            "acc": 0.7958214624881291
        },
        " Doctorate": {
            "loss": 0.3422559894057432,
            "acc": 0.8701298701298701
        },
        " HS-grad": {
            "loss": 0.30569025560153323,
            "acc": 0.8440499040307101
        },
        " Masters": {
            "loss": 0.41242290810315724,
            "acc": 0.8130081300813008
        },
        " Preschool": {
            "loss": 3.0369389513072536e-05,
            "acc": 1.0
        },
        " Prof-school": {
            "loss": 0.36169087872617467,
            "acc": 0.8448275862068966
        },
        " Some-college": {
            "loss": 0.28150561103933797,
            "acc": 0.8511784511784511
        }
    },
    "education-num": {
        "1-9": {
            "loss": 0.24384121817545865,
            "acc": 0.8786127167630058
        },
        "10-13": {
            "loss": 0.38653560192938496,
            "acc": 0.8149606299212598
        },
        "13-16": {
            "loss": 0.3923379113995436,
            "acc": 0.8274021352313167
        },
        "9-10": {
            "loss": 0.28150561103933797,
            "acc": 0.8511784511784511
        }
    },
    "relationship": {
        " Husband": {
            "loss": 0.5196957910928894,
            "acc": 0.7277992277992278
        },
        " Not-in-family": {
            "loss": 0.20726895885968977,
            "acc": 0.9159318048206937
        },
        " Other-relative": {
            "loss": 0.047252537852945205,
            "acc": 0.9775280898876404
        },
        " Own-child": {
            "loss": 0.029080193060659714,
            "acc": 0.9901864573110893
        },
        " Unmarried": {
            "loss": 0.09290493261087591,
            "acc": 0.9629629629629629
        },
        " Wife": {
            "loss": 0.4438120791428075,
            "acc": 0.7857142857142857
        }
    },
    "race": {
        " Amer-Indian-Eskimo": {
            "loss": 0.11869445904340692,
            "acc": 0.9436619718309859
        },
        " Asian-Pac-Islander": {
            "loss": 0.220362317334322,
            "acc": 0.9119170984455959
        },
        " Black": {
            "loss": 0.1106528640313722,
            "acc": 0.9482470784641068
        },
        " Other": {
            "loss": 0.05414615102217648,
            "acc": 0.9818181818181818
        },
        " White": {
            "loss": 0.3261585057017809,
            "acc": 0.838398283875581
        }
    },
    "gender": {
        " Female": {
            "loss": 0.15153519236517307,
            "acc": 0.9360301034807149
        },
        " Male": {
            "loss": 0.36994600994665233,
            "acc": 0.81281349749202
        }
    },
    "hours-per-week": {
        "1-35": {
            "loss": 0.12829014087537155,
            "acc": 0.9436619718309859
        },
        "35-40": {
            "loss": 0.30326515234592605,
            "acc": 0.8497948879772799
        },
        "40-50": {
            "loss": 0.40556491409449363,
            "acc": 0.8019559902200489
        },
        "50-99": {
            "loss": 0.40809413451801135,
            "acc": 0.788787483702738
        }
    }
}