{
    "age": {
        "17-26": {
            "loss": 0.050701903529752075,
            "acc": 0.9821917808219178
        },
        "26-33": {
            "loss": 0.2671107724662883,
            "acc": 0.878969957081545
        },
        "33-41": {
            "loss": 0.37767587483589904,
            "acc": 0.8106686701728024
        },
        "41-50": {
            "loss": 0.4089092149557809,
            "acc": 0.7926634768740032
        },
        "50-90": {
            "loss": 0.3941476115839036,
            "acc": 0.8033794162826421
        }
    },
    "education": {
        " 10th": {
            "loss": 0.14024266955100265,
            "acc": 0.9453551912568307
        },
        " 11th": {
            "loss": 0.08093595424352762,
            "acc": 0.9644444444444444
        },
        " 12th": {
            "loss": 0.07473219980960934,
            "acc": 0.9591836734693877
        },
        " 1st-4th": {
            "loss": 4.349484389866287e-06,
            "acc": 1.0
        },
        " 5th-6th": {
            "loss": 0.045449147635302306,
            "acc": 0.9838709677419355
        },
        " 7th-8th": {
            "loss": 0.1157482417862365,
            "acc": 0.9574468085106383
        },
        " 9th": {
            "loss": 0.03164899109420456,
            "acc": 0.991304347826087
        },
        " Assoc-acdm": {
            "loss": 0.27478092418689865,
            "acc": 0.8636363636363636
        },
        " Assoc-voc": {
            "loss": 0.304454395430029,
            "acc": 0.8498168498168498
        },
        " Bachelors": {
            "loss": 0.4320852423107357,
            "acc": 0.7977207977207977
        },
        " Doctorate": {
            "loss": 0.3756447973087429,
            "acc": 0.8441558441558441
        },
        " HS-grad": {
            "loss": 0.2981636173709559,
            "acc": 0.8483685220729367
        },
        " Masters": {
            "loss": 0.4038822782052242,
            "acc": 0.8238482384823849
        },
        " Preschool": {
            "loss": 1.86583648631642e-05,
            "acc": 1.0
        },
        " Prof-school": {
            "loss": 0.36117130206371495,
            "acc": 0.8189655172413793
        },
        " Some-college": {
            "loss": 0.2734924228132136,
            "acc": 0.8585858585858586
        }
    },
    "education-num": {
        "1-9": {
            "loss": 0.23643318675889566,
            "acc": 0.8823529411764706
        },
        "10-13": {
            "loss": 0.3887850610857011,
            "acc": 0.8156167979002624
        },
        "13-16": {
            "loss": 0.3911976531848608,
            "acc": 0.8256227758007118
        },
        "9-10": {
            "loss": 0.2734924228132136,
            "acc": 0.8585858585858586
        }
    },
    "relationship": {
        " Husband": {
            "loss": 0.5064993044784095,
            "acc": 0.7386100386100386
        },
        " Not-in-family": {
            "loss": 0.20902733660318987,
            "acc": 0.9124044679600235
        },
        " Other-relative": {
            "loss": 0.035913222377604144,
            "acc": 0.9831460674157303
        },
        " Own-child": {
            "loss": 0.029671794427495114,
            "acc": 0.9892051030421982
        },
        " Unmarried": {
            "loss": 0.09273412830648467,
            "acc": 0.9629629629629629
        },
        " Wife": {
            "loss": 0.4494770061582048,
            "acc": 0.7857142857142857
        }
    },
    "race": {
        " Amer-Indian-Eskimo": {
            "loss": 0.08549003560237071,
            "acc": 0.971830985915493
        },
        " Asian-Pac-Islander": {
            "loss": 0.2230753544760591,
            "acc": 0.9067357512953368
        },
        " Black": {
            "loss": 0.08679673002929905,
            "acc": 0.9616026711185309
        },
        " Other": {
            "loss": 0.03988372219650325,
            "acc": 0.9818181818181818
        },
        " White": {
            "loss": 0.3236574155112674,
            "acc": 0.8407222023596711
        }
    },
    "gender": {
        " Female": {
            "loss": 0.15522145703630522,
            "acc": 0.9341486359360301
        },
        " Male": {
            "loss": 0.36111421492495344,
            "acc": 0.8187414500683995
        }
    },
    "hours-per-week": {
        "1-35": {
            "loss": 0.12472688137725653,
            "acc": 0.9436619718309859
        },
        "35-40": {
            "loss": 0.2986643719918733,
            "acc": 0.8526349005995583
        },
        "40-50": {
            "loss": 0.39928255010294944,
            "acc": 0.8068459657701712
        },
        "50-99": {
            "loss": 0.403134442664342,
            "acc": 0.7979139504563233
        }
    }
}