{
    "age": {
        "17-26": {
            "loss": 0.052678897332658875,
            "acc": 0.9821917808219178
        },
        "26-33": {
            "loss": 0.27288303983355916,
            "acc": 0.8729613733905579
        },
        "33-41": {
            "loss": 0.38182574483951304,
            "acc": 0.8076634109691961
        },
        "41-50": {
            "loss": 0.4123311698735872,
            "acc": 0.7942583732057417
        },
        "50-90": {
            "loss": 0.39737440538172314,
            "acc": 0.804147465437788
        }
    },
    "education": {
        " 10th": {
            "loss": 0.16179051134466285,
            "acc": 0.9344262295081968
        },
        " 11th": {
            "loss": 0.08319262311316451,
            "acc": 0.9644444444444444
        },
        " 12th": {
            "loss": 0.07729278562845926,
            "acc": 0.9591836734693877
        },
        " 1st-4th": {
            "loss": 4.1961405126915015e-06,
            "acc": 1.0
        },
        " 5th-6th": {
            "loss": 0.055755930431614274,
            "acc": 0.9838709677419355
        },
        " 7th-8th": {
            "loss": 0.11635318072190608,
            "acc": 0.9574468085106383
        },
        " 9th": {
            "loss": 0.03264394899094795,
            "acc": 0.991304347826087
        },
        " Assoc-acdm": {
            "loss": 0.28066555761946,
            "acc": 0.8636363636363636
        },
        " Assoc-voc": {
            "loss": 0.30675732921884685,
            "acc": 0.8424908424908425
        },
        " Bachelors": {
            "loss": 0.43210803722854135,
            "acc": 0.7958214624881291
        },
        " Doctorate": {
            "loss": 0.3402048345491816,
            "acc": 0.8571428571428571
        },
        " HS-grad": {
            "loss": 0.30611814707346224,
            "acc": 0.8459692898272553
        },
        " Masters": {
            "loss": 0.4005202294017226,
            "acc": 0.8238482384823849
        },
        " Preschool": {
            "loss": 7.749499951873964e-06,
            "acc": 1.0
        },
        " Prof-school": {
            "loss": 0.3397570489837095,
            "acc": 0.8448275862068966
        },
        " Some-college": {
            "loss": 0.27763037176094724,
            "acc": 0.857912457912458
        }
    },
    "education-num": {
        "1-9": {
            "loss": 0.24395369247805393,
            "acc": 0.8799727983679021
        },
        "10-13": {
            "loss": 0.38997788352168744,
            "acc": 0.812992125984252
        },
        "13-16": {
            "loss": 0.37971450994952477,
            "acc": 0.8327402135231317
        },
        "9-10": {
            "loss": 0.27763037176094724,
            "acc": 0.857912457912458
        }
    },
    "relationship": {
        " Husband": {
            "loss": 0.5122563110259905,
            "acc": 0.733976833976834
        },
        " Not-in-family": {
            "loss": 0.21298396453974294,
            "acc": 0.9124044679600235
        },
        " Other-relative": {
            "loss": 0.03319852292365772,
            "acc": 0.9887640449438202
        },
        " Own-child": {
            "loss": 0.030865689368054724,
            "acc": 0.9892051030421982
        },
        " Unmarried": {
            "loss": 0.09912052204105681,
            "acc": 0.9672364672364673
        },
        " Wife": {
            "loss": 0.4394444424315351,
            "acc": 0.7857142857142857
        }
    },
    "race": {
        " Amer-Indian-Eskimo": {
            "loss": 0.09928612538032491,
            "acc": 0.971830985915493
        },
        " Asian-Pac-Islander": {
            "loss": 0.25514663047969033,
            "acc": 0.9015544041450777
        },
        " Black": {
            "loss": 0.09989086831861993,
            "acc": 0.9532554257095158
        },
        " Other": {
            "loss": 0.0549805946248221,
            "acc": 0.9818181818181818
        },
        " White": {
            "loss": 0.3250489065623637,
            "acc": 0.8403646764390418
        }
    },
    "gender": {
        " Female": {
            "loss": 0.1531230703989047,
            "acc": 0.9355597365945437
        },
        " Male": {
            "loss": 0.36751826563009254,
            "acc": 0.8162334701322389
        }
    },
    "hours-per-week": {
        "1-35": {
            "loss": 0.1330939054036506,
            "acc": 0.9414381022979985
        },
        "35-40": {
            "loss": 0.2975705455598675,
            "acc": 0.8526349005995583
        },
        "40-50": {
            "loss": 0.4011194354560321,
            "acc": 0.8068459657701712
        },
        "50-99": {
            "loss": 0.42080374986747604,
            "acc": 0.7913950456323338
        }
    }
}