{
    "age": {
        "17-26": {
            "loss": 0.05266927221520393,
            "acc": 0.9821917808219178
        },
        "26-33": {
            "loss": 0.2699900339099008,
            "acc": 0.8798283261802575
        },
        "33-41": {
            "loss": 0.3774478080959917,
            "acc": 0.8099173553719008
        },
        "41-50": {
            "loss": 0.40583586417434664,
            "acc": 0.7974481658692185
        },
        "50-90": {
            "loss": 0.4020124092929392,
            "acc": 0.8033794162826421
        }
    },
    "education": {
        " 10th": {
            "loss": 0.14574708945191367,
            "acc": 0.9453551912568307
        },
        " 11th": {
            "loss": 0.0790454903297758,
            "acc": 0.9688888888888889
        },
        " 12th": {
            "loss": 0.07346154608094263,
            "acc": 0.9591836734693877
        },
        " 1st-4th": {
            "loss": 1.2122629528523437e-05,
            "acc": 1.0
        },
        " 5th-6th": {
            "loss": 0.05004975251805035,
            "acc": 0.9838709677419355
        },
        " 7th-8th": {
            "loss": 0.1175565915069162,
            "acc": 0.9574468085106383
        },
        " 9th": {
            "loss": 0.026372561281206127,
            "acc": 0.991304347826087
        },
        " Assoc-acdm": {
            "loss": 0.26612739448850375,
            "acc": 0.8686868686868687
        },
        " Assoc-voc": {
            "loss": 0.3111046811487134,
            "acc": 0.8461538461538461
        },
        " Bachelors": {
            "loss": 0.436253123763427,
            "acc": 0.798670465337132
        },
        " Doctorate": {
            "loss": 0.36038152278285995,
            "acc": 0.8441558441558441
        },
        " HS-grad": {
            "loss": 0.30080816264225846,
            "acc": 0.8483685220729367
        },
        " Masters": {
            "loss": 0.4144408301858622,
            "acc": 0.8238482384823849
        },
        " Preschool": {
            "loss": 3.3328975983432686e-05,
            "acc": 1.0
        },
        " Prof-school": {
            "loss": 0.32842276173124757,
            "acc": 0.8362068965517241
        },
        " Some-college": {
            "loss": 0.2755084504226697,
            "acc": 0.8599326599326599
        }
    },
    "education-num": {
        "1-9": {
            "loss": 0.23844012780430798,
            "acc": 0.8826929615776946
        },
        "10-13": {
            "loss": 0.3917318513026324,
            "acc": 0.8162729658792651
        },
        "13-16": {
            "loss": 0.38927950881439216,
            "acc": 0.8291814946619217
        },
        "9-10": {
            "loss": 0.2755084504226697,
            "acc": 0.8599326599326599
        }
    },
    "relationship": {
        " Husband": {
            "loss": 0.5135481136778374,
            "acc": 0.7370656370656371
        },
        " Not-in-family": {
            "loss": 0.21154896845538013,
            "acc": 0.9135802469135802
        },
        " Other-relative": {
            "loss": 0.023986516426566244,
            "acc": 0.9943820224719101
        },
        " Own-child": {
            "loss": 0.02803830714370672,
            "acc": 0.9911678115799804
        },
        " Unmarried": {
            "loss": 0.08398785859452133,
            "acc": 0.9700854700854701
        },
        " Wife": {
            "loss": 0.44851667293203334,
            "acc": 0.782608695652174
        }
    },
    "race": {
        " Amer-Indian-Eskimo": {
            "loss": 0.08451082941943387,
            "acc": 0.971830985915493
        },
        " Asian-Pac-Islander": {
            "loss": 0.19899528118832369,
            "acc": 0.9222797927461139
        },
        " Black": {
            "loss": 0.09542165682805692,
            "acc": 0.9649415692821369
        },
        " Other": {
            "loss": 0.04516924680962877,
            "acc": 0.9818181818181818
        },
        " White": {
            "loss": 0.3257255364526953,
            "acc": 0.8409009653199857
        }
    },
    "gender": {
        " Female": {
            "loss": 0.15147718478682853,
            "acc": 0.9374412041392286
        },
        " Male": {
            "loss": 0.36573561222805256,
            "acc": 0.8185134518923849
        }
    },
    "hours-per-week": {
        "1-35": {
            "loss": 0.13034386522922808,
            "acc": 0.9429206819866568
        },
        "35-40": {
            "loss": 0.30216152156705084,
            "acc": 0.8545282423477437
        },
        "40-50": {
            "loss": 0.3944845533697642,
            "acc": 0.8076609616951915
        },
        "50-99": {
            "loss": 0.4025301265503473,
            "acc": 0.7979139504563233
        }
    }
}