{
    "age": {
        "17-26": {
            "loss": 0.30483560979039587,
            "acc": 0.8568493150684932
        },
        "26-33": {
            "loss": 0.29817302869712387,
            "acc": 0.8427835051546392
        },
        "33-41": {
            "loss": 0.29893120797833295,
            "acc": 0.8534936138241923
        },
        "41-50": {
            "loss": 0.3014144570256004,
            "acc": 0.8539505187549881
        },
        "50-90": {
            "loss": 0.2937560448510042,
            "acc": 0.8632872503840245
        }
    },
    "education": {
        " 10th": {
            "loss": 0.3339254955531866,
            "acc": 0.8579234972677595
        },
        " 11th": {
            "loss": 0.30855750429363094,
            "acc": 0.8577777777777778
        },
        " 12th": {
            "loss": 0.3410097820053336,
            "acc": 0.8163265306122449
        },
        " 1st-4th": {
            "loss": 0.2600685460334086,
            "acc": 0.8695652173913043
        },
        " 5th-6th": {
            "loss": 0.2620926521096248,
            "acc": 0.8548387096774194
        },
        " 7th-8th": {
            "loss": 0.25694336750364993,
            "acc": 0.900709219858156
        },
        " 9th": {
            "loss": 0.2869001016596832,
            "acc": 0.8782608695652174
        },
        " Assoc-acdm": {
            "loss": 0.30304709663419915,
            "acc": 0.8232323232323232
        },
        " Assoc-voc": {
            "loss": 0.2891904217753668,
            "acc": 0.8644688644688645
        },
        " Bachelors": {
            "loss": 0.302662411934412,
            "acc": 0.8498098859315589
        },
        " Doctorate": {
            "loss": 0.3456368908353249,
            "acc": 0.8311688311688312
        },
        " HS-grad": {
            "loss": 0.2966965225715155,
            "acc": 0.8545367258761402
        },
        " Masters": {
            "loss": 0.27666942905605507,
            "acc": 0.8672086720867209
        },
        " Preschool": {
            "loss": 0.3879110018024775,
            "acc": 0.8
        },
        " Prof-school": {
            "loss": 0.28934230199876604,
            "acc": 0.853448275862069
        },
        " Some-college": {
            "loss": 0.3052033718268085,
            "acc": 0.8531986531986532
        }
    },
    "education-num": {
        "1-9": {
            "loss": 0.2984029172863131,
            "acc": 0.8568027210884354
        },
        "10-13": {
            "loss": 0.3002975493324017,
            "acc": 0.8489822718319107
        },
        "13-16": {
            "loss": 0.288734460761319,
            "acc": 0.8594306049822064
        },
        "9-10": {
            "loss": 0.3052033718268085,
            "acc": 0.8531986531986532
        }
    },
    "relationship": {
        " Husband": {
            "loss": 0.2955724260364521,
            "acc": 0.857915057915058
        },
        " Not-in-family": {
            "loss": 0.295840958046165,
            "acc": 0.8552941176470589
        },
        " Other-relative": {
            "loss": 0.22261038881967601,
            "acc": 0.9101123595505618
        },
        " Own-child": {
            "loss": 0.3260139551075144,
            "acc": 0.8370951913640824
        },
        " Unmarried": {
            "loss": 0.3071715112875943,
            "acc": 0.8532763532763533
        },
        " Wife": {
            "loss": 0.2935328226306396,
            "acc": 0.8473520249221184
        }
    },
    "race": {
        " Amer-Indian-Eskimo": {
            "loss": 0.2990678548123292,
            "acc": 0.8169014084507042
        },
        " Asian-Pac-Islander": {
            "loss": 0.2686935652669155,
            "acc": 0.8860103626943006
        },
        " Black": {
            "loss": 0.30960955191617034,
            "acc": 0.8480801335559266
        },
        " Other": {
            "loss": 0.30620585263626143,
            "acc": 0.8181818181818182
        },
        " White": {
            "loss": 0.29949291832701963,
            "acc": 0.8547925608011445
        }
    },
    "gender": {
        " Female": {
            "loss": 0.3054628965209408,
            "acc": 0.8526365348399246
        },
        " Male": {
            "loss": 0.2967055007649792,
            "acc": 0.8552211582307342
        }
    },
    "hours-per-week": {
        "1-35": {
            "loss": 0.2844673385776057,
            "acc": 0.8717568569310601
        },
        "35-40": {
            "loss": 0.3090796103178714,
            "acc": 0.8468582254499526
        },
        "40-50": {
            "loss": 0.29178751669433883,
            "acc": 0.8524857375713122
        },
        "50-99": {
            "loss": 0.29925511077423755,
            "acc": 0.8578878748370273
        }
    }
}