{
    "forget_x": [
        0,
        1,
        0,
        0,
        0,
        0,
        0,
        0,
        0,
        0,
        0,
        0,
        0,
        0,
        1,
        0,
        0,
        0,
        0,
        0,
        0,
        0,
        1,
        0,
        0,
        1,
        0,
        0,
        0,
        0,
        0,
        0,
        0,
        1,
        0,
        0,
        0,
        1,
        0,
        0,
        0,
        1
    ],
    "forget_y": 1,
    "sample": {
        "age": "41-50",
        "education": " HS-grad",
        "education-num": "1-9",
        "relationship": " Wife",
        "race": " White",
        "gender": " Female",
        "hours-per-week": "35-40",
        "income": "<50k"
    },
    "performance": {
        "age": {
            "17-26": {
                "loss": 0.3116460898751194,
                "acc": 0.8541095890410959
            },
            "26-33": {
                "loss": 0.2999406864250885,
                "acc": 0.8445017182130584
            },
            "33-41": {
                "loss": 0.2970769080684036,
                "acc": 0.8534936138241923
            },
            "41-50": {
                "loss": 0.3027812787528458,
                "acc": 0.8547486033519553
            },
            "50-90": {
                "loss": 0.2947902007352543,
                "acc": 0.857910906298003
            }
        },
        "education": {
            " 10th": {
                "loss": 0.3482489443463154,
                "acc": 0.8524590163934426
            },
            " 11th": {
                "loss": 0.3208245989108776,
                "acc": 0.8666666666666667
            },
            " 12th": {
                "loss": 0.345312937716858,
                "acc": 0.8061224489795918
            },
            " 1st-4th": {
                "loss": 0.24239488207242613,
                "acc": 0.8695652173913043
            },
            " 5th-6th": {
                "loss": 0.2777885244901938,
                "acc": 0.8387096774193549
            },
            " 7th-8th": {
                "loss": 0.26502878586620554,
                "acc": 0.900709219858156
            },
            " 9th": {
                "loss": 0.29024708455628323,
                "acc": 0.8521739130434782
            },
            " Assoc-acdm": {
                "loss": 0.30857581391846867,
                "acc": 0.8585858585858586
            },
            " Assoc-voc": {
                "loss": 0.2828844583977901,
                "acc": 0.8534798534798534
            },
            " Bachelors": {
                "loss": 0.30621782053329316,
                "acc": 0.8526615969581749
            },
            " Doctorate": {
                "loss": 0.33061630212579235,
                "acc": 0.8441558441558441
            },
            " HS-grad": {
                "loss": 0.2967667103932565,
                "acc": 0.8482957273163706
            },
            " Masters": {
                "loss": 0.27831510451608876,
                "acc": 0.8672086720867209
            },
            " Preschool": {
                "loss": 0.42082739788020895,
                "acc": 0.8
            },
            " Prof-school": {
                "loss": 0.29455004912805843,
                "acc": 0.8448275862068966
            },
            " Some-college": {
                "loss": 0.30591293799999186,
                "acc": 0.8545454545454545
            }
        },
        "education-num": {
            "1-9": {
                "loss": 0.3012498420175838,
                "acc": 0.8510204081632653
            },
            "10-13": {
                "loss": 0.3023418355216536,
                "acc": 0.8535784635587655
            },
            "13-16": {
                "loss": 0.2888319119732699,
                "acc": 0.8594306049822064
            },
            "9-10": {
                "loss": 0.30591293799999186,
                "acc": 0.8545454545454545
            }
        },
        "relationship": {
            " Husband": {
                "loss": 0.2957656971274782,
                "acc": 0.8575289575289575
            },
            " Not-in-family": {
                "loss": 0.2976817787211215,
                "acc": 0.8523529411764705
            },
            " Other-relative": {
                "loss": 0.2164285276679829,
                "acc": 0.9101123595505618
            },
            " Own-child": {
                "loss": 0.3330216102442188,
                "acc": 0.8439646712463199
            },
            " Unmarried": {
                "loss": 0.3079073842865579,
                "acc": 0.8418803418803419
            },
            " Wife": {
                "loss": 0.301024724520688,
                "acc": 0.8442367601246106
            }
        },
        "race": {
            " Amer-Indian-Eskimo": {
                "loss": 0.29643896612968285,
                "acc": 0.8309859154929577
            },
            " Asian-Pac-Islander": {
                "loss": 0.28185098128826547,
                "acc": 0.8756476683937824
            },
            " Black": {
                "loss": 0.3045226900393271,
                "acc": 0.8497495826377296
            },
            " Other": {
                "loss": 0.330989770438483,
                "acc": 0.8
            },
            " White": {
                "loss": 0.30162508293966755,
                "acc": 0.8535407725321889
            }
        },
        "gender": {
            " Female": {
                "loss": 0.3097687215616615,
                "acc": 0.8479284369114878
            },
            " Male": {
                "loss": 0.29749125259762277,
                "acc": 0.8556771545827634
            }
        },
        "hours-per-week": {
            "1-35": {
                "loss": 0.27868752424895077,
                "acc": 0.8732394366197183
            },
            "35-40": {
                "loss": 0.3175988873699494,
                "acc": 0.840858856962425
            },
            "40-50": {
                "loss": 0.2851043187256264,
                "acc": 0.8614506927465363
            },
            "50-99": {
                "loss": 0.3013523505884384,
                "acc": 0.8552803129074316
            }
        }
    }
}