{
    "age": {
        "17-26": {
            "loss": 0.5237363148990137,
            "acc": 0.7383561643835617
        },
        "26-33": {
            "loss": 1.0997553891647622,
            "acc": 0.6746781115879829
        },
        "33-41": {
            "loss": 1.6091428761650513,
            "acc": 0.599549211119459
        },
        "41-50": {
            "loss": 1.7892360841327861,
            "acc": 0.5618515562649641
        },
        "50-90": {
            "loss": 1.661959865565392,
            "acc": 0.6036866359447005
        }
    },
    "education": {
        " 10th": {
            "loss": 0.7833224903565531,
            "acc": 0.6666666666666666
        },
        " 11th": {
            "loss": 0.710659725654136,
            "acc": 0.6888888888888889
        },
        " 12th": {
            "loss": 0.7278861587669869,
            "acc": 0.7448979591836735
        },
        " 1st-4th": {
            "loss": 0.3316206670745128,
            "acc": 0.8695652173913043
        },
        " 5th-6th": {
            "loss": 0.5921724703840289,
            "acc": 0.7096774193548387
        },
        " 7th-8th": {
            "loss": 0.524008872797034,
            "acc": 0.7446808510638298
        },
        " 9th": {
            "loss": 0.4916480118442355,
            "acc": 0.7565217391304347
        },
        " Assoc-acdm": {
            "loss": 1.071959526638444,
            "acc": 0.6717171717171717
        },
        " Assoc-voc": {
            "loss": 1.3000611514777907,
            "acc": 0.6556776556776557
        },
        " Bachelors": {
            "loss": 2.048973857174159,
            "acc": 0.5289648622981956
        },
        " Doctorate": {
            "loss": 3.5468652872335324,
            "acc": 0.37662337662337664
        },
        " HS-grad": {
            "loss": 1.0437063931368373,
            "acc": 0.6836293807009122
        },
        " Masters": {
            "loss": 2.6519907953902746,
            "acc": 0.4634146341463415
        },
        " Preschool": {
            "loss": 0.5346337304436498,
            "acc": 0.6
        },
        " Prof-school": {
            "loss": 3.2479300037772005,
            "acc": 0.35344827586206895
        },
        " Some-college": {
            "loss": 1.0178476220170183,
            "acc": 0.6774410774410774
        }
    },
    "education-num": {
        "1-9": {
            "loss": 0.9281404056830104,
            "acc": 0.6925170068027211
        },
        "10-13": {
            "loss": 1.7878833019896576,
            "acc": 0.5702099737532809
        },
        "13-16": {
            "loss": 2.8976034004522213,
            "acc": 0.4288256227758007
        },
        "9-10": {
            "loss": 1.0178476220170183,
            "acc": 0.6774410774410774
        }
    },
    "relationship": {
        " Husband": {
            "loss": 2.1113038217225424,
            "acc": 0.5262548262548262
        },
        " Not-in-family": {
            "loss": 0.7762502111110094,
            "acc": 0.7178130511463845
        },
        " Other-relative": {
            "loss": 0.48683293386315124,
            "acc": 0.7303370786516854
        },
        " Own-child": {
            "loss": 0.5397020686315798,
            "acc": 0.7379784102060843
        },
        " Unmarried": {
            "loss": 0.6035091445789199,
            "acc": 0.7421652421652422
        },
        " Wife": {
            "loss": 2.3192186220276882,
            "acc": 0.514018691588785
        }
    },
    "race": {
        " Amer-Indian-Eskimo": {
            "loss": 0.6553620999057058,
            "acc": 0.6197183098591549
        },
        " Asian-Pac-Islander": {
            "loss": 1.8215199438920122,
            "acc": 0.5751295336787565
        },
        " Black": {
            "loss": 0.8673587435313708,
            "acc": 0.7045075125208681
        },
        " Other": {
            "loss": 0.54236629449282,
            "acc": 0.6727272727272727
        },
        " White": {
            "loss": 1.3670591244149635,
            "acc": 0.6325764348292509
        }
    },
    "gender": {
        " Female": {
            "loss": 0.8312566596056624,
            "acc": 0.7124705882352941
        },
        " Male": {
            "loss": 1.5565443166957833,
            "acc": 0.6014591883264934
        }
    },
    "hours-per-week": {
        "1-35": {
            "loss": 0.7092943025300071,
            "acc": 0.7338769458858414
        },
        "35-40": {
            "loss": 1.1448326106641034,
            "acc": 0.6493055555555556
        },
        "40-50": {
            "loss": 1.9835383030895695,
            "acc": 0.5639771801140995
        },
        "50-99": {
            "loss": 2.05469954641713,
            "acc": 0.5384615384615384
        }
    }
}