{
    "age": {
        "17-26": {
            "loss": 0.3003080984176239,
            "acc": 0.8554794520547945
        },
        "26-33": {
            "loss": 0.2985721523401018,
            "acc": 0.8505154639175257
        },
        "33-41": {
            "loss": 0.300793418523241,
            "acc": 0.8518796992481203
        },
        "41-50": {
            "loss": 0.29392043116381,
            "acc": 0.8636363636363636
        },
        "50-90": {
            "loss": 0.2937705623904192,
            "acc": 0.8556067588325653
        }
    },
    "education": {
        " 10th": {
            "loss": 0.33053198453205707,
            "acc": 0.8524590163934426
        },
        " 11th": {
            "loss": 0.29966414226602134,
            "acc": 0.8755555555555555
        },
        " 12th": {
            "loss": 0.3709469071011174,
            "acc": 0.826530612244898
        },
        " 1st-4th": {
            "loss": 0.252804786615355,
            "acc": 0.8695652173913043
        },
        " 5th-6th": {
            "loss": 0.25145852574796324,
            "acc": 0.8548387096774194
        },
        " 7th-8th": {
            "loss": 0.2645284062689102,
            "acc": 0.8936170212765957
        },
        " 9th": {
            "loss": 0.303184246581112,
            "acc": 0.8695652173913043
        },
        " Assoc-acdm": {
            "loss": 0.31578221370776205,
            "acc": 0.8333333333333334
        },
        " Assoc-voc": {
            "loss": 0.29274329117184433,
            "acc": 0.8608058608058609
        },
        " Bachelors": {
            "loss": 0.30334562493823153,
            "acc": 0.8545627376425855
        },
        " Doctorate": {
            "loss": 0.3374257011376548,
            "acc": 0.8441558441558441
        },
        " HS-grad": {
            "loss": 0.2926515837492015,
            "acc": 0.8488483685220729
        },
        " Masters": {
            "loss": 0.2682925556016801,
            "acc": 0.8726287262872628
        },
        " Preschool": {
            "loss": 0.3879710440178283,
            "acc": 0.7
        },
        " Prof-school": {
            "loss": 0.29734579313151666,
            "acc": 0.8608695652173913
        },
        " Some-college": {
            "loss": 0.29950763012089826,
            "acc": 0.8585858585858586
        }
    },
    "education-num": {
        "1-9": {
            "loss": 0.29636172233183,
            "acc": 0.8531111866712002
        },
        "10-13": {
            "loss": 0.30306197914581,
            "acc": 0.8529218647406435
        },
        "13-16": {
            "loss": 0.28373707346656635,
            "acc": 0.8663101604278075
        },
        "9-10": {
            "loss": 0.29950763012089826,
            "acc": 0.8585858585858586
        }
    },
    "relationship": {
        " Husband": {
            "loss": 0.29480407868192215,
            "acc": 0.8594051757435304
        },
        " Not-in-family": {
            "loss": 0.2951656032355729,
            "acc": 0.8535294117647059
        },
        " Other-relative": {
            "loss": 0.2128389590842677,
            "acc": 0.9157303370786517
        },
        " Own-child": {
            "loss": 0.32259547731504595,
            "acc": 0.8439646712463199
        },
        " Unmarried": {
            "loss": 0.2974401812449884,
            "acc": 0.8532763532763533
        },
        " Wife": {
            "loss": 0.3002053727275642,
            "acc": 0.8416149068322981
        }
    },
    "race": {
        " Amer-Indian-Eskimo": {
            "loss": 0.2944838129373755,
            "acc": 0.8450704225352113
        },
        " Asian-Pac-Islander": {
            "loss": 0.27562053363695255,
            "acc": 0.8860103626943006
        },
        " Black": {
            "loss": 0.3040607035803417,
            "acc": 0.8514190317195326
        },
        " Other": {
            "loss": 0.3071825682722195,
            "acc": 0.8727272727272727
        },
        " White": {
            "loss": 0.2975640257781094,
            "acc": 0.8547925608011445
        }
    },
    "gender": {
        " Female": {
            "loss": 0.30529828674356746,
            "acc": 0.8531764705882353
        },
        " Male": {
            "loss": 0.2938083669854459,
            "acc": 0.8565564424173319
        }
    },
    "hours-per-week": {
        "1-35": {
            "loss": 0.27608981974008656,
            "acc": 0.8776871756856931
        },
        "35-40": {
            "loss": 0.3110732804143357,
            "acc": 0.8450126262626263
        },
        "40-50": {
            "loss": 0.28451903615550983,
            "acc": 0.8581907090464548
        },
        "50-99": {
            "loss": 0.3003634099431532,
            "acc": 0.8550913838120104
        }
    }
}