{
    "forget_x": [
        0,
        1,
        0,
        0,
        0,
        0,
        0,
        0,
        0,
        0,
        1,
        0,
        0,
        0,
        0,
        0,
        0,
        0,
        0,
        0,
        0,
        1,
        0,
        0,
        0,
        0,
        0,
        0,
        1,
        0,
        0,
        0,
        0,
        0,
        0,
        1,
        0,
        1,
        0,
        1,
        0,
        0
    ],
    "forget_y": 0,
    "sample": {
        "age": "33-41",
        "education": " Prof-school",
        "education-num": "13-16",
        "relationship": " Husband",
        "race": " White",
        "gender": " Male",
        "hours-per-week": "50-99",
        "income": ">=50k"
    },
    "performance": {
        "age": {
            "17-26": {
                "loss": 0.30342275608885616,
                "acc": 0.8561643835616438
            },
            "26-33": {
                "loss": 0.30130047593013976,
                "acc": 0.8470790378006873
            },
            "33-41": {
                "loss": 0.3053675692813653,
                "acc": 0.8488721804511278
            },
            "41-50": {
                "loss": 0.2992710951918471,
                "acc": 0.8532695374800638
            },
            "50-90": {
                "loss": 0.2920130613788593,
                "acc": 0.857910906298003
            }
        },
        "education": {
            " 10th": {
                "loss": 0.3396990282723693,
                "acc": 0.8524590163934426
            },
            " 11th": {
                "loss": 0.30541146085854487,
                "acc": 0.8755555555555555
            },
            " 12th": {
                "loss": 0.35752432285404107,
                "acc": 0.826530612244898
            },
            " 1st-4th": {
                "loss": 0.25188839922216344,
                "acc": 0.8695652173913043
            },
            " 5th-6th": {
                "loss": 0.253216664574866,
                "acc": 0.8548387096774194
            },
            " 7th-8th": {
                "loss": 0.2630683816419445,
                "acc": 0.8794326241134752
            },
            " 9th": {
                "loss": 0.28230991222238416,
                "acc": 0.8782608695652174
            },
            " Assoc-acdm": {
                "loss": 0.32505677644854153,
                "acc": 0.8282828282828283
            },
            " Assoc-voc": {
                "loss": 0.30003463902584715,
                "acc": 0.8571428571428571
            },
            " Bachelors": {
                "loss": 0.30812472196572327,
                "acc": 0.8517110266159695
            },
            " Doctorate": {
                "loss": 0.3448069820362631,
                "acc": 0.8311688311688312
            },
            " HS-grad": {
                "loss": 0.29538766081168716,
                "acc": 0.8483685220729367
            },
            " Masters": {
                "loss": 0.27970824809845596,
                "acc": 0.8590785907859079
            },
            " Preschool": {
                "loss": 0.42576435867956064,
                "acc": 0.7
            },
            " Prof-school": {
                "loss": 0.2805913313394933,
                "acc": 0.8608695652173913
            },
            " Some-college": {
                "loss": 0.3003850861997313,
                "acc": 0.8558922558922559
            }
        },
        "education-num": {
            "1-9": {
                "loss": 0.29813551898262575,
                "acc": 0.8524311458687521
            },
            "10-13": {
                "loss": 0.3088758409053247,
                "acc": 0.8496388706500329
            },
            "13-16": {
                "loss": 0.2888243926366563,
                "acc": 0.8556149732620321
            },
            "9-10": {
                "loss": 0.3003850861997313,
                "acc": 0.8558922558922559
            }
        },
        "relationship": {
            " Husband": {
                "loss": 0.2995848131783723,
                "acc": 0.8536114329857087
            },
            " Not-in-family": {
                "loss": 0.29299216059354466,
                "acc": 0.8570588235294118
            },
            " Other-relative": {
                "loss": 0.20378067681682266,
                "acc": 0.9101123595505618
            },
            " Own-child": {
                "loss": 0.32841282696188,
                "acc": 0.8351324828263003
            },
            " Unmarried": {
                "loss": 0.30516305040781505,
                "acc": 0.8518518518518519
            },
            " Wife": {
                "loss": 0.2996116690708279,
                "acc": 0.8509316770186336
            }
        },
        "race": {
            " Amer-Indian-Eskimo": {
                "loss": 0.31789078759311046,
                "acc": 0.8169014084507042
            },
            " Asian-Pac-Islander": {
                "loss": 0.2608013206724791,
                "acc": 0.8860103626943006
            },
            " Black": {
                "loss": 0.30657158864029627,
                "acc": 0.8414023372287145
            },
            " Other": {
                "loss": 0.3219203928449072,
                "acc": 0.8363636363636363
            },
            " White": {
                "loss": 0.3006240880349737,
                "acc": 0.8535407725321889
            }
        },
        "gender": {
            " Female": {
                "loss": 0.30566326386383175,
                "acc": 0.851764705882353
            },
            " Male": {
                "loss": 0.29778845349870764,
                "acc": 0.853363740022805
            }
        },
        "hours-per-week": {
            "1-35": {
                "loss": 0.276377607612823,
                "acc": 0.8724981467753892
            },
            "35-40": {
                "loss": 0.312302084549908,
                "acc": 0.8459595959595959
            },
            "40-50": {
                "loss": 0.29221829547520245,
                "acc": 0.8484107579462102
            },
            "50-99": {
                "loss": 0.30623832797727873,
                "acc": 0.8537859007832899
            }
        }
    }
}