{
    "age": {
        "17-26": {
            "loss": 0.4318783095365443,
            "acc": 0.7917808219178082
        },
        "26-33": {
            "loss": 0.9491105138078838,
            "acc": 0.7030042918454935
        },
        "33-41": {
            "loss": 1.4200805148060398,
            "acc": 0.6150375939849624
        },
        "41-50": {
            "loss": 1.608147123529101,
            "acc": 0.5741626794258373
        },
        "50-90": {
            "loss": 1.469522437070014,
            "acc": 0.6167434715821812
        }
    },
    "education": {
        " 10th": {
            "loss": 0.6619926644036366,
            "acc": 0.7103825136612022
        },
        " 11th": {
            "loss": 0.6068407506265739,
            "acc": 0.7377777777777778
        },
        " 12th": {
            "loss": 0.6247312823213993,
            "acc": 0.7551020408163265
        },
        " 1st-4th": {
            "loss": 0.2866795956219909,
            "acc": 0.9130434782608695
        },
        " 5th-6th": {
            "loss": 0.4407548142163348,
            "acc": 0.7903225806451613
        },
        " 7th-8th": {
            "loss": 0.45709730068086224,
            "acc": 0.7730496453900709
        },
        " 9th": {
            "loss": 0.424018701316482,
            "acc": 0.7913043478260869
        },
        " Assoc-acdm": {
            "loss": 0.9620014797479494,
            "acc": 0.6919191919191919
        },
        " Assoc-voc": {
            "loss": 1.1627956298402322,
            "acc": 0.6813186813186813
        },
        " Bachelors": {
            "loss": 1.812876924457921,
            "acc": 0.5508072174738842
        },
        " Doctorate": {
            "loss": 3.082059720745845,
            "acc": 0.33766233766233766
        },
        " HS-grad": {
            "loss": 0.891904791890058,
            "acc": 0.710172744721689
        },
        " Masters": {
            "loss": 2.416698165592621,
            "acc": 0.4823848238482385
        },
        " Preschool": {
            "loss": 0.4647841963882285,
            "acc": 0.6
        },
        " Prof-school": {
            "loss": 2.890942276824546,
            "acc": 0.3217391304347826
        },
        " Some-college": {
            "loss": 0.9071125701753537,
            "acc": 0.7043771043771043
        }
    },
    "education-num": {
        "1-9": {
            "loss": 0.7920497176590354,
            "acc": 0.7228833730023801
        },
        "10-13": {
            "loss": 1.585878544219601,
            "acc": 0.59251968503937
        },
        "13-16": {
            "loss": 2.605238116641587,
            "acc": 0.4295900178253119
        },
        "9-10": {
            "loss": 0.9071125701753537,
            "acc": 0.7043771043771043
        }
    },
    "relationship": {
        " Husband": {
            "loss": 1.878733858738619,
            "acc": 0.5349555813055233
        },
        " Not-in-family": {
            "loss": 0.677324384499304,
            "acc": 0.7507348618459729
        },
        " Other-relative": {
            "loss": 0.4322500537037884,
            "acc": 0.7752808988764045
        },
        " Own-child": {
            "loss": 0.4403596691437446,
            "acc": 0.7841020608439647
        },
        " Unmarried": {
            "loss": 0.518543036482263,
            "acc": 0.7834757834757835
        },
        " Wife": {
            "loss": 2.015661207569316,
            "acc": 0.5186335403726708
        }
    },
    "race": {
        " Amer-Indian-Eskimo": {
            "loss": 0.6152268874249008,
            "acc": 0.6619718309859155
        },
        " Asian-Pac-Islander": {
            "loss": 1.6545780176656708,
            "acc": 0.5854922279792746
        },
        " Black": {
            "loss": 0.7581307581141308,
            "acc": 0.7312186978297162
        },
        " Other": {
            "loss": 0.4538693413502428,
            "acc": 0.7818181818181819
        },
        " White": {
            "loss": 1.2002145658628525,
            "acc": 0.6570713391739674
        }
    },
    "gender": {
        " Female": {
            "loss": 0.7160002668702891,
            "acc": 0.7445907808090311
        },
        " Male": {
            "loss": 1.3757540031484579,
            "acc": 0.6232611174458381
        }
    },
    "hours-per-week": {
        "1-35": {
            "loss": 0.5947654010465775,
            "acc": 0.7716827279466272
        },
        "35-40": {
            "loss": 1.0170188379684404,
            "acc": 0.677816345850426
        },
        "40-50": {
            "loss": 1.7512134919974138,
            "acc": 0.5770171149144254
        },
        "50-99": {
            "loss": 1.8027254477252952,
            "acc": 0.5469973890339426
        }
    }
}