{
    "age": {
        "17-26": {
            "loss": 0.294359229269073,
            "acc": 0.863013698630137
        },
        "26-33": {
            "loss": 0.29159944826822237,
            "acc": 0.8417884780739467
        },
        "33-41": {
            "loss": 0.2975465382522045,
            "acc": 0.8519909842223892
        },
        "41-50": {
            "loss": 0.2927036045092764,
            "acc": 0.861244019138756
        },
        "50-90": {
            "loss": 0.28653442011028196,
            "acc": 0.8625192012288786
        }
    },
    "education": {
        " 10th": {
            "loss": 0.33451494034208734,
            "acc": 0.8469945355191257
        },
        " 11th": {
            "loss": 0.2942377394473142,
            "acc": 0.8622222222222222
        },
        " 12th": {
            "loss": 0.3356597223045767,
            "acc": 0.8163265306122449
        },
        " 1st-4th": {
            "loss": 0.2451295028989691,
            "acc": 0.8695652173913043
        },
        " 5th-6th": {
            "loss": 0.24083799008605508,
            "acc": 0.8709677419354839
        },
        " 7th-8th": {
            "loss": 0.2632659448012036,
            "acc": 0.8857142857142857
        },
        " 9th": {
            "loss": 0.28565924596959824,
            "acc": 0.8608695652173913
        },
        " Assoc-acdm": {
            "loss": 0.3051043753276059,
            "acc": 0.8535353535353535
        },
        " Assoc-voc": {
            "loss": 0.27796850516670085,
            "acc": 0.8571428571428571
        },
        " Bachelors": {
            "loss": 0.2956971401546969,
            "acc": 0.8593155893536122
        },
        " Doctorate": {
            "loss": 0.3286326052682067,
            "acc": 0.8571428571428571
        },
        " HS-grad": {
            "loss": 0.28977004446886956,
            "acc": 0.8541266794625719
        },
        " Masters": {
            "loss": 0.27314780245602616,
            "acc": 0.8699186991869918
        },
        " Preschool": {
            "loss": 0.3841862679850875,
            "acc": 0.7
        },
        " Prof-school": {
            "loss": 0.2912891983930716,
            "acc": 0.8448275862068966
        },
        " Some-college": {
            "loss": 0.2959440814944778,
            "acc": 0.8558922558922559
        }
    },
    "education-num": {
        "1-9": {
            "loss": 0.2919438752067198,
            "acc": 0.8547619047619047
        },
        "10-13": {
            "loss": 0.2937422584820194,
            "acc": 0.8581746552856205
        },
        "13-16": {
            "loss": 0.28449430022334854,
            "acc": 0.8629893238434164
        },
        "9-10": {
            "loss": 0.2959440814944778,
            "acc": 0.8558922558922559
        }
    },
    "relationship": {
        " Husband": {
            "loss": 0.2910864201916153,
            "acc": 0.8567567567567568
        },
        " Not-in-family": {
            "loss": 0.28828074137630594,
            "acc": 0.8605882352941177
        },
        " Other-relative": {
            "loss": 0.20434541783021032,
            "acc": 0.9269662921348315
        },
        " Own-child": {
            "loss": 0.31596130529035,
            "acc": 0.843811394891945
        },
        " Unmarried": {
            "loss": 0.2962323865711186,
            "acc": 0.8504273504273504
        },
        " Wife": {
            "loss": 0.2952760663118375,
            "acc": 0.8478260869565217
        }
    },
    "race": {
        " Amer-Indian-Eskimo": {
            "loss": 0.29862929649868697,
            "acc": 0.8309859154929577
        },
        " Asian-Pac-Islander": {
            "loss": 0.2600017882454326,
            "acc": 0.8911917098445595
        },
        " Black": {
            "loss": 0.29094818286738366,
            "acc": 0.8514190317195326
        },
        " Other": {
            "loss": 0.3137312209985746,
            "acc": 0.8363636363636363
        },
        " White": {
            "loss": 0.293657190029584,
            "acc": 0.8564020028612304
        }
    },
    "gender": {
        " Female": {
            "loss": 0.2979372751076405,
            "acc": 0.8545882352941176
        },
        " Male": {
            "loss": 0.290063968282089,
            "acc": 0.8574686431014823
        }
    },
    "hours-per-week": {
        "1-35": {
            "loss": 0.27179096661318514,
            "acc": 0.8754633061527057
        },
        "35-40": {
            "loss": 0.30526699373223637,
            "acc": 0.84559520050521
        },
        "40-50": {
            "loss": 0.28036373045322954,
            "acc": 0.8614506927465363
        },
        "50-99": {
            "loss": 0.2967592309561978,
            "acc": 0.8604954367666232
        }
    }
}