{
    "forget_x": [
        0,
        0,
        0,
        1,
        0,
        0,
        0,
        0,
        0,
        0,
        0,
        0,
        0,
        0,
        0,
        0,
        1,
        0,
        0,
        0,
        0,
        1,
        0,
        0,
        0,
        1,
        0,
        0,
        0,
        0,
        0,
        0,
        0,
        0,
        0,
        1,
        0,
        1,
        1,
        0,
        0,
        0
    ],
    "forget_y": 0,
    "sample": {
        "age": "26-33",
        "education": " 7th-8th",
        "education-num": "1-9",
        "relationship": " Own-child",
        "race": " White",
        "gender": " Male",
        "hours-per-week": "35-40",
        "income": "<50k"
    },
    "performance": {
        "age": {
            "17-26": {
                "loss": 0.30838374459879725,
                "acc": 0.8445205479452055
            },
            "26-33": {
                "loss": 0.3033026239795701,
                "acc": 0.8486672398968186
            },
            "33-41": {
                "loss": 0.308931942932228,
                "acc": 0.845229151014275
            },
            "41-50": {
                "loss": 0.3050436770210572,
                "acc": 0.8572567783094099
            },
            "50-90": {
                "loss": 0.293976969296552,
                "acc": 0.8517665130568356
            }
        },
        "education": {
            " 10th": {
                "loss": 0.340651314551829,
                "acc": 0.8579234972677595
            },
            " 11th": {
                "loss": 0.30704079998902856,
                "acc": 0.8844444444444445
            },
            " 12th": {
                "loss": 0.37306058482087223,
                "acc": 0.8367346938775511
            },
            " 1st-4th": {
                "loss": 0.25873827125036414,
                "acc": 0.8695652173913043
            },
            " 5th-6th": {
                "loss": 0.26784746499110434,
                "acc": 0.8225806451612904
            },
            " 7th-8th": {
                "loss": 0.27610253886860975,
                "acc": 0.85
            },
            " 9th": {
                "loss": 0.27319068428297455,
                "acc": 0.8956521739130435
            },
            " Assoc-acdm": {
                "loss": 0.32657599824587474,
                "acc": 0.8232323232323232
            },
            " Assoc-voc": {
                "loss": 0.30032367329552323,
                "acc": 0.8424908424908425
            },
            " Bachelors": {
                "loss": 0.30992550533749696,
                "acc": 0.841254752851711
            },
            " Doctorate": {
                "loss": 0.342906941479631,
                "acc": 0.8441558441558441
            },
            " HS-grad": {
                "loss": 0.2979972424294368,
                "acc": 0.8488483685220729
            },
            " Masters": {
                "loss": 0.2819556004519163,
                "acc": 0.8563685636856369
            },
            " Preschool": {
                "loss": 0.45612948723232594,
                "acc": 0.7
            },
            " Prof-school": {
                "loss": 0.27692380113351567,
                "acc": 0.8706896551724138
            },
            " Some-college": {
                "loss": 0.30841219031220846,
                "acc": 0.8498316498316498
            }
        },
        "education-num": {
            "1-9": {
                "loss": 0.30142845686074493,
                "acc": 0.8527210884353742
            },
            "10-13": {
                "loss": 0.31036903616376027,
                "acc": 0.8391332895600788
            },
            "13-16": {
                "loss": 0.2892679928686416,
                "acc": 0.8576512455516014
            },
            "9-10": {
                "loss": 0.30841219031220846,
                "acc": 0.8498316498316498
            }
        },
        "relationship": {
            " Husband": {
                "loss": 0.304023386924009,
                "acc": 0.8528957528957529
            },
            " Not-in-family": {
                "loss": 0.29510370126207364,
                "acc": 0.8464705882352941
            },
            " Other-relative": {
                "loss": 0.21721381263015668,
                "acc": 0.8932584269662921
            },
            " Own-child": {
                "loss": 0.3288601851455386,
                "acc": 0.8300589390962672
            },
            " Unmarried": {
                "loss": 0.31063657595618294,
                "acc": 0.8575498575498576
            },
            " Wife": {
                "loss": 0.30697190101716204,
                "acc": 0.8540372670807453
            }
        },
        "race": {
            " Amer-Indian-Eskimo": {
                "loss": 0.3150812298333583,
                "acc": 0.8169014084507042
            },
            " Asian-Pac-Islander": {
                "loss": 0.2833523416587863,
                "acc": 0.8704663212435233
            },
            " Black": {
                "loss": 0.31357045372180037,
                "acc": 0.8447412353923205
            },
            " Other": {
                "loss": 0.3073989045711509,
                "acc": 0.8545454545454545
            },
            " White": {
                "loss": 0.3035870903191555,
                "acc": 0.8494277539341917
            }
        },
        "gender": {
            " Female": {
                "loss": 0.3101418303371909,
                "acc": 0.8461176470588235
            },
            " Male": {
                "loss": 0.30111768081807855,
                "acc": 0.8508551881413912
            }
        },
        "hours-per-week": {
            "1-35": {
                "loss": 0.28563073950003337,
                "acc": 0.8650852483320979
            },
            "35-40": {
                "loss": 0.31643717636898056,
                "acc": 0.8395958320176824
            },
            "40-50": {
                "loss": 0.29387391402119695,
                "acc": 0.8533007334963325
            },
            "50-99": {
                "loss": 0.301690641725799,
                "acc": 0.8552803129074316
            }
        }
    }
}