{
    "age": {
        "17-26": {
            "loss": 0.5310587417807616,
            "acc": 0.7417808219178083
        },
        "26-33": {
            "loss": 1.0884121717441755,
            "acc": 0.6718213058419243
        },
        "33-41": {
            "loss": 1.6153444520526394,
            "acc": 0.5972952667167544
        },
        "41-50": {
            "loss": 1.833320650969991,
            "acc": 0.5669856459330144
        },
        "50-90": {
            "loss": 1.7044487441656162,
            "acc": 0.6006144393241167
        }
    },
    "education": {
        " 10th": {
            "loss": 0.8308311854979438,
            "acc": 0.6612021857923497
        },
        " 11th": {
            "loss": 0.7192494556360827,
            "acc": 0.6933333333333334
        },
        " 12th": {
            "loss": 0.6966671432221389,
            "acc": 0.7346938775510204
        },
        " 1st-4th": {
            "loss": 0.3320471224255222,
            "acc": 0.8260869565217391
        },
        " 5th-6th": {
            "loss": 0.5824869178973616,
            "acc": 0.7258064516129032
        },
        " 7th-8th": {
            "loss": 0.551227997059844,
            "acc": 0.7285714285714285
        },
        " 9th": {
            "loss": 0.502621745999729,
            "acc": 0.7739130434782608
        },
        " Assoc-acdm": {
            "loss": 1.1359207573739891,
            "acc": 0.6717171717171717
        },
        " Assoc-voc": {
            "loss": 1.3500700283004974,
            "acc": 0.6410256410256411
        },
        " Bachelors": {
            "loss": 2.0619178615039124,
            "acc": 0.5346628679962013
        },
        " Doctorate": {
            "loss": 3.450704319156759,
            "acc": 0.37662337662337664
        },
        " HS-grad": {
            "loss": 1.0701629977582745,
            "acc": 0.6837811900191939
        },
        " Masters": {
            "loss": 2.6407287293315047,
            "acc": 0.4634146341463415
        },
        " Preschool": {
            "loss": 0.6242248434333388,
            "acc": 0.6
        },
        " Prof-school": {
            "loss": 3.22406757138671,
            "acc": 0.3706896551724138
        },
        " Some-college": {
            "loss": 1.0332109135467198,
            "acc": 0.6760942760942761
        }
    },
    "education-num": {
        "1-9": {
            "loss": 0.9514738923014794,
            "acc": 0.6921768707482994
        },
        "10-13": {
            "loss": 1.8140951022635834,
            "acc": 0.571522309711286
        },
        "13-16": {
            "loss": 2.8721084910662866,
            "acc": 0.43238434163701067
        },
        "9-10": {
            "loss": 1.0332109135467198,
            "acc": 0.6760942760942761
        }
    },
    "relationship": {
        " Husband": {
            "loss": 2.143242047529677,
            "acc": 0.5293436293436293
        },
        " Not-in-family": {
            "loss": 0.7908568453506015,
            "acc": 0.7189888300999412
        },
        " Other-relative": {
            "loss": 0.5156504593930887,
            "acc": 0.7471910112359551
        },
        " Own-child": {
            "loss": 0.5407839129939238,
            "acc": 0.7337917485265226
        },
        " Unmarried": {
            "loss": 0.6028421128077399,
            "acc": 0.7364672364672364
        },
        " Wife": {
            "loss": 2.325198734093629,
            "acc": 0.5031055900621118
        }
    },
    "race": {
        " Amer-Indian-Eskimo": {
            "loss": 0.6493808861824613,
            "acc": 0.6338028169014085
        },
        " Asian-Pac-Islander": {
            "loss": 1.777127323507944,
            "acc": 0.5699481865284974
        },
        " Black": {
            "loss": 0.888587836022367,
            "acc": 0.7011686143572621
        },
        " Other": {
            "loss": 0.4867526893346227,
            "acc": 0.6727272727272727
        },
        " White": {
            "loss": 1.3878652297095306,
            "acc": 0.6331128195959235
        }
    },
    "gender": {
        " Female": {
            "loss": 0.8399097780593293,
            "acc": 0.7031984948259643
        },
        " Male": {
            "loss": 1.5792039155434585,
            "acc": 0.606157354618016
        }
    },
    "hours-per-week": {
        "1-35": {
            "loss": 0.7036166557791249,
            "acc": 0.7309117865085248
        },
        "35-40": {
            "loss": 1.1688047439794151,
            "acc": 0.6474116161616161
        },
        "40-50": {
            "loss": 2.01841106589018,
            "acc": 0.5696821515892421
        },
        "50-99": {
            "loss": 2.0624702508371633,
            "acc": 0.5436766623207301
        }
    }
}