{
    "age": {
        "17-26": {
            "loss": 0.5025406640874158,
            "acc": 0.7719178082191781
        },
        "26-33": {
            "loss": 1.034864804717097,
            "acc": 0.6987124463519313
        },
        "33-41": {
            "loss": 1.5237310755062428,
            "acc": 0.6063110443275732
        },
        "41-50": {
            "loss": 1.723490015121766,
            "acc": 0.5789473684210527
        },
        "50-90": {
            "loss": 1.5738263734622935,
            "acc": 0.6095311299000769
        }
    },
    "education": {
        " 10th": {
            "loss": 0.7072575165256734,
            "acc": 0.7049180327868853
        },
        " 11th": {
            "loss": 0.673244420491619,
            "acc": 0.7111111111111111
        },
        " 12th": {
            "loss": 0.6587921421017852,
            "acc": 0.7551020408163265
        },
        " 1st-4th": {
            "loss": 0.3444781723219045,
            "acc": 0.8695652173913043
        },
        " 5th-6th": {
            "loss": 0.5433531499647637,
            "acc": 0.7258064516129032
        },
        " 7th-8th": {
            "loss": 0.5104413113768187,
            "acc": 0.7659574468085106
        },
        " 9th": {
            "loss": 0.4894824199225173,
            "acc": 0.8
        },
        " Assoc-acdm": {
            "loss": 1.1096725717873415,
            "acc": 0.6868686868686869
        },
        " Assoc-voc": {
            "loss": 1.2507654910152317,
            "acc": 0.6666666666666666
        },
        " Bachelors": {
            "loss": 1.9445560625990617,
            "acc": 0.5584045584045584
        },
        " Doctorate": {
            "loss": 3.346798335306718,
            "acc": 0.36363636363636365
        },
        " HS-grad": {
            "loss": 0.9809323594104041,
            "acc": 0.6981765834932822
        },
        " Masters": {
            "loss": 2.557296596980948,
            "acc": 0.47696476964769646
        },
        " Preschool": {
            "loss": 0.6026018378740876,
            "acc": 0.5
        },
        " Prof-school": {
            "loss": 2.9165685225037006,
            "acc": 0.3448275862068966
        },
        " Some-college": {
            "loss": 0.9852598184628442,
            "acc": 0.6933962264150944
        }
    },
    "education-num": {
        "1-9": {
            "loss": 0.8723673586899865,
            "acc": 0.7099625977558653
        },
        "10-13": {
            "loss": 1.711805565733506,
            "acc": 0.594488188976378
        },
        "13-16": {
            "loss": 2.7396225350801036,
            "acc": 0.43416370106761565
        },
        "9-10": {
            "loss": 0.9852598184628442,
            "acc": 0.6933962264150944
        }
    },
    "relationship": {
        " Husband": {
            "loss": 1.997119932868677,
            "acc": 0.5341830822711472
        },
        " Not-in-family": {
            "loss": 0.753310633034367,
            "acc": 0.7419165196942975
        },
        " Other-relative": {
            "loss": 0.4598412831805502,
            "acc": 0.7696629213483146
        },
        " Own-child": {
            "loss": 0.509296009390778,
            "acc": 0.7703631010794897
        },
        " Unmarried": {
            "loss": 0.5888336320778448,
            "acc": 0.7621082621082621
        },
        " Wife": {
            "loss": 2.2053013500513283,
            "acc": 0.5124223602484472
        }
    },
    "race": {
        " Amer-Indian-Eskimo": {
            "loss": 0.6963691089755635,
            "acc": 0.6619718309859155
        },
        " Asian-Pac-Islander": {
            "loss": 1.7400257208143632,
            "acc": 0.5854922279792746
        },
        " Black": {
            "loss": 0.836720021664983,
            "acc": 0.7178631051752922
        },
        " Other": {
            "loss": 0.5156476112527996,
            "acc": 0.7454545454545455
        },
        " White": {
            "loss": 1.2983004535934743,
            "acc": 0.6500983372072233
        }
    },
    "gender": {
        " Female": {
            "loss": 0.7978039804883175,
            "acc": 0.7333019755409219
        },
        " Male": {
            "loss": 1.4777847792202536,
            "acc": 0.6175598631698974
        }
    },
    "hours-per-week": {
        "1-35": {
            "loss": 0.6639947267066701,
            "acc": 0.7561156412157154
        },
        "35-40": {
            "loss": 1.0995534711406134,
            "acc": 0.6680340801514674
        },
        "40-50": {
            "loss": 1.8755733726533856,
            "acc": 0.5770171149144254
        },
        "50-99": {
            "loss": 1.9512730480174785,
            "acc": 0.5509138381201044
        }
    }
}