{
    "forget_x": [
        0,
        0,
        0,
        1,
        0,
        0,
        0,
        0,
        0,
        0,
        0,
        0,
        0,
        0,
        0,
        0,
        1,
        0,
        0,
        0,
        0,
        1,
        0,
        0,
        0,
        0,
        1,
        0,
        0,
        0,
        0,
        0,
        0,
        0,
        0,
        1,
        1,
        0,
        0,
        1,
        0,
        0
    ],
    "forget_y": 0,
    "sample": {
        "age": "50-90",
        "education": " Some-college",
        "education-num": "9-10",
        "relationship": " Husband",
        "race": " White",
        "gender": " Male",
        "hours-per-week": "50-99",
        "income": "<50k"
    },
    "performance": {
        "age": {
            "17-26": {
                "loss": 0.3019633164425196,
                "acc": 0.8541095890410959
            },
            "26-33": {
                "loss": 0.29725449251622676,
                "acc": 0.8427835051546392
            },
            "33-41": {
                "loss": 0.3010074761700152,
                "acc": 0.8519909842223892
            },
            "41-50": {
                "loss": 0.3011073618606604,
                "acc": 0.8588516746411483
            },
            "50-90": {
                "loss": 0.29109778761717875,
                "acc": 0.8601076095311299
            }
        },
        "education": {
            " 10th": {
                "loss": 0.3319191938217735,
                "acc": 0.8415300546448088
            },
            " 11th": {
                "loss": 0.30028537423543483,
                "acc": 0.8577777777777778
            },
            " 12th": {
                "loss": 0.3436844665691527,
                "acc": 0.8061224489795918
            },
            " 1st-4th": {
                "loss": 0.22795193887565898,
                "acc": 0.8695652173913043
            },
            " 5th-6th": {
                "loss": 0.24421328508446732,
                "acc": 0.8709677419354839
            },
            " 7th-8th": {
                "loss": 0.26518613619266695,
                "acc": 0.8936170212765957
            },
            " 9th": {
                "loss": 0.2942482738552992,
                "acc": 0.8608695652173913
            },
            " Assoc-acdm": {
                "loss": 0.32562906942187664,
                "acc": 0.8282828282828283
            },
            " Assoc-voc": {
                "loss": 0.29149091406243716,
                "acc": 0.8571428571428571
            },
            " Bachelors": {
                "loss": 0.3012771257632309,
                "acc": 0.8526615969581749
            },
            " Doctorate": {
                "loss": 0.33411060954619864,
                "acc": 0.8311688311688312
            },
            " HS-grad": {
                "loss": 0.2961518017861193,
                "acc": 0.8498080614203455
            },
            " Masters": {
                "loss": 0.27399864021267106,
                "acc": 0.8780487804878049
            },
            " Preschool": {
                "loss": 0.3978056453372688,
                "acc": 0.8
            },
            " Prof-school": {
                "loss": 0.2928829519446597,
                "acc": 0.853448275862069
            },
            " Some-college": {
                "loss": 0.3013868602534933,
                "acc": 0.8571428571428571
            }
        },
        "education-num": {
            "1-9": {
                "loss": 0.29743584690162606,
                "acc": 0.8514110846650799
            },
            "10-13": {
                "loss": 0.30268884542842783,
                "acc": 0.8502954694681549
            },
            "13-16": {
                "loss": 0.28613245124397413,
                "acc": 0.8665480427046264
            },
            "9-10": {
                "loss": 0.3013868602534933,
                "acc": 0.8571428571428571
            }
        },
        "relationship": {
            " Husband": {
                "loss": 0.29748956352310046,
                "acc": 0.8586326767091541
            },
            " Not-in-family": {
                "loss": 0.2907611235328869,
                "acc": 0.8523529411764705
            },
            " Other-relative": {
                "loss": 0.20663533639314355,
                "acc": 0.9213483146067416
            },
            " Own-child": {
                "loss": 0.3223903496070017,
                "acc": 0.8429833169774289
            },
            " Unmarried": {
                "loss": 0.31064042884411247,
                "acc": 0.8461538461538461
            },
            " Wife": {
                "loss": 0.29800511924589335,
                "acc": 0.8354037267080745
            }
        },
        "race": {
            " Amer-Indian-Eskimo": {
                "loss": 0.2952020129870898,
                "acc": 0.8169014084507042
            },
            " Asian-Pac-Islander": {
                "loss": 0.26521386717224515,
                "acc": 0.8911917098445595
            },
            " Black": {
                "loss": 0.29405718062533326,
                "acc": 0.8530884808013356
            },
            " Other": {
                "loss": 0.3049460736466463,
                "acc": 0.8545454545454545
            },
            " White": {
                "loss": 0.30020754131062216,
                "acc": 0.8530042918454935
            }
        },
        "gender": {
            " Female": {
                "loss": 0.30402021305450794,
                "acc": 0.8494117647058823
            },
            " Male": {
                "loss": 0.2959579299429053,
                "acc": 0.8558722919042189
            }
        },
        "hours-per-week": {
            "1-35": {
                "loss": 0.27480505425861995,
                "acc": 0.8724981467753892
            },
            "35-40": {
                "loss": 0.31220371541748104,
                "acc": 0.8440656565656566
            },
            "40-50": {
                "loss": 0.28395240916602654,
                "acc": 0.8590057049714751
            },
            "50-99": {
                "loss": 0.30761812122232607,
                "acc": 0.8524804177545692
            }
        }
    }
}