{
    "age": {
        "17-26": {
            "loss": 0.301300291350502,
            "acc": 0.8554794520547945
        },
        "26-33": {
            "loss": 0.29442520319187016,
            "acc": 0.8573883161512027
        },
        "33-41": {
            "loss": 0.29662967015482805,
            "acc": 0.8527422990232908
        },
        "41-50": {
            "loss": 0.2942476214173463,
            "acc": 0.8604465709728868
        },
        "50-90": {
            "loss": 0.2906531447377101,
            "acc": 0.8562644119907763
        }
    },
    "education": {
        " 10th": {
            "loss": 0.3348665631864376,
            "acc": 0.8469945355191257
        },
        " 11th": {
            "loss": 0.3021327653855972,
            "acc": 0.8755555555555555
        },
        " 12th": {
            "loss": 0.34776812562052234,
            "acc": 0.826530612244898
        },
        " 1st-4th": {
            "loss": 0.22772486855410218,
            "acc": 0.8695652173913043
        },
        " 5th-6th": {
            "loss": 0.2419697345219304,
            "acc": 0.8548387096774194
        },
        " 7th-8th": {
            "loss": 0.26900424279418716,
            "acc": 0.8794326241134752
        },
        " 9th": {
            "loss": 0.28631760209875906,
            "acc": 0.8695652173913043
        },
        " Assoc-acdm": {
            "loss": 0.3144666490910925,
            "acc": 0.8333333333333334
        },
        " Assoc-voc": {
            "loss": 0.2908648264209509,
            "acc": 0.8608058608058609
        },
        " Bachelors": {
            "loss": 0.29767412857968695,
            "acc": 0.8631178707224335
        },
        " Doctorate": {
            "loss": 0.3195566306626298,
            "acc": 0.8441558441558441
        },
        " HS-grad": {
            "loss": 0.2909310544733415,
            "acc": 0.8517274472168906
        },
        " Masters": {
            "loss": 0.27708851805707724,
            "acc": 0.8617886178861789
        },
        " Preschool": {
            "loss": 0.3926799770267605,
            "acc": 0.7
        },
        " Prof-school": {
            "loss": 0.2852726959415975,
            "acc": 0.8620689655172413
        },
        " Some-college": {
            "loss": 0.2999448198795975,
            "acc": 0.8571428571428571
        }
    },
    "education-num": {
        "1-9": {
            "loss": 0.29400366027570296,
            "acc": 0.8541312478748725
        },
        "10-13": {
            "loss": 0.2986366890340039,
            "acc": 0.8588312541037426
        },
        "13-16": {
            "loss": 0.2845963637959245,
            "acc": 0.8594306049822064
        },
        "9-10": {
            "loss": 0.2999448198795975,
            "acc": 0.8571428571428571
        }
    },
    "relationship": {
        " Husband": {
            "loss": 0.2954521086077037,
            "acc": 0.8570876786404017
        },
        " Not-in-family": {
            "loss": 0.2868851469000317,
            "acc": 0.8641176470588235
        },
        " Other-relative": {
            "loss": 0.19936029963727875,
            "acc": 0.9269662921348315
        },
        " Own-child": {
            "loss": 0.3207176474277147,
            "acc": 0.8370951913640824
        },
        " Unmarried": {
            "loss": 0.30441006174139595,
            "acc": 0.8504273504273504
        },
        " Wife": {
            "loss": 0.29790736988237304,
            "acc": 0.84472049689441
        }
    },
    "race": {
        " Amer-Indian-Eskimo": {
            "loss": 0.2841317830990771,
            "acc": 0.8450704225352113
        },
        " Asian-Pac-Islander": {
            "loss": 0.2547870320800415,
            "acc": 0.9119170984455959
        },
        " Black": {
            "loss": 0.29993932843373544,
            "acc": 0.8447412353923205
        },
        " Other": {
            "loss": 0.3161692331536157,
            "acc": 0.8363636363636363
        },
        " White": {
            "loss": 0.2965217260510567,
            "acc": 0.8560443490701002
        }
    },
    "gender": {
        " Female": {
            "loss": 0.3004150855656528,
            "acc": 0.8541176470588235
        },
        " Male": {
            "loss": 0.2933107536139668,
            "acc": 0.8574686431014823
        }
    },
    "hours-per-week": {
        "1-35": {
            "loss": 0.2759520289219214,
            "acc": 0.8717568569310601
        },
        "35-40": {
            "loss": 0.3076409702000451,
            "acc": 0.8488005050505051
        },
        "40-50": {
            "loss": 0.28499591395806423,
            "acc": 0.8598207008964955
        },
        "50-99": {
            "loss": 0.29764209450169404,
            "acc": 0.8550913838120104
        }
    }
}