{
    "age": {
        "17-26": {
            "loss": 0.30019813764004505,
            "acc": 0.8602739726027397
        },
        "26-33": {
            "loss": 0.2876222283510045,
            "acc": 0.8470790378006873
        },
        "33-41": {
            "loss": 0.2974446340674987,
            "acc": 0.8533834586466166
        },
        "41-50": {
            "loss": 0.2942324263702137,
            "acc": 0.8604465709728868
        },
        "50-90": {
            "loss": 0.28619356856518635,
            "acc": 0.8632872503840245
        }
    },
    "education": {
        " 10th": {
            "loss": 0.33712310404831725,
            "acc": 0.8469945355191257
        },
        " 11th": {
            "loss": 0.30058619634771944,
            "acc": 0.8533333333333334
        },
        " 12th": {
            "loss": 0.3527184455349818,
            "acc": 0.8163265306122449
        },
        " 1st-4th": {
            "loss": 0.24356726839093784,
            "acc": 0.8695652173913043
        },
        " 5th-6th": {
            "loss": 0.2306399630092361,
            "acc": 0.8709677419354839
        },
        " 7th-8th": {
            "loss": 0.2573599053466215,
            "acc": 0.900709219858156
        },
        " 9th": {
            "loss": 0.28256215905724474,
            "acc": 0.8695652173913043
        },
        " Assoc-acdm": {
            "loss": 0.29482951899694027,
            "acc": 0.8535353535353535
        },
        " Assoc-voc": {
            "loss": 0.27675966387533507,
            "acc": 0.8717948717948718
        },
        " Bachelors": {
            "loss": 0.2956386220167033,
            "acc": 0.8591817316841104
        },
        " Doctorate": {
            "loss": 0.3350173445880945,
            "acc": 0.8441558441558441
        },
        " HS-grad": {
            "loss": 0.28965175883131683,
            "acc": 0.8512476007677543
        },
        " Masters": {
            "loss": 0.26780542911460214,
            "acc": 0.8780487804878049
        },
        " Preschool": {
            "loss": 0.39019862331047517,
            "acc": 0.8
        },
        " Prof-school": {
            "loss": 0.2848601836704725,
            "acc": 0.853448275862069
        },
        " Some-college": {
            "loss": 0.30158522608725147,
            "acc": 0.8565656565656565
        }
    },
    "education-num": {
        "1-9": {
            "loss": 0.2924556957987404,
            "acc": 0.8534512070724244
        },
        "10-13": {
            "loss": 0.29214705961821075,
            "acc": 0.8607095926412615
        },
        "13-16": {
            "loss": 0.2805343775486589,
            "acc": 0.8683274021352313
        },
        "9-10": {
            "loss": 0.30158522608725147,
            "acc": 0.8565656565656565
        }
    },
    "relationship": {
        " Husband": {
            "loss": 0.29427472794973275,
            "acc": 0.857915057915058
        },
        " Not-in-family": {
            "loss": 0.2846285347878889,
            "acc": 0.8582352941176471
        },
        " Other-relative": {
            "loss": 0.20036826132130525,
            "acc": 0.9213483146067416
        },
        " Own-child": {
            "loss": 0.32242575469705886,
            "acc": 0.8469087340529932
        },
        " Unmarried": {
            "loss": 0.29490953188992114,
            "acc": 0.8547008547008547
        },
        " Wife": {
            "loss": 0.28968992690808093,
            "acc": 0.8473520249221184
        }
    },
    "race": {
        " Amer-Indian-Eskimo": {
            "loss": 0.2859663569292424,
            "acc": 0.8309859154929577
        },
        " Asian-Pac-Islander": {
            "loss": 0.2671808053237224,
            "acc": 0.8756476683937824
        },
        " Black": {
            "loss": 0.29505930572285094,
            "acc": 0.8497495826377296
        },
        " Other": {
            "loss": 0.2858500011036642,
            "acc": 0.8545454545454545
        },
        " White": {
            "loss": 0.2943388100942036,
            "acc": 0.857653791130186
        }
    },
    "gender": {
        " Female": {
            "loss": 0.29635331113129726,
            "acc": 0.8564030131826742
        },
        " Male": {
            "loss": 0.29202461791200535,
            "acc": 0.8575011399908801
        }
    },
    "hours-per-week": {
        "1-35": {
            "loss": 0.2791815318842692,
            "acc": 0.8746290801186943
        },
        "35-40": {
            "loss": 0.30568966209524845,
            "acc": 0.8491161616161617
        },
        "40-50": {
            "loss": 0.2767703098386533,
            "acc": 0.8598207008964955
        },
        "50-99": {
            "loss": 0.294544566277911,
            "acc": 0.8552803129074316
        }
    }
}