{
    "forget_x": [
        0,
        0,
        1,
        0,
        0,
        0,
        0,
        0,
        0,
        0,
        0,
        0,
        0,
        0,
        1,
        0,
        0,
        0,
        0,
        0,
        0,
        0,
        1,
        0,
        0,
        1,
        0,
        0,
        0,
        0,
        0,
        0,
        0,
        0,
        0,
        1,
        0,
        1,
        0,
        0,
        1,
        0
    ],
    "forget_y": 1,
    "sample": {
        "age": "33-41",
        "education": " Bachelors",
        "education-num": "10-13",
        "relationship": " Wife",
        "race": " White",
        "gender": " Female",
        "hours-per-week": "1-35",
        "income": ">=50k"
    },
    "performance": {
        "age": {
            "17-26": {
                "loss": 0.30834518085090856,
                "acc": 0.8486301369863014
            },
            "26-33": {
                "loss": 0.3010421675764225,
                "acc": 0.8376288659793815
            },
            "33-41": {
                "loss": 0.30319721694805885,
                "acc": 0.8511278195488722
            },
            "41-50": {
                "loss": 0.3019971382882055,
                "acc": 0.8628389154704944
            },
            "50-90": {
                "loss": 0.29974040848653416,
                "acc": 0.8509984639016898
            }
        },
        "education": {
            " 10th": {
                "loss": 0.3464035842075515,
                "acc": 0.8360655737704918
            },
            " 11th": {
                "loss": 0.30556688915667596,
                "acc": 0.8622222222222222
            },
            " 12th": {
                "loss": 0.3349515408225611,
                "acc": 0.8061224489795918
            },
            " 1st-4th": {
                "loss": 0.2751838998787353,
                "acc": 0.8695652173913043
            },
            " 5th-6th": {
                "loss": 0.25316474588412374,
                "acc": 0.8709677419354839
            },
            " 7th-8th": {
                "loss": 0.2772837205178399,
                "acc": 0.8936170212765957
            },
            " 9th": {
                "loss": 0.30785053259529993,
                "acc": 0.8521739130434782
            },
            " Assoc-acdm": {
                "loss": 0.30378037961701415,
                "acc": 0.8484848484848485
            },
            " Assoc-voc": {
                "loss": 0.2838942281263662,
                "acc": 0.8608058608058609
            },
            " Bachelors": {
                "loss": 0.30433609904840053,
                "acc": 0.8525214081826832
            },
            " Doctorate": {
                "loss": 0.32272574333776566,
                "acc": 0.8441558441558441
            },
            " HS-grad": {
                "loss": 0.3014158429593856,
                "acc": 0.8459692898272553
            },
            " Masters": {
                "loss": 0.2835245744466759,
                "acc": 0.8617886178861789
            },
            " Preschool": {
                "loss": 0.36084049873882157,
                "acc": 0.9
            },
            " Prof-school": {
                "loss": 0.3104619061051319,
                "acc": 0.8448275862068966
            },
            " Some-college": {
                "loss": 0.30745381789725296,
                "acc": 0.8484848484848485
            }
        },
        "education-num": {
            "1-9": {
                "loss": 0.3037245625532454,
                "acc": 0.8486909214552874
            },
            "10-13": {
                "loss": 0.3005971613288676,
                "acc": 0.8534822601839684
            },
            "13-16": {
                "loss": 0.294455571736702,
                "acc": 0.8558718861209964
            },
            "9-10": {
                "loss": 0.30745381789725296,
                "acc": 0.8484848484848485
            }
        },
        "relationship": {
            " Husband": {
                "loss": 0.3042785621091687,
                "acc": 0.8486486486486486
            },
            " Not-in-family": {
                "loss": 0.293977810517702,
                "acc": 0.8552941176470589
            },
            " Other-relative": {
                "loss": 0.22184103488063356,
                "acc": 0.9044943820224719
            },
            " Own-child": {
                "loss": 0.3298461330199708,
                "acc": 0.8361138370951914
            },
            " Unmarried": {
                "loss": 0.29992520723042815,
                "acc": 0.8547008547008547
            },
            " Wife": {
                "loss": 0.307861700717685,
                "acc": 0.8442367601246106
            }
        },
        "race": {
            " Amer-Indian-Eskimo": {
                "loss": 0.29761279854972633,
                "acc": 0.8309859154929577
            },
            " Asian-Pac-Islander": {
                "loss": 0.267359748744024,
                "acc": 0.8911917098445595
            },
            " Black": {
                "loss": 0.2973817888128993,
                "acc": 0.8580968280467446
            },
            " Other": {
                "loss": 0.3265394329887221,
                "acc": 0.8363636363636363
            },
            " White": {
                "loss": 0.30471986201486817,
                "acc": 0.8485336194563662
            }
        },
        "gender": {
            " Female": {
                "loss": 0.3051174363009424,
                "acc": 0.853578154425612
            },
            " Male": {
                "loss": 0.30203974788004456,
                "acc": 0.8488372093023255
            }
        },
        "hours-per-week": {
            "1-35": {
                "loss": 0.2852074152433095,
                "acc": 0.8649851632047477
            },
            "35-40": {
                "loss": 0.3171114456646769,
                "acc": 0.8412247474747475
            },
            "40-50": {
                "loss": 0.28664913899960653,
                "acc": 0.8573757131214343
            },
            "50-99": {
                "loss": 0.3025144977038894,
                "acc": 0.8513689700130378
            }
        }
    }
}