{
    "age": {
        "17-26": {
            "loss": 0.4727305466376235,
            "acc": 0.7746575342465754
        },
        "26-33": {
            "loss": 1.0680122637543867,
            "acc": 0.6927038626609442
        },
        "33-41": {
            "loss": 1.5851017775074658,
            "acc": 0.6097744360902255
        },
        "41-50": {
            "loss": 1.7904338232344683,
            "acc": 0.580542264752791
        },
        "50-90": {
            "loss": 1.6502905151251235,
            "acc": 0.6075268817204301
        }
    },
    "education": {
        " 10th": {
            "loss": 0.7337341638089364,
            "acc": 0.7213114754098361
        },
        " 11th": {
            "loss": 0.6778981528144553,
            "acc": 0.72
        },
        " 12th": {
            "loss": 0.6521985737086554,
            "acc": 0.7653061224489796
        },
        " 1st-4th": {
            "loss": 0.2894262531695372,
            "acc": 0.8695652173913043
        },
        " 5th-6th": {
            "loss": 0.5353588521432985,
            "acc": 0.7419354838709677
        },
        " 7th-8th": {
            "loss": 0.4801107267173401,
            "acc": 0.7872340425531915
        },
        " 9th": {
            "loss": 0.4451738303243197,
            "acc": 0.808695652173913
        },
        " Assoc-acdm": {
            "loss": 1.019680455499338,
            "acc": 0.702020202020202
        },
        " Assoc-voc": {
            "loss": 1.2969819963088434,
            "acc": 0.6556776556776557
        },
        " Bachelors": {
            "loss": 2.0725498035461736,
            "acc": 0.5484790874524715
        },
        " Doctorate": {
            "loss": 3.3431012944284118,
            "acc": 0.36363636363636365
        },
        " HS-grad": {
            "loss": 0.9932457607443179,
            "acc": 0.7000959692898272
        },
        " Masters": {
            "loss": 2.7126087894319246,
            "acc": 0.45799457994579945
        },
        " Preschool": {
            "loss": 0.47368103489423935,
            "acc": 0.7
        },
        " Prof-school": {
            "loss": 3.147856293361687,
            "acc": 0.35344827586206895
        },
        " Some-college": {
            "loss": 1.0050868720750876,
            "acc": 0.6936026936026936
        }
    },
    "education-num": {
        "1-9": {
            "loss": 0.8786523386379013,
            "acc": 0.7157429445766746
        },
        "10-13": {
            "loss": 1.7966481999420596,
            "acc": 0.587655942219304
        },
        "13-16": {
            "loss": 2.888830556941858,
            "acc": 0.4234875444839858
        },
        "9-10": {
            "loss": 1.0050868720750876,
            "acc": 0.6936026936026936
        }
    },
    "relationship": {
        " Husband": {
            "loss": 2.099312506713798,
            "acc": 0.5328185328185329
        },
        " Not-in-family": {
            "loss": 0.7517475867829708,
            "acc": 0.7448559670781894
        },
        " Other-relative": {
            "loss": 0.45551753112413146,
            "acc": 0.7696629213483146
        },
        " Own-child": {
            "loss": 0.48622587067826695,
            "acc": 0.7752698724239451
        },
        " Unmarried": {
            "loss": 0.5560519995693641,
            "acc": 0.7621082621082621
        },
        " Wife": {
            "loss": 2.3478245810378193,
            "acc": 0.4953271028037383
        }
    },
    "race": {
        " Amer-Indian-Eskimo": {
            "loss": 0.6346497241450407,
            "acc": 0.6901408450704225
        },
        " Asian-Pac-Islander": {
            "loss": 1.8143762009228226,
            "acc": 0.5647668393782384
        },
        " Black": {
            "loss": 0.8237158702994609,
            "acc": 0.7078464106844741
        },
        " Other": {
            "loss": 0.4904685665750512,
            "acc": 0.7454545454545455
        },
        " White": {
            "loss": 1.3446937600241797,
            "acc": 0.6517074915072412
        }
    },
    "gender": {
        " Female": {
            "loss": 0.8023336307399567,
            "acc": 0.7308235294117648
        },
        " Male": {
            "loss": 1.5347764589959474,
            "acc": 0.6190150478796169
        }
    },
    "hours-per-week": {
        "1-35": {
            "loss": 0.6637497333585659,
            "acc": 0.7589020771513353
        },
        "35-40": {
            "loss": 1.1178449458010495,
            "acc": 0.6683496371094982
        },
        "40-50": {
            "loss": 1.9871716389079013,
            "acc": 0.5762021189894051
        },
        "50-99": {
            "loss": 2.0352589826959355,
            "acc": 0.5475880052151239
        }
    }
}