{
    "age": {
        "17-26": {
            "loss": 0.30636312003412075,
            "acc": 0.8547945205479452
        },
        "26-33": {
            "loss": 0.2994214162669568,
            "acc": 0.8496563573883161
        },
        "33-41": {
            "loss": 0.29877741608998304,
            "acc": 0.8541353383458646
        },
        "41-50": {
            "loss": 0.3005537038389526,
            "acc": 0.8500797448165869
        },
        "50-90": {
            "loss": 0.28803418975849426,
            "acc": 0.858678955453149
        }
    },
    "education": {
        " 10th": {
            "loss": 0.32864592297231787,
            "acc": 0.8524590163934426
        },
        " 11th": {
            "loss": 0.31289621241277144,
            "acc": 0.8266666666666667
        },
        " 12th": {
            "loss": 0.37042383697908277,
            "acc": 0.8061224489795918
        },
        " 1st-4th": {
            "loss": 0.23681636853320343,
            "acc": 0.9130434782608695
        },
        " 5th-6th": {
            "loss": 0.2537117283567601,
            "acc": 0.8709677419354839
        },
        " 7th-8th": {
            "loss": 0.27002066508018474,
            "acc": 0.8865248226950354
        },
        " 9th": {
            "loss": 0.2803628763218293,
            "acc": 0.8782608695652174
        },
        " Assoc-acdm": {
            "loss": 0.3123815360368668,
            "acc": 0.8383838383838383
        },
        " Assoc-voc": {
            "loss": 0.29256566264433687,
            "acc": 0.8717948717948718
        },
        " Bachelors": {
            "loss": 0.3015517732532823,
            "acc": 0.8517110266159695
        },
        " Doctorate": {
            "loss": 0.3276201525859362,
            "acc": 0.8421052631578947
        },
        " HS-grad": {
            "loss": 0.2946565332698514,
            "acc": 0.8507677543186181
        },
        " Masters": {
            "loss": 0.2763477354361011,
            "acc": 0.8672086720867209
        },
        " Preschool": {
            "loss": 0.37879882857199526,
            "acc": 0.8
        },
        " Prof-school": {
            "loss": 0.2784680920879442,
            "acc": 0.8620689655172413
        },
        " Some-college": {
            "loss": 0.30356106880874084,
            "acc": 0.8552188552188552
        }
    },
    "education-num": {
        "1-9": {
            "loss": 0.2979221827706721,
            "acc": 0.8510710642638558
        },
        "10-13": {
            "loss": 0.30134893992098233,
            "acc": 0.8535784635587655
        },
        "13-16": {
            "loss": 0.283732165159811,
            "acc": 0.8627450980392157
        },
        "9-10": {
            "loss": 0.30356106880874084,
            "acc": 0.8552188552188552
        }
    },
    "relationship": {
        " Husband": {
            "loss": 0.2968151747774721,
            "acc": 0.8548262548262548
        },
        " Not-in-family": {
            "loss": 0.293154651318179,
            "acc": 0.859329017068864
        },
        " Other-relative": {
            "loss": 0.19702022596168453,
            "acc": 0.9044943820224719
        },
        " Own-child": {
            "loss": 0.3300692437488257,
            "acc": 0.8370951913640824
        },
        " Unmarried": {
            "loss": 0.3010270655288947,
            "acc": 0.8475783475783476
        },
        " Wife": {
            "loss": 0.2967493540313038,
            "acc": 0.8509316770186336
        }
    },
    "race": {
        " Amer-Indian-Eskimo": {
            "loss": 0.295429484707,
            "acc": 0.8309859154929577
        },
        " Asian-Pac-Islander": {
            "loss": 0.2570431101208192,
            "acc": 0.8963730569948186
        },
        " Black": {
            "loss": 0.30351082821905173,
            "acc": 0.8530884808013356
        },
        " Other": {
            "loss": 0.3119465396780005,
            "acc": 0.8545454545454545
        },
        " White": {
            "loss": 0.2996353089075141,
            "acc": 0.8524678111587983
        }
    },
    "gender": {
        " Female": {
            "loss": 0.3057889088736165,
            "acc": 0.8502824858757062
        },
        " Male": {
            "loss": 0.29539668591342305,
            "acc": 0.8552211582307342
        }
    },
    "hours-per-week": {
        "1-35": {
            "loss": 0.27370512818835313,
            "acc": 0.8724981467753892
        },
        "35-40": {
            "loss": 0.31339107122380316,
            "acc": 0.8462752525252525
        },
        "40-50": {
            "loss": 0.28801394736240093,
            "acc": 0.8516707416462918
        },
        "50-99": {
            "loss": 0.29981887974813964,
            "acc": 0.8537859007832899
        }
    }
}