{
    "forget_x": [
        1,
        0,
        0,
        0,
        0,
        0,
        0,
        0,
        0,
        0,
        0,
        0,
        0,
        0,
        0,
        0,
        1,
        0,
        0,
        0,
        0,
        1,
        0,
        0,
        0,
        0,
        0,
        0,
        1,
        0,
        0,
        0,
        0,
        0,
        0,
        1,
        0,
        1,
        0,
        1,
        0,
        0
    ],
    "forget_y": 0,
    "sample": {
        "age": "33-41",
        "education": " Doctorate",
        "education-num": "13-16",
        "relationship": " Not-in-family",
        "race": " White",
        "gender": " Female",
        "hours-per-week": "50-99",
        "income": ">=50k"
    },
    "performance": {
        "age": {
            "17-26": {
                "loss": 0.29606045101923717,
                "acc": 0.863013698630137
            },
            "26-33": {
                "loss": 0.291913988648767,
                "acc": 0.8462199312714777
            },
            "33-41": {
                "loss": 0.2960681389651437,
                "acc": 0.850375939849624
            },
            "41-50": {
                "loss": 0.2925665400134703,
                "acc": 0.8636363636363636
            },
            "50-90": {
                "loss": 0.2864841286833652,
                "acc": 0.8625192012288786
            }
        },
        "education": {
            " 10th": {
                "loss": 0.3373455110365203,
                "acc": 0.8415300546448088
            },
            " 11th": {
                "loss": 0.2931222899538225,
                "acc": 0.8622222222222222
            },
            " 12th": {
                "loss": 0.34532281630812656,
                "acc": 0.8061224489795918
            },
            " 1st-4th": {
                "loss": 0.22800665524300665,
                "acc": 0.8695652173913043
            },
            " 5th-6th": {
                "loss": 0.23658781779255625,
                "acc": 0.8709677419354839
            },
            " 7th-8th": {
                "loss": 0.26347760630118333,
                "acc": 0.900709219858156
            },
            " 9th": {
                "loss": 0.2886731821139982,
                "acc": 0.8521739130434782
            },
            " Assoc-acdm": {
                "loss": 0.3048934738673674,
                "acc": 0.8434343434343434
            },
            " Assoc-voc": {
                "loss": 0.29049862438333873,
                "acc": 0.8608058608058609
            },
            " Bachelors": {
                "loss": 0.2985857792615445,
                "acc": 0.8564638783269962
            },
            " Doctorate": {
                "loss": 0.3440982568381368,
                "acc": 0.8552631578947368
            },
            " HS-grad": {
                "loss": 0.2869708149390726,
                "acc": 0.8541266794625719
            },
            " Masters": {
                "loss": 0.26897025784857437,
                "acc": 0.8807588075880759
            },
            " Preschool": {
                "loss": 0.3933708889411635,
                "acc": 0.8
            },
            " Prof-school": {
                "loss": 0.28344164953609147,
                "acc": 0.8620689655172413
            },
            " Some-college": {
                "loss": 0.2961952347196961,
                "acc": 0.8585858585858586
            }
        },
        "education-num": {
            "1-9": {
                "loss": 0.2902990898283682,
                "acc": 0.8548112886773206
            },
            "10-13": {
                "loss": 0.29795618651709505,
                "acc": 0.855548260013132
            },
            "13-16": {
                "loss": 0.28214032800714606,
                "acc": 0.8734402852049911
            },
            "9-10": {
                "loss": 0.2961952347196961,
                "acc": 0.8585858585858586
            }
        },
        "relationship": {
            " Husband": {
                "loss": 0.2927801358275197,
                "acc": 0.8606177606177606
            },
            " Not-in-family": {
                "loss": 0.285284857096999,
                "acc": 0.8563861094761624
            },
            " Other-relative": {
                "loss": 0.20176225151354768,
                "acc": 0.9269662921348315
            },
            " Own-child": {
                "loss": 0.3171994866345232,
                "acc": 0.8439646712463199
            },
            " Unmarried": {
                "loss": 0.2978549110291602,
                "acc": 0.8561253561253561
            },
            " Wife": {
                "loss": 0.29333513549063717,
                "acc": 0.84472049689441
            }
        },
        "race": {
            " Amer-Indian-Eskimo": {
                "loss": 0.290075953832912,
                "acc": 0.8309859154929577
            },
            " Asian-Pac-Islander": {
                "loss": 0.26430081240939896,
                "acc": 0.8860103626943006
            },
            " Black": {
                "loss": 0.30231149017675857,
                "acc": 0.8530884808013356
            },
            " Other": {
                "loss": 0.31236912887117,
                "acc": 0.8363636363636363
            },
            " White": {
                "loss": 0.29252811312599747,
                "acc": 0.8574749642346209
            }
        },
        "gender": {
            " Female": {
                "loss": 0.2982757591938159,
                "acc": 0.853578154425612
            },
            " Male": {
                "loss": 0.2900478409242717,
                "acc": 0.8593251253989969
            }
        },
        "hours-per-week": {
            "1-35": {
                "loss": 0.27430895240422426,
                "acc": 0.8695329873980726
            },
            "35-40": {
                "loss": 0.3058570600756358,
                "acc": 0.8494318181818182
            },
            "40-50": {
                "loss": 0.2788096777595965,
                "acc": 0.8655256723716381
            },
            "50-99": {
                "loss": 0.2931985967331388,
                "acc": 0.856396866840731
            }
        }
    }
}