{
    "age": {
        "17-26": {
            "loss": 0.47514320954589223,
            "acc": 0.763013698630137
        },
        "26-33": {
            "loss": 0.9218961126172633,
            "acc": 0.6849785407725322
        },
        "33-41": {
            "loss": 1.335840994028942,
            "acc": 0.5992481203007519
        },
        "41-50": {
            "loss": 1.5211211574978472,
            "acc": 0.5765550239234449
        },
        "50-90": {
            "loss": 1.3867532221490988,
            "acc": 0.5913978494623656
        }
    },
    "education": {
        " 10th": {
            "loss": 0.6684277443018114,
            "acc": 0.6830601092896175
        },
        " 11th": {
            "loss": 0.6205374359442529,
            "acc": 0.6977777777777778
        },
        " 12th": {
            "loss": 0.653174590339744,
            "acc": 0.7551020408163265
        },
        " 1st-4th": {
            "loss": 0.3248802696467629,
            "acc": 0.8695652173913043
        },
        " 5th-6th": {
            "loss": 0.5213311957613765,
            "acc": 0.7258064516129032
        },
        " 7th-8th": {
            "loss": 0.47063331764540334,
            "acc": 0.7588652482269503
        },
        " 9th": {
            "loss": 0.4596453492423675,
            "acc": 0.7739130434782608
        },
        " Assoc-acdm": {
            "loss": 0.966337431417207,
            "acc": 0.6818181818181818
        },
        " Assoc-voc": {
            "loss": 1.085409352859956,
            "acc": 0.663003663003663
        },
        " Bachelors": {
            "loss": 1.7025675162255614,
            "acc": 0.5441595441595442
        },
        " Doctorate": {
            "loss": 2.6381702153012543,
            "acc": 0.3684210526315789
        },
        " HS-grad": {
            "loss": 0.8917066172863398,
            "acc": 0.6876199616122841
        },
        " Masters": {
            "loss": 2.2099230565672463,
            "acc": 0.46883468834688347
        },
        " Preschool": {
            "loss": 0.554854447457261,
            "acc": 0.5
        },
        " Prof-school": {
            "loss": 2.537491005256525,
            "acc": 0.33620689655172414
        },
        " Some-college": {
            "loss": 0.8874247861380032,
            "acc": 0.6855218855218855
        }
    },
    "education-num": {
        "1-9": {
            "loss": 0.79865105009767,
            "acc": 0.6987419245154709
        },
        "10-13": {
            "loss": 1.4963616531081962,
            "acc": 0.5833333333333334
        },
        "13-16": {
            "loss": 2.3356711245026114,
            "acc": 0.42780748663101603
        },
        "9-10": {
            "loss": 0.8874247861380032,
            "acc": 0.6855218855218855
        }
    },
    "relationship": {
        " Husband": {
            "loss": 1.74473697119435,
            "acc": 0.5266409266409267
        },
        " Not-in-family": {
            "loss": 0.6846522403663611,
            "acc": 0.7294117647058823
        },
        " Other-relative": {
            "loss": 0.44606105085170333,
            "acc": 0.7528089887640449
        },
        " Own-child": {
            "loss": 0.49094860520183126,
            "acc": 0.7576054955839058
        },
        " Unmarried": {
            "loss": 0.5601126454926711,
            "acc": 0.7521367521367521
        },
        " Wife": {
            "loss": 1.8688604628283794,
            "acc": 0.5093167701863354
        }
    },
    "race": {
        " Amer-Indian-Eskimo": {
            "loss": 0.6259296928013742,
            "acc": 0.676056338028169
        },
        " Asian-Pac-Islander": {
            "loss": 1.4929873689250488,
            "acc": 0.5803108808290155
        },
        " Black": {
            "loss": 0.7677215540893707,
            "acc": 0.7095158597662772
        },
        " Other": {
            "loss": 0.5398050895467114,
            "acc": 0.7272727272727273
        },
        " White": {
            "loss": 1.1505959493507985,
            "acc": 0.639549436795995
        }
    },
    "gender": {
        " Female": {
            "loss": 0.7198499479034894,
            "acc": 0.7214117647058823
        },
        " Male": {
            "loss": 1.3059151998723495,
            "acc": 0.6085271317829457
        }
    },
    "hours-per-week": {
        "1-35": {
            "loss": 0.6142162373012283,
            "acc": 0.7420311341734618
        },
        "35-40": {
            "loss": 0.9847817103301799,
            "acc": 0.6588829283685705
        },
        "40-50": {
            "loss": 1.6496466052196592,
            "acc": 0.5656071719641402
        },
        "50-99": {
            "loss": 1.6761852182438854,
            "acc": 0.5469973890339426
        }
    }
}