{
    "age": {
        "17-26": {
            "loss": 0.3051400000564749,
            "acc": 0.860178204249486
        },
        "26-33": {
            "loss": 0.2941905516802844,
            "acc": 0.8479381443298969
        },
        "33-41": {
            "loss": 0.30282993115321977,
            "acc": 0.845229151014275
        },
        "41-50": {
            "loss": 0.2990882940181598,
            "acc": 0.8580542264752791
        },
        "50-90": {
            "loss": 0.29660319775333993,
            "acc": 0.858678955453149
        }
    },
    "education": {
        " 10th": {
            "loss": 0.33597334230991277,
            "acc": 0.8524590163934426
        },
        " 11th": {
            "loss": 0.31059588989163395,
            "acc": 0.8533333333333334
        },
        " 12th": {
            "loss": 0.3304362673973604,
            "acc": 0.8061224489795918
        },
        " 1st-4th": {
            "loss": 0.21268968203112043,
            "acc": 0.9130434782608695
        },
        " 5th-6th": {
            "loss": 0.2385587096603942,
            "acc": 0.8709677419354839
        },
        " 7th-8th": {
            "loss": 0.27993464268700385,
            "acc": 0.8936170212765957
        },
        " 9th": {
            "loss": 0.29064639097722295,
            "acc": 0.8695652173913043
        },
        " Assoc-acdm": {
            "loss": 0.31834851875932585,
            "acc": 0.8232323232323232
        },
        " Assoc-voc": {
            "loss": 0.2840428736823691,
            "acc": 0.8681318681318682
        },
        " Bachelors": {
            "loss": 0.3008781326379497,
            "acc": 0.8621673003802282
        },
        " Doctorate": {
            "loss": 0.3353042983381577,
            "acc": 0.8571428571428571
        },
        " HS-grad": {
            "loss": 0.3004106685427913,
            "acc": 0.8459692898272553
        },
        " Masters": {
            "loss": 0.2721548465848016,
            "acc": 0.8780487804878049
        },
        " Preschool": {
            "loss": 0.4248458623605901,
            "acc": 0.8
        },
        " Prof-school": {
            "loss": 0.3012173227437306,
            "acc": 0.8448275862068966
        },
        " Some-college": {
            "loss": 0.30122684232141433,
            "acc": 0.8537735849056604
        }
    },
    "education-num": {
        "1-9": {
            "loss": 0.3014729225457198,
            "acc": 0.8497109826589595
        },
        "10-13": {
            "loss": 0.30013165250476465,
            "acc": 0.8581746552856205
        },
        "13-16": {
            "loss": 0.28680565622794063,
            "acc": 0.8683274021352313
        },
        "9-10": {
            "loss": 0.30122684232141433,
            "acc": 0.8537735849056604
        }
    },
    "relationship": {
        " Husband": {
            "loss": 0.2984210126546122,
            "acc": 0.8555984555984556
        },
        " Not-in-family": {
            "loss": 0.2922697185465798,
            "acc": 0.8588235294117647
        },
        " Other-relative": {
            "loss": 0.22898918978413882,
            "acc": 0.9044943820224719
        },
        " Own-child": {
            "loss": 0.32299145507870214,
            "acc": 0.843811394891945
        },
        " Unmarried": {
            "loss": 0.30306471323345574,
            "acc": 0.8461538461538461
        },
        " Wife": {
            "loss": 0.31009948674096044,
            "acc": 0.8416149068322981
        }
    },
    "race": {
        " Amer-Indian-Eskimo": {
            "loss": 0.2933349352013764,
            "acc": 0.8309859154929577
        },
        " Asian-Pac-Islander": {
            "loss": 0.26713448646805743,
            "acc": 0.8860103626943006
        },
        " Black": {
            "loss": 0.2968716691913861,
            "acc": 0.8411371237458194
        },
        " Other": {
            "loss": 0.30383479796987645,
            "acc": 0.8363636363636363
        },
        " White": {
            "loss": 0.3013255634586728,
            "acc": 0.8549973180761666
        }
    },
    "gender": {
        " Female": {
            "loss": 0.30659575257837773,
            "acc": 0.8489411764705882
        },
        " Male": {
            "loss": 0.2965614163164742,
            "acc": 0.8567844925883694
        }
    },
    "hours-per-week": {
        "1-35": {
            "loss": 0.2845387346044891,
            "acc": 0.865727002967359
        },
        "35-40": {
            "loss": 0.31197400728231156,
            "acc": 0.8459595959595959
        },
        "40-50": {
            "loss": 0.2834540434524416,
            "acc": 0.8647106764466178
        },
        "50-99": {
            "loss": 0.3028002661583325,
            "acc": 0.8513689700130378
        }
    }
}