{
    "forget_x": [
        0,
        1,
        0,
        0,
        0,
        0,
        0,
        0,
        0,
        0,
        0,
        0,
        0,
        0,
        0,
        0,
        1,
        0,
        0,
        0,
        0,
        1,
        0,
        0,
        0,
        0,
        0,
        0,
        1,
        0,
        0,
        0,
        0,
        0,
        0,
        1,
        0,
        1,
        0,
        1,
        0,
        0
    ],
    "forget_y": 0,
    "sample": {
        "age": "17-26",
        "education": " Some-college",
        "education-num": "9-10",
        "relationship": " Own-child",
        "race": " Black",
        "gender": " Male",
        "hours-per-week": "1-35",
        "income": "<50k"
    },
    "performance": {
        "age": {
            "17-26": {
                "loss": 0.3008563468136402,
                "acc": 0.8567511994516792
            },
            "26-33": {
                "loss": 0.3017105258533433,
                "acc": 0.8496563573883161
            },
            "33-41": {
                "loss": 0.30105434755227256,
                "acc": 0.850488354620586
            },
            "41-50": {
                "loss": 0.3033754755026503,
                "acc": 0.8492822966507177
            },
            "50-90": {
                "loss": 0.2905064805255845,
                "acc": 0.8648233486943164
            }
        },
        "education": {
            " 10th": {
                "loss": 0.33677197104142736,
                "acc": 0.8579234972677595
            },
            " 11th": {
                "loss": 0.3120893088425999,
                "acc": 0.8444444444444444
            },
            " 12th": {
                "loss": 0.36311531330744434,
                "acc": 0.8163265306122449
            },
            " 1st-4th": {
                "loss": 0.2688110179296039,
                "acc": 0.9130434782608695
            },
            " 5th-6th": {
                "loss": 0.25330739586047274,
                "acc": 0.8870967741935484
            },
            " 7th-8th": {
                "loss": 0.2703958166422952,
                "acc": 0.8865248226950354
            },
            " 9th": {
                "loss": 0.28339023065672775,
                "acc": 0.8695652173913043
            },
            " Assoc-acdm": {
                "loss": 0.3176742621625497,
                "acc": 0.8333333333333334
            },
            " Assoc-voc": {
                "loss": 0.29313576072420156,
                "acc": 0.8571428571428571
            },
            " Bachelors": {
                "loss": 0.303668038516473,
                "acc": 0.8460076045627376
            },
            " Doctorate": {
                "loss": 0.3356059540085919,
                "acc": 0.8441558441558441
            },
            " HS-grad": {
                "loss": 0.29516088951682484,
                "acc": 0.8541266794625719
            },
            " Masters": {
                "loss": 0.27314483373399934,
                "acc": 0.8780487804878049
            },
            " Preschool": {
                "loss": 0.412988034220006,
                "acc": 0.8
            },
            " Prof-school": {
                "loss": 0.28787195099105295,
                "acc": 0.8620689655172413
            },
            " Some-college": {
                "loss": 0.3017676903416682,
                "acc": 0.8544474393530997
            }
        },
        "education-num": {
            "1-9": {
                "loss": 0.29897423958428304,
                "acc": 0.8554913294797688
            },
            "10-13": {
                "loss": 0.30360101320106414,
                "acc": 0.8463558765594222
            },
            "13-16": {
                "loss": 0.284742434913647,
                "acc": 0.8701067615658363
            },
            "9-10": {
                "loss": 0.3017676903416682,
                "acc": 0.8544474393530997
            }
        },
        "relationship": {
            " Husband": {
                "loss": 0.3010704201120508,
                "acc": 0.8525096525096525
            },
            " Not-in-family": {
                "loss": 0.29324853427747,
                "acc": 0.8594117647058823
            },
            " Other-relative": {
                "loss": 0.20990068577826884,
                "acc": 0.9157303370786517
            },
            " Own-child": {
                "loss": 0.32008548463170955,
                "acc": 0.8428290766208252
            },
            " Unmarried": {
                "loss": 0.3034533793634548,
                "acc": 0.8547008547008547
            },
            " Wife": {
                "loss": 0.29499244879638464,
                "acc": 0.84472049689441
            }
        },
        "race": {
            " Amer-Indian-Eskimo": {
                "loss": 0.301607380987942,
                "acc": 0.8309859154929577
            },
            " Asian-Pac-Islander": {
                "loss": 0.2674924639678337,
                "acc": 0.8808290155440415
            },
            " Black": {
                "loss": 0.3079175748712025,
                "acc": 0.8444816053511706
            },
            " Other": {
                "loss": 0.31518825031334435,
                "acc": 0.8545454545454545
            },
            " White": {
                "loss": 0.29948254058196855,
                "acc": 0.8548185231539425
            }
        },
        "gender": {
            " Female": {
                "loss": 0.3021639255414737,
                "acc": 0.8531764705882353
            },
            " Male": {
                "loss": 0.29815683941515814,
                "acc": 0.8549600912200684
            }
        },
        "hours-per-week": {
            "1-35": {
                "loss": 0.27946104160989577,
                "acc": 0.8738872403560831
            },
            "35-40": {
                "loss": 0.3103384641170691,
                "acc": 0.8440656565656566
            },
            "40-50": {
                "loss": 0.28914492400600666,
                "acc": 0.8573757131214343
            },
            "50-99": {
                "loss": 0.3062184125719949,
                "acc": 0.8578878748370273
            }
        }
    }
}