{
    "age": {
        "17-26": {
            "loss": 0.47060360137420915,
            "acc": 0.7827278958190541
        },
        "26-33": {
            "loss": 1.0368755991890515,
            "acc": 0.6969957081545064
        },
        "33-41": {
            "loss": 1.5239050980488127,
            "acc": 0.6078136739293765
        },
        "41-50": {
            "loss": 1.7334825022939206,
            "acc": 0.5765550239234449
        },
        "50-90": {
            "loss": 1.5961533155052314,
            "acc": 0.6059907834101382
        }
    },
    "education": {
        " 10th": {
            "loss": 0.7534200877176637,
            "acc": 0.7103825136612022
        },
        " 11th": {
            "loss": 0.6443833780751719,
            "acc": 0.72
        },
        " 12th": {
            "loss": 0.7180372560325907,
            "acc": 0.7653061224489796
        },
        " 1st-4th": {
            "loss": 0.29298468108045006,
            "acc": 0.8695652173913043
        },
        " 5th-6th": {
            "loss": 0.5328251949074182,
            "acc": 0.7419354838709677
        },
        " 7th-8th": {
            "loss": 0.5011410686658312,
            "acc": 0.7659574468085106
        },
        " 9th": {
            "loss": 0.4585050725597243,
            "acc": 0.8
        },
        " Assoc-acdm": {
            "loss": 1.0646087955198975,
            "acc": 0.6818181818181818
        },
        " Assoc-voc": {
            "loss": 1.3031304214522692,
            "acc": 0.6703296703296703
        },
        " Bachelors": {
            "loss": 1.957602059348427,
            "acc": 0.5508072174738842
        },
        " Doctorate": {
            "loss": 3.135267097278591,
            "acc": 0.37662337662337664
        },
        " HS-grad": {
            "loss": 0.9710135743214602,
            "acc": 0.7029750479846449
        },
        " Masters": {
            "loss": 2.619543710855261,
            "acc": 0.4823848238482385
        },
        " Preschool": {
            "loss": 0.5361163177656831,
            "acc": 0.6
        },
        " Prof-school": {
            "loss": 3.1393492607529785,
            "acc": 0.31896551724137934
        },
        " Some-college": {
            "loss": 0.9632259026088238,
            "acc": 0.6933962264150944
        }
    },
    "education-num": {
        "1-9": {
            "loss": 0.865469576011351,
            "acc": 0.7154029241754505
        },
        "10-13": {
            "loss": 1.7243452198578126,
            "acc": 0.589238845144357
        },
        "13-16": {
            "loss": 2.7974941459846767,
            "acc": 0.43416370106761565
        },
        "9-10": {
            "loss": 0.9632259026088238,
            "acc": 0.6933962264150944
        }
    },
    "relationship": {
        " Husband": {
            "loss": 2.037752136469166,
            "acc": 0.5293436293436293
        },
        " Not-in-family": {
            "loss": 0.7261711997532825,
            "acc": 0.7430922986478542
        },
        " Other-relative": {
            "loss": 0.4536275421259662,
            "acc": 0.7696629213483146
        },
        " Own-child": {
            "loss": 0.4751186814700807,
            "acc": 0.7799607072691552
        },
        " Unmarried": {
            "loss": 0.5646061538931367,
            "acc": 0.7720797720797721
        },
        " Wife": {
            "loss": 2.177334792311055,
            "acc": 0.5186335403726708
        }
    },
    "race": {
        " Amer-Indian-Eskimo": {
            "loss": 0.6355925107522602,
            "acc": 0.6619718309859155
        },
        " Asian-Pac-Islander": {
            "loss": 1.6939725343546823,
            "acc": 0.5803108808290155
        },
        " Black": {
            "loss": 0.8087487894121113,
            "acc": 0.7224080267558528
        },
        " Other": {
            "loss": 0.493892971836333,
            "acc": 0.7636363636363637
        },
        " White": {
            "loss": 1.3035408349507087,
            "acc": 0.6510547014658563
        }
    },
    "gender": {
        " Female": {
            "loss": 0.7714371187931158,
            "acc": 0.7375352775164629
        },
        " Male": {
            "loss": 1.49026038154468,
            "acc": 0.6173318129988598
        }
    },
    "hours-per-week": {
        "1-35": {
            "loss": 0.6447751972729576,
            "acc": 0.7633531157270029
        },
        "35-40": {
            "loss": 1.0981471066992412,
            "acc": 0.6702429788576838
        },
        "40-50": {
            "loss": 1.8974062084413494,
            "acc": 0.5729421352893236
        },
        "50-99": {
            "loss": 1.9524961184044252,
            "acc": 0.546284224250326
        }
    }
}