{
    "age": {
        "17-26": {
            "loss": 0.5108238376468446,
            "acc": 0.7621658670322139
        },
        "26-33": {
            "loss": 0.9870500724218924,
            "acc": 0.6892703862660944
        },
        "33-41": {
            "loss": 1.4186304841736053,
            "acc": 0.6010518407212622
        },
        "41-50": {
            "loss": 1.6271422461506955,
            "acc": 0.5749601275917066
        },
        "50-90": {
            "loss": 1.5064604396691583,
            "acc": 0.5990783410138248
        }
    },
    "education": {
        " 10th": {
            "loss": 0.7219036577152588,
            "acc": 0.6994535519125683
        },
        " 11th": {
            "loss": 0.6838223046438878,
            "acc": 0.6977777777777778
        },
        " 12th": {
            "loss": 0.660134409862901,
            "acc": 0.7448979591836735
        },
        " 1st-4th": {
            "loss": 0.31564922556683245,
            "acc": 0.8260869565217391
        },
        " 5th-6th": {
            "loss": 0.5256178157108777,
            "acc": 0.7419354838709677
        },
        " 7th-8th": {
            "loss": 0.5193721698965152,
            "acc": 0.75177304964539
        },
        " 9th": {
            "loss": 0.4851006801027179,
            "acc": 0.7913043478260869
        },
        " Assoc-acdm": {
            "loss": 0.9948042696728726,
            "acc": 0.6818181818181818
        },
        " Assoc-voc": {
            "loss": 1.2126563270062731,
            "acc": 0.6593406593406593
        },
        " Bachelors": {
            "loss": 1.833431178228181,
            "acc": 0.5451092117758785
        },
        " Doctorate": {
            "loss": 2.8497039934845767,
            "acc": 0.36363636363636365
        },
        " HS-grad": {
            "loss": 0.951474043075631,
            "acc": 0.6917906865098415
        },
        " Masters": {
            "loss": 2.409033034390718,
            "acc": 0.4742547425474255
        },
        " Preschool": {
            "loss": 0.6420632156642376,
            "acc": 0.5
        },
        " Prof-school": {
            "loss": 2.7691494090057214,
            "acc": 0.3448275862068966
        },
        " Some-college": {
            "loss": 0.9354681886830465,
            "acc": 0.6855218855218855
        }
    },
    "education-num": {
        "1-9": {
            "loss": 0.853016637716276,
            "acc": 0.7027210884353742
        },
        "10-13": {
            "loss": 1.61327391951589,
            "acc": 0.5833333333333334
        },
        "13-16": {
            "loss": 2.543739730663969,
            "acc": 0.43238434163701067
        },
        "9-10": {
            "loss": 0.9354681886830465,
            "acc": 0.6855218855218855
        }
    },
    "relationship": {
        " Husband": {
            "loss": 1.8753813749220754,
            "acc": 0.5293436293436293
        },
        " Not-in-family": {
            "loss": 0.7246828381369458,
            "acc": 0.7336860670194003
        },
        " Other-relative": {
            "loss": 0.4625988269098746,
            "acc": 0.7584269662921348
        },
        " Own-child": {
            "loss": 0.5189028601813594,
            "acc": 0.7556427870461236
        },
        " Unmarried": {
            "loss": 0.5850702987848526,
            "acc": 0.7549857549857549
        },
        " Wife": {
            "loss": 2.09814060085577,
            "acc": 0.5046728971962616
        }
    },
    "race": {
        " Amer-Indian-Eskimo": {
            "loss": 0.7048705441239772,
            "acc": 0.6619718309859155
        },
        " Asian-Pac-Islander": {
            "loss": 1.6508449949786745,
            "acc": 0.5647668393782384
        },
        " Black": {
            "loss": 0.8253702749899516,
            "acc": 0.7061769616026711
        },
        " Other": {
            "loss": 0.526610690947671,
            "acc": 0.7454545454545455
        },
        " White": {
            "loss": 1.2324747151208273,
            "acc": 0.6429465403182549
        }
    },
    "gender": {
        " Female": {
            "loss": 0.7842249420816806,
            "acc": 0.7214117647058823
        },
        " Male": {
            "loss": 1.3950689364186057,
            "acc": 0.61171910624715
        }
    },
    "hours-per-week": {
        "1-35": {
            "loss": 0.6593052273980424,
            "acc": 0.7462908011869436
        },
        "35-40": {
            "loss": 1.0568846713361544,
            "acc": 0.6607762701167561
        },
        "40-50": {
            "loss": 1.7568164445453949,
            "acc": 0.5729421352893236
        },
        "50-99": {
            "loss": 1.8143749799237414,
            "acc": 0.5384615384615384
        }
    }
}