{
    "forget_x": [
        1,
        0,
        0,
        0,
        0,
        0,
        0,
        0,
        0,
        0,
        0,
        0,
        0,
        0,
        0,
        0,
        1,
        0,
        0,
        0,
        0,
        1,
        0,
        0,
        0,
        0,
        0,
        0,
        1,
        0,
        0,
        0,
        0,
        0,
        0,
        1,
        1,
        0,
        1,
        0,
        0,
        0
    ],
    "forget_y": 0,
    "sample": {
        "age": "17-26",
        "education": " HS-grad",
        "education-num": "1-9",
        "relationship": " Wife",
        "race": " White",
        "gender": " Female",
        "hours-per-week": "1-35",
        "income": "<50k"
    },
    "performance": {
        "age": {
            "17-26": {
                "loss": 0.30471545788424925,
                "acc": 0.8533241946538725
            },
            "26-33": {
                "loss": 0.2986015921853956,
                "acc": 0.8470790378006873
            },
            "33-41": {
                "loss": 0.3018278166952662,
                "acc": 0.8542449286250939
            },
            "41-50": {
                "loss": 0.29851692700731586,
                "acc": 0.8604465709728868
            },
            "50-90": {
                "loss": 0.2957332840133684,
                "acc": 0.858678955453149
            }
        },
        "education": {
            " 10th": {
                "loss": 0.33491249573813453,
                "acc": 0.8415300546448088
            },
            " 11th": {
                "loss": 0.29882121171407067,
                "acc": 0.8666666666666667
            },
            " 12th": {
                "loss": 0.3794043006811205,
                "acc": 0.8163265306122449
            },
            " 1st-4th": {
                "loss": 0.2611740526128127,
                "acc": 0.8695652173913043
            },
            " 5th-6th": {
                "loss": 0.2700267950935685,
                "acc": 0.8387096774193549
            },
            " 7th-8th": {
                "loss": 0.26062295698293464,
                "acc": 0.8794326241134752
            },
            " 9th": {
                "loss": 0.299913912902718,
                "acc": 0.8608695652173913
            },
            " Assoc-acdm": {
                "loss": 0.31465864206098876,
                "acc": 0.8535353535353535
            },
            " Assoc-voc": {
                "loss": 0.2905336805610439,
                "acc": 0.8534798534798534
            },
            " Bachelors": {
                "loss": 0.30204776078379547,
                "acc": 0.8574144486692015
            },
            " Doctorate": {
                "loss": 0.34419926411007656,
                "acc": 0.8571428571428571
            },
            " HS-grad": {
                "loss": 0.2977752029306685,
                "acc": 0.8482957273163706
            },
            " Masters": {
                "loss": 0.2741444674179626,
                "acc": 0.8672086720867209
            },
            " Preschool": {
                "loss": 0.406458823733448,
                "acc": 0.8
            },
            " Prof-school": {
                "loss": 0.3045145742574658,
                "acc": 0.8620689655172413
            },
            " Some-college": {
                "loss": 0.3009352739049322,
                "acc": 0.8592592592592593
            }
        },
        "education-num": {
            "1-9": {
                "loss": 0.3006878633294943,
                "acc": 0.85
            },
            "10-13": {
                "loss": 0.30162334226250337,
                "acc": 0.8562048588312541
            },
            "13-16": {
                "loss": 0.29001128545831034,
                "acc": 0.8647686832740213
            },
            "9-10": {
                "loss": 0.3009352739049322,
                "acc": 0.8592592592592593
            }
        },
        "relationship": {
            " Husband": {
                "loss": 0.29736372579870696,
                "acc": 0.8552123552123552
            },
            " Not-in-family": {
                "loss": 0.298457674775202,
                "acc": 0.8594117647058823
            },
            " Other-relative": {
                "loss": 0.21637216520648886,
                "acc": 0.9044943820224719
            },
            " Own-child": {
                "loss": 0.32511083891803,
                "acc": 0.8429833169774289
            },
            " Unmarried": {
                "loss": 0.29956561489401723,
                "acc": 0.8475783475783476
            },
            " Wife": {
                "loss": 0.2978895444690963,
                "acc": 0.8535825545171339
            }
        },
        "race": {
            " Amer-Indian-Eskimo": {
                "loss": 0.2983854198666395,
                "acc": 0.8450704225352113
            },
            " Asian-Pac-Islander": {
                "loss": 0.2721396557713016,
                "acc": 0.8860103626943006
            },
            " Black": {
                "loss": 0.3018236716070975,
                "acc": 0.8464106844741235
            },
            " Other": {
                "loss": 0.34248392085440377,
                "acc": 0.8363636363636363
            },
            " White": {
                "loss": 0.3004171279178949,
                "acc": 0.8549713876967096
            }
        },
        "gender": {
            " Female": {
                "loss": 0.30671224518121915,
                "acc": 0.8512241054613936
            },
            " Male": {
                "loss": 0.29681100863337695,
                "acc": 0.8565891472868217
            }
        },
        "hours-per-week": {
            "1-35": {
                "loss": 0.27909447773411783,
                "acc": 0.879080118694362
            },
            "35-40": {
                "loss": 0.31535559768800386,
                "acc": 0.8418560606060606
            },
            "40-50": {
                "loss": 0.28593430874443576,
                "acc": 0.8614506927465363
            },
            "50-99": {
                "loss": 0.2961702820603557,
                "acc": 0.8552803129074316
            }
        }
    }
}