{
    "age": {
        "17-26": {
            "loss": 0.3088597677531142,
            "acc": 0.8553803975325566
        },
        "26-33": {
            "loss": 0.2984657199455981,
            "acc": 0.8445017182130584
        },
        "33-41": {
            "loss": 0.3019273672647643,
            "acc": 0.8527422990232908
        },
        "41-50": {
            "loss": 0.29757183021397576,
            "acc": 0.8588516746411483
        },
        "50-90": {
            "loss": 0.30202612079049757,
            "acc": 0.8556067588325653
        }
    },
    "education": {
        " 10th": {
            "loss": 0.35761880699802195,
            "acc": 0.8360655737704918
        },
        " 11th": {
            "loss": 0.30706635822053235,
            "acc": 0.8533333333333334
        },
        " 12th": {
            "loss": 0.3607844922434009,
            "acc": 0.8061224489795918
        },
        " 1st-4th": {
            "loss": 0.25276987578539173,
            "acc": 0.8695652173913043
        },
        " 5th-6th": {
            "loss": 0.24329244939292377,
            "acc": 0.8548387096774194
        },
        " 7th-8th": {
            "loss": 0.29774180815568063,
            "acc": 0.8794326241134752
        },
        " 9th": {
            "loss": 0.28685601340284944,
            "acc": 0.8695652173913043
        },
        " Assoc-acdm": {
            "loss": 0.31147602421824383,
            "acc": 0.8535353535353535
        },
        " Assoc-voc": {
            "loss": 0.27980799833147657,
            "acc": 0.8681318681318682
        },
        " Bachelors": {
            "loss": 0.30215616719756416,
            "acc": 0.8507604562737643
        },
        " Doctorate": {
            "loss": 0.3238542597585306,
            "acc": 0.8571428571428571
        },
        " HS-grad": {
            "loss": 0.30002109710233393,
            "acc": 0.8516562650024004
        },
        " Masters": {
            "loss": 0.28009214511952185,
            "acc": 0.8590785907859079
        },
        " Preschool": {
            "loss": 0.43084647456106334,
            "acc": 0.8
        },
        " Prof-school": {
            "loss": 0.28578265267798386,
            "acc": 0.8706896551724138
        },
        " Some-college": {
            "loss": 0.3056686059502616,
            "acc": 0.8545454545454545
        }
    },
    "education-num": {
        "1-9": {
            "loss": 0.30442562517911076,
            "acc": 0.851360544217687
        },
        "10-13": {
            "loss": 0.29936186751906935,
            "acc": 0.8542350623768877
        },
        "13-16": {
            "loss": 0.2872625751977873,
            "acc": 0.8612099644128114
        },
        "9-10": {
            "loss": 0.3056686059502616,
            "acc": 0.8545454545454545
        }
    },
    "relationship": {
        " Husband": {
            "loss": 0.3022417558084879,
            "acc": 0.8540540540540541
        },
        " Not-in-family": {
            "loss": 0.29167115839550156,
            "acc": 0.8576470588235294
        },
        " Other-relative": {
            "loss": 0.21118686661039565,
            "acc": 0.9157303370786517
        },
        " Own-child": {
            "loss": 0.32807045775529065,
            "acc": 0.8429833169774289
        },
        " Unmarried": {
            "loss": 0.30512435714455427,
            "acc": 0.8475783475783476
        },
        " Wife": {
            "loss": 0.3163845330664122,
            "acc": 0.8411214953271028
        }
    },
    "race": {
        " Amer-Indian-Eskimo": {
            "loss": 0.298834782805715,
            "acc": 0.8309859154929577
        },
        " Asian-Pac-Islander": {
            "loss": 0.2660575144852303,
            "acc": 0.8911917098445595
        },
        " Black": {
            "loss": 0.29655402187854946,
            "acc": 0.8580968280467446
        },
        " Other": {
            "loss": 0.3209728360047673,
            "acc": 0.8363636363636363
        },
        " White": {
            "loss": 0.30372732017078996,
            "acc": 0.8522889842632332
        }
    },
    "gender": {
        " Female": {
            "loss": 0.3084603299406872,
            "acc": 0.8488700564971752
        },
        " Male": {
            "loss": 0.2989350589515285,
            "acc": 0.8559051527587779
        }
    },
    "hours-per-week": {
        "1-35": {
            "loss": 0.2868477903850127,
            "acc": 0.8716617210682492
        },
        "35-40": {
            "loss": 0.31353431414769817,
            "acc": 0.8453282828282829
        },
        "40-50": {
            "loss": 0.2871762567050397,
            "acc": 0.8581907090464548
        },
        "50-99": {
            "loss": 0.3050666410944406,
            "acc": 0.848761408083442
        }
    }
}