{
    "forget_x": [
        0,
        0,
        0,
        1,
        0,
        0,
        0,
        0,
        0,
        0,
        0,
        0,
        0,
        0,
        1,
        0,
        0,
        0,
        0,
        0,
        0,
        0,
        1,
        0,
        0,
        0,
        1,
        0,
        0,
        0,
        0,
        0,
        0,
        0,
        0,
        1,
        0,
        1,
        0,
        1,
        0,
        0
    ],
    "forget_y": 0,
    "sample": {
        "age": "41-50",
        "education": " Prof-school",
        "education-num": "13-16",
        "relationship": " Husband",
        "race": " White",
        "gender": " Male",
        "hours-per-week": "1-35",
        "income": ">=50k"
    },
    "performance": {
        "age": {
            "17-26": {
                "loss": 0.2975829756853462,
                "acc": 0.8547945205479452
            },
            "26-33": {
                "loss": 0.294533556949365,
                "acc": 0.8513745704467354
            },
            "33-41": {
                "loss": 0.2969267571632285,
                "acc": 0.8542449286250939
            },
            "41-50": {
                "loss": 0.289838164007551,
                "acc": 0.8619313647246608
            },
            "50-90": {
                "loss": 0.28505476271409164,
                "acc": 0.857910906298003
            }
        },
        "education": {
            " 10th": {
                "loss": 0.3295190903697153,
                "acc": 0.8524590163934426
            },
            " 11th": {
                "loss": 0.30383892846977584,
                "acc": 0.8711111111111111
            },
            " 12th": {
                "loss": 0.34278693782959974,
                "acc": 0.826530612244898
            },
            " 1st-4th": {
                "loss": 0.22041570315650175,
                "acc": 0.8695652173913043
            },
            " 5th-6th": {
                "loss": 0.24708010403864367,
                "acc": 0.8387096774193549
            },
            " 7th-8th": {
                "loss": 0.2601618766981633,
                "acc": 0.8865248226950354
            },
            " 9th": {
                "loss": 0.2895750696172207,
                "acc": 0.8695652173913043
            },
            " Assoc-acdm": {
                "loss": 0.30755404710781636,
                "acc": 0.8333333333333334
            },
            " Assoc-voc": {
                "loss": 0.28451449667630085,
                "acc": 0.8534798534798534
            },
            " Bachelors": {
                "loss": 0.29597186154804866,
                "acc": 0.8574144486692015
            },
            " Doctorate": {
                "loss": 0.3236472896581368,
                "acc": 0.8571428571428571
            },
            " HS-grad": {
                "loss": 0.28791517305795045,
                "acc": 0.8541266794625719
            },
            " Masters": {
                "loss": 0.2709119287628121,
                "acc": 0.8699186991869918
            },
            " Preschool": {
                "loss": 0.41498680397556587,
                "acc": 0.8
            },
            " Prof-school": {
                "loss": 0.28169484944019113,
                "acc": 0.8608695652173913
            },
            " Some-college": {
                "loss": 0.29819325580554135,
                "acc": 0.8545454545454545
            }
        },
        "education-num": {
            "1-9": {
                "loss": 0.2913282714337292,
                "acc": 0.8561713702822169
            },
            "10-13": {
                "loss": 0.2954238721395433,
                "acc": 0.8535784635587655
            },
            "13-16": {
                "loss": 0.28036051818676677,
                "acc": 0.8663101604278075
            },
            "9-10": {
                "loss": 0.29819325580554135,
                "acc": 0.8545454545454545
            }
        },
        "relationship": {
            " Husband": {
                "loss": 0.2910990175534272,
                "acc": 0.8574739281575898
            },
            " Not-in-family": {
                "loss": 0.2880561578432179,
                "acc": 0.86
            },
            " Other-relative": {
                "loss": 0.20671231088274966,
                "acc": 0.9044943820224719
            },
            " Own-child": {
                "loss": 0.3181331471330581,
                "acc": 0.8429833169774289
            },
            " Unmarried": {
                "loss": 0.2996857526403076,
                "acc": 0.8504273504273504
            },
            " Wife": {
                "loss": 0.2860979743187077,
                "acc": 0.8509316770186336
            }
        },
        "race": {
            " Amer-Indian-Eskimo": {
                "loss": 0.28961765443004367,
                "acc": 0.8450704225352113
            },
            " Asian-Pac-Islander": {
                "loss": 0.26561052206190783,
                "acc": 0.8963730569948186
            },
            " Black": {
                "loss": 0.3029765346104005,
                "acc": 0.8447412353923205
            },
            " Other": {
                "loss": 0.28925725041261896,
                "acc": 0.8181818181818182
            },
            " White": {
                "loss": 0.2928484373931184,
                "acc": 0.8564020028612304
            }
        },
        "gender": {
            " Female": {
                "loss": 0.29914582997912953,
                "acc": 0.8503529411764705
            },
            " Male": {
                "loss": 0.28988400237707557,
                "acc": 0.8588369441277081
            }
        },
        "hours-per-week": {
            "1-35": {
                "loss": 0.2730665405969009,
                "acc": 0.8738872403560831
            },
            "35-40": {
                "loss": 0.30644678580324475,
                "acc": 0.8469065656565656
            },
            "40-50": {
                "loss": 0.28099489348279977,
                "acc": 0.8598207008964955
            },
            "50-99": {
                "loss": 0.29091054846992237,
                "acc": 0.8565840938722294
            }
        }
    }
}