{
    "age": {
        "17-26": {
            "loss": 0.3044993703285143,
            "acc": 0.8561643835616438
        },
        "26-33": {
            "loss": 0.29194120066335727,
            "acc": 0.8462199312714777
        },
        "33-41": {
            "loss": 0.30264250116037517,
            "acc": 0.850488354620586
        },
        "41-50": {
            "loss": 0.30276899126560725,
            "acc": 0.8571428571428571
        },
        "50-90": {
            "loss": 0.2892251966580067,
            "acc": 0.858678955453149
        }
    },
    "education": {
        " 10th": {
            "loss": 0.3255138122705064,
            "acc": 0.8579234972677595
        },
        " 11th": {
            "loss": 0.30557869269281196,
            "acc": 0.8622222222222222
        },
        " 12th": {
            "loss": 0.3245875950359984,
            "acc": 0.826530612244898
        },
        " 1st-4th": {
            "loss": 0.27269292403876183,
            "acc": 0.8695652173913043
        },
        " 5th-6th": {
            "loss": 0.23638828745990115,
            "acc": 0.8709677419354839
        },
        " 7th-8th": {
            "loss": 0.2751074737187959,
            "acc": 0.8865248226950354
        },
        " 9th": {
            "loss": 0.28032661920583984,
            "acc": 0.8608695652173913
        },
        " Assoc-acdm": {
            "loss": 0.30264762987963206,
            "acc": 0.8383838383838383
        },
        " Assoc-voc": {
            "loss": 0.29770972294329046,
            "acc": 0.8644688644688645
        },
        " Bachelors": {
            "loss": 0.3074208344146777,
            "acc": 0.8536121673003803
        },
        " Doctorate": {
            "loss": 0.3140773674313411,
            "acc": 0.8701298701298701
        },
        " HS-grad": {
            "loss": 0.29313436584822,
            "acc": 0.8478886756238004
        },
        " Masters": {
            "loss": 0.2782054315863244,
            "acc": 0.8780487804878049
        },
        " Preschool": {
            "loss": 0.39360501882971155,
            "acc": 0.8
        },
        " Prof-school": {
            "loss": 0.29607612550140466,
            "acc": 0.8434782608695652
        },
        " Some-college": {
            "loss": 0.30352372257729743,
            "acc": 0.8525252525252526
        }
    },
    "education-num": {
        "1-9": {
            "loss": 0.294769674433638,
            "acc": 0.851751105066304
        },
        "10-13": {
            "loss": 0.3050595554063859,
            "acc": 0.8535784635587655
        },
        "13-16": {
            "loss": 0.2867923636011199,
            "acc": 0.8698752228163993
        },
        "9-10": {
            "loss": 0.30352372257729743,
            "acc": 0.8525252525252526
        }
    },
    "relationship": {
        " Husband": {
            "loss": 0.2983257708353218,
            "acc": 0.8547701815372731
        },
        " Not-in-family": {
            "loss": 0.29030465905779185,
            "acc": 0.8605882352941177
        },
        " Other-relative": {
            "loss": 0.21046569596660253,
            "acc": 0.9213483146067416
        },
        " Own-child": {
            "loss": 0.326920420314194,
            "acc": 0.8341511285574092
        },
        " Unmarried": {
            "loss": 0.3001929851405076,
            "acc": 0.8504273504273504
        },
        " Wife": {
            "loss": 0.2979283868292528,
            "acc": 0.84472049689441
        }
    },
    "race": {
        " Amer-Indian-Eskimo": {
            "loss": 0.3049020627822988,
            "acc": 0.8028169014084507
        },
        " Asian-Pac-Islander": {
            "loss": 0.2625379843815869,
            "acc": 0.8808290155440415
        },
        " Black": {
            "loss": 0.3094845478424157,
            "acc": 0.8430717863105175
        },
        " Other": {
            "loss": 0.31688586546896386,
            "acc": 0.8363636363636363
        },
        " White": {
            "loss": 0.29828660858354583,
            "acc": 0.8549713876967096
        }
    },
    "gender": {
        " Female": {
            "loss": 0.30334992098444663,
            "acc": 0.8498823529411764
        },
        " Male": {
            "loss": 0.29612952732242315,
            "acc": 0.8558722919042189
        }
    },
    "hours-per-week": {
        "1-35": {
            "loss": 0.2777893900890316,
            "acc": 0.865727002967359
        },
        "35-40": {
            "loss": 0.3122062427386632,
            "acc": 0.8465909090909091
        },
        "40-50": {
            "loss": 0.28378233208004305,
            "acc": 0.8581907090464548
        },
        "50-99": {
            "loss": 0.3017159883995514,
            "acc": 0.8565840938722294
        }
    }
}