{
    "age": {
        "17-26": {
            "loss": 0.5141440426418368,
            "acc": 0.7684931506849315
        },
        "26-33": {
            "loss": 1.1237989379615978,
            "acc": 0.6944206008583691
        },
        "33-41": {
            "loss": 1.6001280050926756,
            "acc": 0.6055597295266717
        },
        "41-50": {
            "loss": 1.845680813487853,
            "acc": 0.573024740622506
        },
        "50-90": {
            "loss": 1.6771756340341193,
            "acc": 0.6075268817204301
        }
    },
    "education": {
        " 10th": {
            "loss": 0.7148678482513241,
            "acc": 0.6994535519125683
        },
        " 11th": {
            "loss": 0.699532395353821,
            "acc": 0.72
        },
        " 12th": {
            "loss": 0.6992381024114269,
            "acc": 0.7448979591836735
        },
        " 1st-4th": {
            "loss": 0.30127437052563477,
            "acc": 0.8695652173913043
        },
        " 5th-6th": {
            "loss": 0.5799581442664266,
            "acc": 0.7258064516129032
        },
        " 7th-8th": {
            "loss": 0.5226134130087494,
            "acc": 0.7730496453900709
        },
        " 9th": {
            "loss": 0.5037370309889126,
            "acc": 0.7913043478260869
        },
        " Assoc-acdm": {
            "loss": 1.1219397971244103,
            "acc": 0.6818181818181818
        },
        " Assoc-voc": {
            "loss": 1.3252183159538233,
            "acc": 0.663003663003663
        },
        " Bachelors": {
            "loss": 2.08700339200699,
            "acc": 0.5479582146248813
        },
        " Doctorate": {
            "loss": 3.439871555298658,
            "acc": 0.38961038961038963
        },
        " HS-grad": {
            "loss": 1.0518506696029724,
            "acc": 0.6957773512476008
        },
        " Masters": {
            "loss": 2.735070114064167,
            "acc": 0.4715447154471545
        },
        " Preschool": {
            "loss": 0.5720652044236003,
            "acc": 0.6
        },
        " Prof-school": {
            "loss": 3.265487453327095,
            "acc": 0.34782608695652173
        },
        " Some-college": {
            "loss": 1.0274468227214844,
            "acc": 0.6902356902356902
        }
    },
    "education-num": {
        "1-9": {
            "loss": 0.92792361509089,
            "acc": 0.708602516150969
        },
        "10-13": {
            "loss": 1.825159614087521,
            "acc": 0.5859580052493438
        },
        "13-16": {
            "loss": 2.940538393904261,
            "acc": 0.43493761140819964
        },
        "9-10": {
            "loss": 1.0274468227214844,
            "acc": 0.6902356902356902
        }
    },
    "relationship": {
        " Husband": {
            "loss": 2.1342243345784904,
            "acc": 0.5287755890305137
        },
        " Not-in-family": {
            "loss": 0.7920459542412176,
            "acc": 0.7383891828336273
        },
        " Other-relative": {
            "loss": 0.489163817299333,
            "acc": 0.7752808988764045
        },
        " Own-child": {
            "loss": 0.5211764767122563,
            "acc": 0.7674190382728164
        },
        " Unmarried": {
            "loss": 0.5928778270607039,
            "acc": 0.7635327635327636
        },
        " Wife": {
            "loss": 2.418757702918309,
            "acc": 0.5124223602484472
        }
    },
    "race": {
        " Amer-Indian-Eskimo": {
            "loss": 0.695049539974395,
            "acc": 0.6619718309859155
        },
        " Asian-Pac-Islander": {
            "loss": 1.912842222721151,
            "acc": 0.5803108808290155
        },
        " Black": {
            "loss": 0.850420751371821,
            "acc": 0.7111853088480802
        },
        " Other": {
            "loss": 0.5377903919646049,
            "acc": 0.7454545454545455
        },
        " White": {
            "loss": 1.381809334278611,
            "acc": 0.647237618451636
        }
    },
    "gender": {
        " Female": {
            "loss": 0.8361416038600384,
            "acc": 0.7304797742238947
        },
        " Male": {
            "loss": 1.5754458665375066,
            "acc": 0.6141391106043329
        }
    },
    "hours-per-week": {
        "1-35": {
            "loss": 0.6838426138910606,
            "acc": 0.755192878338279
        },
        "35-40": {
            "loss": 1.1545618587053987,
            "acc": 0.6645629536131271
        },
        "40-50": {
            "loss": 2.0452611198055948,
            "acc": 0.5729421352893236
        },
        "50-99": {
            "loss": 2.0805807129196454,
            "acc": 0.546284224250326
        }
    }
}