{
    "age": {
        "17-26": {
            "loss": 0.45935751515796835,
            "acc": 0.776559287183002
        },
        "26-33": {
            "loss": 1.0056929164908361,
            "acc": 0.6978540772532189
        },
        "33-41": {
            "loss": 1.497339217118451,
            "acc": 0.6130728775356874
        },
        "41-50": {
            "loss": 1.7200535333340377,
            "acc": 0.5757575757575758
        },
        "50-90": {
            "loss": 1.5819616846433686,
            "acc": 0.6075268817204301
        }
    },
    "education": {
        " 10th": {
            "loss": 0.7071965084803525,
            "acc": 0.6994535519125683
        },
        " 11th": {
            "loss": 0.6416882701511889,
            "acc": 0.7288888888888889
        },
        " 12th": {
            "loss": 0.6628449415803243,
            "acc": 0.7551020408163265
        },
        " 1st-4th": {
            "loss": 0.28320606701767864,
            "acc": 0.8695652173913043
        },
        " 5th-6th": {
            "loss": 0.4884929069765478,
            "acc": 0.7419354838709677
        },
        " 7th-8th": {
            "loss": 0.447450887403699,
            "acc": 0.7801418439716312
        },
        " 9th": {
            "loss": 0.45699400399336165,
            "acc": 0.8
        },
        " Assoc-acdm": {
            "loss": 0.9966030319307656,
            "acc": 0.6919191919191919
        },
        " Assoc-voc": {
            "loss": 1.2446850092407125,
            "acc": 0.663003663003663
        },
        " Bachelors": {
            "loss": 1.975268305008251,
            "acc": 0.5498575498575499
        },
        " Doctorate": {
            "loss": 3.0648618802175625,
            "acc": 0.37662337662337664
        },
        " HS-grad": {
            "loss": 0.9545951678122779,
            "acc": 0.7009121459433509
        },
        " Masters": {
            "loss": 2.5661582243607857,
            "acc": 0.4634146341463415
        },
        " Preschool": {
            "loss": 0.5078325519331286,
            "acc": 0.6
        },
        " Prof-school": {
            "loss": 3.0001828955762253,
            "acc": 0.3620689655172414
        },
        " Some-college": {
            "loss": 0.9553817067386419,
            "acc": 0.6976430976430976
        }
    },
    "education-num": {
        "1-9": {
            "loss": 0.8451363508640137,
            "acc": 0.7142857142857143
        },
        "10-13": {
            "loss": 1.7172466752091153,
            "acc": 0.5885826771653543
        },
        "13-16": {
            "loss": 2.724071112905198,
            "acc": 0.4306049822064057
        },
        "9-10": {
            "loss": 0.9553817067386419,
            "acc": 0.6976430976430976
        }
    },
    "relationship": {
        " Husband": {
            "loss": 1.999596663681195,
            "acc": 0.5332046332046332
        },
        " Not-in-family": {
            "loss": 0.7195051801560594,
            "acc": 0.7436801881246325
        },
        " Other-relative": {
            "loss": 0.44821392084298545,
            "acc": 0.7865168539325843
        },
        " Own-child": {
            "loss": 0.47660749115060225,
            "acc": 0.774288518155054
        },
        " Unmarried": {
            "loss": 0.541740582925642,
            "acc": 0.7649572649572649
        },
        " Wife": {
            "loss": 2.18963842221945,
            "acc": 0.5077881619937694
        }
    },
    "race": {
        " Amer-Indian-Eskimo": {
            "loss": 0.6670110350891622,
            "acc": 0.676056338028169
        },
        " Asian-Pac-Islander": {
            "loss": 1.726837881464197,
            "acc": 0.5699481865284974
        },
        " Black": {
            "loss": 0.8114121321924634,
            "acc": 0.7145242070116862
        },
        " Other": {
            "loss": 0.5100684814589362,
            "acc": 0.7454545454545455
        },
        " White": {
            "loss": 1.2795865324943787,
            "acc": 0.6522438762739138
        }
    },
    "gender": {
        " Female": {
            "loss": 0.7655972058159173,
            "acc": 0.7327058823529412
        },
        " Male": {
            "loss": 1.464788085307728,
            "acc": 0.6196990424076607
        }
    },
    "hours-per-week": {
        "1-35": {
            "loss": 0.6409232454788493,
            "acc": 0.7620459599703484
        },
        "35-40": {
            "loss": 1.0741514278426143,
            "acc": 0.6704545454545454
        },
        "40-50": {
            "loss": 1.8894470351430315,
            "acc": 0.5786471067644662
        },
        "50-99": {
            "loss": 1.910803012831328,
            "acc": 0.5384615384615384
        }
    }
}