{
    "forget_x": [
        1,
        0,
        0,
        0,
        0,
        0,
        0,
        0,
        0,
        0,
        0,
        0,
        0,
        0,
        1,
        0,
        0,
        0,
        0,
        0,
        0,
        0,
        1,
        0,
        0,
        0,
        0,
        1,
        0,
        0,
        0,
        0,
        0,
        0,
        0,
        1,
        0,
        1,
        0,
        1,
        0,
        0
    ],
    "forget_y": 0,
    "sample": {
        "age": "17-26",
        "education": " HS-grad",
        "education-num": "1-9",
        "relationship": " Wife",
        "race": " White",
        "gender": " Female",
        "hours-per-week": "35-40",
        "income": ">=50k"
    },
    "performance": {
        "age": {
            "17-26": {
                "loss": 0.3018312129794294,
                "acc": 0.8540095956134338
            },
            "26-33": {
                "loss": 0.29829105805479006,
                "acc": 0.8462199312714777
            },
            "33-41": {
                "loss": 0.2995387850204191,
                "acc": 0.8549962434259955
            },
            "41-50": {
                "loss": 0.29683268521478606,
                "acc": 0.8588516746411483
            },
            "50-90": {
                "loss": 0.2937614819096088,
                "acc": 0.8617511520737328
            }
        },
        "education": {
            " 10th": {
                "loss": 0.34361495484492427,
                "acc": 0.8524590163934426
            },
            " 11th": {
                "loss": 0.3054616567750964,
                "acc": 0.8488888888888889
            },
            " 12th": {
                "loss": 0.3664261707166604,
                "acc": 0.8061224489795918
            },
            " 1st-4th": {
                "loss": 0.2579949124956234,
                "acc": 0.8695652173913043
            },
            " 5th-6th": {
                "loss": 0.24216622372394742,
                "acc": 0.8548387096774194
            },
            " 7th-8th": {
                "loss": 0.2698893957756226,
                "acc": 0.8936170212765957
            },
            " 9th": {
                "loss": 0.2987597991271492,
                "acc": 0.8608695652173913
            },
            " Assoc-acdm": {
                "loss": 0.304049810796095,
                "acc": 0.8383838383838383
            },
            " Assoc-voc": {
                "loss": 0.2856332906671804,
                "acc": 0.8608058608058609
            },
            " Bachelors": {
                "loss": 0.29903005972084173,
                "acc": 0.8545627376425855
            },
            " Doctorate": {
                "loss": 0.32744249605818404,
                "acc": 0.8441558441558441
            },
            " HS-grad": {
                "loss": 0.2928406843042983,
                "acc": 0.8550168026884302
            },
            " Masters": {
                "loss": 0.27738223420428365,
                "acc": 0.8726287262872628
            },
            " Preschool": {
                "loss": 0.329392324577033,
                "acc": 0.9
            },
            " Prof-school": {
                "loss": 0.30385971606715717,
                "acc": 0.853448275862069
            },
            " Some-college": {
                "loss": 0.3038645522072095,
                "acc": 0.8538720538720539
            }
        },
        "education-num": {
            "1-9": {
                "loss": 0.29733374607317636,
                "acc": 0.8551020408163266
            },
            "10-13": {
                "loss": 0.2972812696757012,
                "acc": 0.8535784635587655
            },
            "13-16": {
                "loss": 0.2897061275474221,
                "acc": 0.8647686832740213
            },
            "9-10": {
                "loss": 0.3038645522072095,
                "acc": 0.8538720538720539
            }
        },
        "relationship": {
            " Husband": {
                "loss": 0.296738251180699,
                "acc": 0.8583011583011583
            },
            " Not-in-family": {
                "loss": 0.28953499918887543,
                "acc": 0.8576470588235294
            },
            " Other-relative": {
                "loss": 0.22405491765433905,
                "acc": 0.8932584269662921
            },
            " Own-child": {
                "loss": 0.321993094266859,
                "acc": 0.8488714425907753
            },
            " Unmarried": {
                "loss": 0.30335571061672645,
                "acc": 0.8447293447293447
            },
            " Wife": {
                "loss": 0.30923449983846796,
                "acc": 0.8411214953271028
            }
        },
        "race": {
            " Amer-Indian-Eskimo": {
                "loss": 0.29638552754647685,
                "acc": 0.8169014084507042
            },
            " Asian-Pac-Islander": {
                "loss": 0.26204577795770284,
                "acc": 0.8860103626943006
            },
            " Black": {
                "loss": 0.2934569812548111,
                "acc": 0.8664440734557596
            },
            " Other": {
                "loss": 0.31583653812432105,
                "acc": 0.8363636363636363
            },
            " White": {
                "loss": 0.2997504187965836,
                "acc": 0.8537195994277539
            }
        },
        "gender": {
            " Female": {
                "loss": 0.3054489233948479,
                "acc": 0.8479284369114878
            },
            " Male": {
                "loss": 0.2946194203351432,
                "acc": 0.8588691290469677
            }
        },
        "hours-per-week": {
            "1-35": {
                "loss": 0.2790768503929023,
                "acc": 0.8754633061527057
            },
            "35-40": {
                "loss": 0.31124577764403993,
                "acc": 0.8468582254499526
            },
            "40-50": {
                "loss": 0.28548928959363207,
                "acc": 0.8557457212713936
            },
            "50-99": {
                "loss": 0.29789945706714965,
                "acc": 0.8539765319426337
            }
        }
    }
}