{
    "age": {
        "17-26": {
            "loss": 0.5099189814702279,
            "acc": 0.7518848526387937
        },
        "26-33": {
            "loss": 1.0458548759755626,
            "acc": 0.6841201716738198
        },
        "33-41": {
            "loss": 1.5316949603529457,
            "acc": 0.5987978963185575
        },
        "41-50": {
            "loss": 1.7564083002144422,
            "acc": 0.5741626794258373
        },
        "50-90": {
            "loss": 1.6288370278075595,
            "acc": 0.5937019969278033
        }
    },
    "education": {
        " 10th": {
            "loss": 0.7541820766039521,
            "acc": 0.6721311475409836
        },
        " 11th": {
            "loss": 0.6974923642675123,
            "acc": 0.6977777777777778
        },
        " 12th": {
            "loss": 0.7016047008834979,
            "acc": 0.7448979591836735
        },
        " 1st-4th": {
            "loss": 0.3144150889230304,
            "acc": 0.8695652173913043
        },
        " 5th-6th": {
            "loss": 0.5997652892520985,
            "acc": 0.7258064516129032
        },
        " 7th-8th": {
            "loss": 0.5010920254422018,
            "acc": 0.7588652482269503
        },
        " 9th": {
            "loss": 0.4977065941190764,
            "acc": 0.7739130434782608
        },
        " Assoc-acdm": {
            "loss": 1.0439662129715057,
            "acc": 0.6666666666666666
        },
        " Assoc-voc": {
            "loss": 1.2574480915443171,
            "acc": 0.6483516483516484
        },
        " Bachelors": {
            "loss": 1.983847248791562,
            "acc": 0.5399239543726235
        },
        " Doctorate": {
            "loss": 3.288720654265185,
            "acc": 0.36363636363636365
        },
        " HS-grad": {
            "loss": 1.0202493295096673,
            "acc": 0.685700575815739
        },
        " Masters": {
            "loss": 2.5825585154487447,
            "acc": 0.47696476964769646
        },
        " Preschool": {
            "loss": 0.5743713654328588,
            "acc": 0.6
        },
        " Prof-school": {
            "loss": 3.0142677188956823,
            "acc": 0.35344827586206895
        },
        " Some-college": {
            "loss": 0.9855589526016554,
            "acc": 0.6821548821548822
        }
    },
    "education-num": {
        "1-9": {
            "loss": 0.907160458316106,
            "acc": 0.6967018021081265
        },
        "10-13": {
            "loss": 1.7314484208067484,
            "acc": 0.5758371634931058
        },
        "13-16": {
            "loss": 2.768417505286311,
            "acc": 0.4359430604982206
        },
        "9-10": {
            "loss": 0.9855589526016554,
            "acc": 0.6821548821548822
        }
    },
    "relationship": {
        " Husband": {
            "loss": 2.0165212152083596,
            "acc": 0.5297297297297298
        },
        " Not-in-family": {
            "loss": 0.7712459331264253,
            "acc": 0.7225161669606114
        },
        " Other-relative": {
            "loss": 0.5199653651146436,
            "acc": 0.7401129943502824
        },
        " Own-child": {
            "loss": 0.5243798588080795,
            "acc": 0.7497546614327772
        },
        " Unmarried": {
            "loss": 0.6058124335203305,
            "acc": 0.7478632478632479
        },
        " Wife": {
            "loss": 2.291999943046614,
            "acc": 0.5062111801242236
        }
    },
    "race": {
        " Amer-Indian-Eskimo": {
            "loss": 0.6851712600264243,
            "acc": 0.6619718309859155
        },
        " Asian-Pac-Islander": {
            "loss": 1.7050238879740516,
            "acc": 0.5699481865284974
        },
        " Black": {
            "loss": 0.8558009912033301,
            "acc": 0.7028380634390651
        },
        " Other": {
            "loss": 0.5093524259454056,
            "acc": 0.7090909090909091
        },
        " White": {
            "loss": 1.324156014371896,
            "acc": 0.637761487573753
        }
    },
    "gender": {
        " Female": {
            "loss": 0.8281935133066717,
            "acc": 0.7130761994355598
        },
        " Male": {
            "loss": 1.4968349204311757,
            "acc": 0.6084378563283922
        }
    },
    "hours-per-week": {
        "1-35": {
            "loss": 0.6918262489607789,
            "acc": 0.7390659747961453
        },
        "35-40": {
            "loss": 1.1144923455751445,
            "acc": 0.6534090909090909
        },
        "40-50": {
            "loss": 1.9355516259122991,
            "acc": 0.5696821515892421
        },
        "50-99": {
            "loss": 1.936705775431772,
            "acc": 0.5449804432855281
        }
    }
}