{
    "forget_x": [
        0,
        1,
        0,
        0,
        0,
        0,
        0,
        0,
        0,
        0,
        0,
        0,
        0,
        0,
        0,
        0,
        0,
        0,
        0,
        0,
        1,
        0,
        0,
        0,
        1,
        0,
        1,
        0,
        0,
        0,
        0,
        0,
        0,
        0,
        0,
        1,
        1,
        0,
        0,
        0,
        1,
        0
    ],
    "forget_y": 0,
    "sample": {
        "age": "17-26",
        "education": " Bachelors",
        "education-num": "10-13",
        "relationship": " Other-relative",
        "race": " White",
        "gender": " Male",
        "hours-per-week": "35-40",
        "income": "<50k"
    },
    "performance": {
        "age": {
            "17-26": {
                "loss": 0.3040918595805042,
                "acc": 0.8636052090472927
            },
            "26-33": {
                "loss": 0.29237709116730803,
                "acc": 0.8496563573883161
            },
            "33-41": {
                "loss": 0.30136906827402465,
                "acc": 0.8542449286250939
            },
            "41-50": {
                "loss": 0.29394902927603755,
                "acc": 0.8548644338118022
            },
            "50-90": {
                "loss": 0.2946767634557514,
                "acc": 0.8594470046082949
            }
        },
        "education": {
            " 10th": {
                "loss": 0.347961903332394,
                "acc": 0.8524590163934426
            },
            " 11th": {
                "loss": 0.2963893746230315,
                "acc": 0.8533333333333334
            },
            " 12th": {
                "loss": 0.3539361128462898,
                "acc": 0.8061224489795918
            },
            " 1st-4th": {
                "loss": 0.2599051105075253,
                "acc": 0.8695652173913043
            },
            " 5th-6th": {
                "loss": 0.23368202584231693,
                "acc": 0.8709677419354839
            },
            " 7th-8th": {
                "loss": 0.27348518631938373,
                "acc": 0.8865248226950354
            },
            " 9th": {
                "loss": 0.300208630048181,
                "acc": 0.8521739130434782
            },
            " Assoc-acdm": {
                "loss": 0.2994454263810841,
                "acc": 0.8484848484848485
            },
            " Assoc-voc": {
                "loss": 0.2886061217554589,
                "acc": 0.8571428571428571
            },
            " Bachelors": {
                "loss": 0.2943491797393009,
                "acc": 0.8610846812559467
            },
            " Doctorate": {
                "loss": 0.3343986215233642,
                "acc": 0.8571428571428571
            },
            " HS-grad": {
                "loss": 0.2960358455269762,
                "acc": 0.8546065259117083
            },
            " Masters": {
                "loss": 0.27440263661534037,
                "acc": 0.8753387533875339
            },
            " Preschool": {
                "loss": 0.3886973844273381,
                "acc": 0.8
            },
            " Prof-school": {
                "loss": 0.2998527656446951,
                "acc": 0.8620689655172413
            },
            " Some-college": {
                "loss": 0.3021858688533433,
                "acc": 0.8538720538720539
            }
        },
        "education-num": {
            "1-9": {
                "loss": 0.2990233116123463,
                "acc": 0.8544712682760965
            },
            "10-13": {
                "loss": 0.2939820325681343,
                "acc": 0.8587385019710907
            },
            "13-16": {
                "loss": 0.2878757786176943,
                "acc": 0.8701067615658363
            },
            "9-10": {
                "loss": 0.3021858688533433,
                "acc": 0.8538720538720539
            }
        },
        "relationship": {
            " Husband": {
                "loss": 0.2958340072990735,
                "acc": 0.8602316602316602
            },
            " Not-in-family": {
                "loss": 0.2901727676099067,
                "acc": 0.8576470588235294
            },
            " Other-relative": {
                "loss": 0.22110106223312057,
                "acc": 0.9209039548022598
            },
            " Own-child": {
                "loss": 0.32338870369184236,
                "acc": 0.845927379784102
            },
            " Unmarried": {
                "loss": 0.29964559688653414,
                "acc": 0.8504273504273504
            },
            " Wife": {
                "loss": 0.3070728134097266,
                "acc": 0.8354037267080745
            }
        },
        "race": {
            " Amer-Indian-Eskimo": {
                "loss": 0.2971020387330215,
                "acc": 0.8169014084507042
            },
            " Asian-Pac-Islander": {
                "loss": 0.2744460756513737,
                "acc": 0.8808290155440415
            },
            " Black": {
                "loss": 0.29294552607117935,
                "acc": 0.8430717863105175
            },
            " Other": {
                "loss": 0.331451962829998,
                "acc": 0.8363636363636363
            },
            " White": {
                "loss": 0.29857543820241894,
                "acc": 0.8580114449213162
            }
        },
        "gender": {
            " Female": {
                "loss": 0.3055379934700311,
                "acc": 0.8489411764705882
            },
            " Male": {
                "loss": 0.29375876390585026,
                "acc": 0.8604332953249715
            }
        },
        "hours-per-week": {
            "1-35": {
                "loss": 0.27991792302025637,
                "acc": 0.8739807264640475
            },
            "35-40": {
                "loss": 0.31100185207679837,
                "acc": 0.8452794442690243
            },
            "40-50": {
                "loss": 0.2800196595541296,
                "acc": 0.8671556642216789
            },
            "50-99": {
                "loss": 0.3015177964752385,
                "acc": 0.8565840938722294
            }
        }
    }
}