{
    "forget_x": [
        0,
        0,
        0,
        1,
        0,
        1,
        0,
        0,
        0,
        0,
        0,
        0,
        0,
        0,
        0,
        0,
        0,
        0,
        0,
        0,
        0,
        1,
        0,
        0,
        0,
        1,
        0,
        0,
        0,
        0,
        0,
        0,
        0,
        0,
        0,
        1,
        0,
        1,
        0,
        1,
        0,
        0
    ],
    "forget_y": 0,
    "sample": {
        "age": "50-90",
        "education": " HS-grad",
        "education-num": "1-9",
        "relationship": " Wife",
        "race": " White",
        "gender": " Female",
        "hours-per-week": "1-35",
        "income": "<50k"
    },
    "performance": {
        "age": {
            "17-26": {
                "loss": 0.3028326612008428,
                "acc": 0.8582191780821918
            },
            "26-33": {
                "loss": 0.28958001365011593,
                "acc": 0.852233676975945
            },
            "33-41": {
                "loss": 0.2952853365372168,
                "acc": 0.850488354620586
            },
            "41-50": {
                "loss": 0.2960687220789087,
                "acc": 0.8604465709728868
            },
            "50-90": {
                "loss": 0.28616537517292234,
                "acc": 0.8593389700230591
            }
        },
        "education": {
            " 10th": {
                "loss": 0.3450835633179343,
                "acc": 0.8579234972677595
            },
            " 11th": {
                "loss": 0.3002196807071418,
                "acc": 0.8666666666666667
            },
            " 12th": {
                "loss": 0.34460613782878824,
                "acc": 0.7959183673469388
            },
            " 1st-4th": {
                "loss": 0.2314008438175232,
                "acc": 0.8695652173913043
            },
            " 5th-6th": {
                "loss": 0.23822938676814412,
                "acc": 0.8709677419354839
            },
            " 7th-8th": {
                "loss": 0.25110971587520947,
                "acc": 0.9078014184397163
            },
            " 9th": {
                "loss": 0.29610226977339665,
                "acc": 0.8521739130434782
            },
            " Assoc-acdm": {
                "loss": 0.3104018687569814,
                "acc": 0.8282828282828283
            },
            " Assoc-voc": {
                "loss": 0.2912568929660793,
                "acc": 0.8608058608058609
            },
            " Bachelors": {
                "loss": 0.29460608234550917,
                "acc": 0.8659695817490495
            },
            " Doctorate": {
                "loss": 0.33490718355518656,
                "acc": 0.8311688311688312
            },
            " HS-grad": {
                "loss": 0.29239756529465394,
                "acc": 0.8521363418146903
            },
            " Masters": {
                "loss": 0.26598058768196164,
                "acc": 0.8753387533875339
            },
            " Preschool": {
                "loss": 0.35932979585406655,
                "acc": 0.8
            },
            " Prof-school": {
                "loss": 0.2857556006823938,
                "acc": 0.8448275862068966
            },
            " Some-college": {
                "loss": 0.2970660431654448,
                "acc": 0.8525252525252526
            }
        },
        "education-num": {
            "1-9": {
                "loss": 0.29478885053421233,
                "acc": 0.8547619047619047
            },
            "10-13": {
                "loss": 0.29605929114976903,
                "acc": 0.8601444517399869
            },
            "13-16": {
                "loss": 0.2795059424689517,
                "acc": 0.8629893238434164
            },
            "9-10": {
                "loss": 0.2970660431654448,
                "acc": 0.8525252525252526
            }
        },
        "relationship": {
            " Husband": {
                "loss": 0.2927663153899255,
                "acc": 0.8540540540540541
            },
            " Not-in-family": {
                "loss": 0.2836151135730277,
                "acc": 0.8641176470588235
            },
            " Other-relative": {
                "loss": 0.20008171019058815,
                "acc": 0.9157303370786517
            },
            " Own-child": {
                "loss": 0.32465115462894867,
                "acc": 0.8400392541707556
            },
            " Unmarried": {
                "loss": 0.30386523108768226,
                "acc": 0.8561253561253561
            },
            " Wife": {
                "loss": 0.2979595689143011,
                "acc": 0.8504672897196262
            }
        },
        "race": {
            " Amer-Indian-Eskimo": {
                "loss": 0.29026869637142405,
                "acc": 0.8309859154929577
            },
            " Asian-Pac-Islander": {
                "loss": 0.24692906355260819,
                "acc": 0.9067357512953368
            },
            " Black": {
                "loss": 0.29651886904285296,
                "acc": 0.8514190317195326
            },
            " Other": {
                "loss": 0.29547925004001846,
                "acc": 0.8181818181818182
            },
            " White": {
                "loss": 0.2957207415491845,
                "acc": 0.85568669527897
            }
        },
        "gender": {
            " Female": {
                "loss": 0.30318465936452793,
                "acc": 0.853578154425612
            },
            " Male": {
                "loss": 0.2899769079502201,
                "acc": 0.8575011399908801
            }
        },
        "hours-per-week": {
            "1-35": {
                "loss": 0.2758124706545242,
                "acc": 0.8731454005934718
            },
            "35-40": {
                "loss": 0.30881110290251923,
                "acc": 0.8478535353535354
            },
            "40-50": {
                "loss": 0.2789295240635813,
                "acc": 0.8614506927465363
            },
            "50-99": {
                "loss": 0.2913267591869961,
                "acc": 0.8526727509778357
            }
        }
    }
}