{
    "age": {
        "17-26": {
            "loss": 0.472911241522005,
            "acc": 0.7746575342465754
        },
        "26-33": {
            "loss": 1.1289966010816446,
            "acc": 0.6995708154506438
        },
        "33-41": {
            "loss": 1.7659438244367707,
            "acc": 0.6078136739293765
        },
        "41-50": {
            "loss": 1.979454484979305,
            "acc": 0.5749601275917066
        },
        "50-90": {
            "loss": 1.827889290132835,
            "acc": 0.6102997694081476
        }
    },
    "education": {
        " 10th": {
            "loss": 0.7785774080406466,
            "acc": 0.7103825136612022
        },
        " 11th": {
            "loss": 0.7455957919948413,
            "acc": 0.72
        },
        " 12th": {
            "loss": 0.5971286274856396,
            "acc": 0.7755102040816326
        },
        " 1st-4th": {
            "loss": 0.2753175893589484,
            "acc": 0.8695652173913043
        },
        " 5th-6th": {
            "loss": 0.575360846940096,
            "acc": 0.7258064516129032
        },
        " 7th-8th": {
            "loss": 0.5022810996107439,
            "acc": 0.7659574468085106
        },
        " 9th": {
            "loss": 0.45049530141150806,
            "acc": 0.808695652173913
        },
        " Assoc-acdm": {
            "loss": 1.1620867245812798,
            "acc": 0.6919191919191919
        },
        " Assoc-voc": {
            "loss": 1.378913764286524,
            "acc": 0.663003663003663
        },
        " Bachelors": {
            "loss": 2.2721313457897416,
            "acc": 0.5517568850902185
        },
        " Doctorate": {
            "loss": 4.051923545335279,
            "acc": 0.37662337662337664
        },
        " HS-grad": {
            "loss": 1.0855705924221595,
            "acc": 0.7009121459433509
        },
        " Masters": {
            "loss": 2.9591576360714194,
            "acc": 0.47696476964769646
        },
        " Preschool": {
            "loss": 0.5043878144621455,
            "acc": 0.7
        },
        " Prof-school": {
            "loss": 3.5617978611936736,
            "acc": 0.35344827586206895
        },
        " Some-college": {
            "loss": 1.0778840314505524,
            "acc": 0.6895622895622896
        }
    },
    "education-num": {
        "1-9": {
            "loss": 0.9522714347948408,
            "acc": 0.714625850340136
        },
        "10-13": {
            "loss": 1.9679074384736943,
            "acc": 0.5898950131233596
        },
        "13-16": {
            "loss": 3.233266606049178,
            "acc": 0.4377224199288256
        },
        "9-10": {
            "loss": 1.0778840314505524,
            "acc": 0.6895622895622896
        }
    },
    "relationship": {
        " Husband": {
            "loss": 2.3390120100572602,
            "acc": 0.5324324324324324
        },
        " Not-in-family": {
            "loss": 0.7946735693532542,
            "acc": 0.7436801881246325
        },
        " Other-relative": {
            "loss": 0.44317998154491356,
            "acc": 0.7696629213483146
        },
        " Own-child": {
            "loss": 0.4829977381399753,
            "acc": 0.7703631010794897
        },
        " Unmarried": {
            "loss": 0.5806928417850846,
            "acc": 0.7706552706552706
        },
        " Wife": {
            "loss": 2.57954710125699,
            "acc": 0.5077881619937694
        }
    },
    "race": {
        " Amer-Indian-Eskimo": {
            "loss": 0.6956656416663282,
            "acc": 0.6619718309859155
        },
        " Asian-Pac-Islander": {
            "loss": 1.9893318285812036,
            "acc": 0.5751295336787565
        },
        " Black": {
            "loss": 0.8644522276813463,
            "acc": 0.7195325542570952
        },
        " Other": {
            "loss": 0.48628762526179603,
            "acc": 0.7454545454545455
        },
        " White": {
            "loss": 1.4730263841568823,
            "acc": 0.6508135168961201
        }
    },
    "gender": {
        " Female": {
            "loss": 0.83646920274241,
            "acc": 0.7341176470588235
        },
        " Male": {
            "loss": 1.6960842494315622,
            "acc": 0.617875056999544
        }
    },
    "hours-per-week": {
        "1-35": {
            "loss": 0.6994380835559643,
            "acc": 0.7589020771513353
        },
        "35-40": {
            "loss": 1.2049151343953333,
            "acc": 0.669611864941622
        },
        "40-50": {
            "loss": 2.2275276031946154,
            "acc": 0.5737571312143439
        },
        "50-99": {
            "loss": 2.2452771931973974,
            "acc": 0.5488917861799217
        }
    }
}