{
    "forget_x": [
        0,
        1,
        0,
        0,
        0,
        0,
        0,
        0,
        0,
        0,
        0,
        0,
        0,
        0,
        0,
        0,
        0,
        0,
        0,
        0,
        1,
        0,
        0,
        0,
        1,
        0,
        0,
        0,
        0,
        1,
        0,
        0,
        0,
        0,
        0,
        1,
        1,
        0,
        1,
        0,
        0,
        0
    ],
    "forget_y": 0,
    "sample": {
        "age": "41-50",
        "education": " 10th",
        "education-num": "1-9",
        "relationship": " Husband",
        "race": " White",
        "gender": " Male",
        "hours-per-week": "35-40",
        "income": "<50k"
    },
    "performance": {
        "age": {
            "17-26": {
                "loss": 0.3011285077138005,
                "acc": 0.8506849315068493
            },
            "26-33": {
                "loss": 0.29309167501375616,
                "acc": 0.8530927835051546
            },
            "33-41": {
                "loss": 0.29509725131158143,
                "acc": 0.8482344102178813
            },
            "41-50": {
                "loss": 0.2958841964389292,
                "acc": 0.8555466879489226
            },
            "50-90": {
                "loss": 0.28661476225247934,
                "acc": 0.8671274961597543
            }
        },
        "education": {
            " 10th": {
                "loss": 0.3387067422976942,
                "acc": 0.8626373626373627
            },
            " 11th": {
                "loss": 0.30543890437290777,
                "acc": 0.84
            },
            " 12th": {
                "loss": 0.3657181068256379,
                "acc": 0.8163265306122449
            },
            " 1st-4th": {
                "loss": 0.2341818755980917,
                "acc": 0.8695652173913043
            },
            " 5th-6th": {
                "loss": 0.24485541492425186,
                "acc": 0.8709677419354839
            },
            " 7th-8th": {
                "loss": 0.2533898202639144,
                "acc": 0.900709219858156
            },
            " 9th": {
                "loss": 0.2732951130134969,
                "acc": 0.8782608695652174
            },
            " Assoc-acdm": {
                "loss": 0.2973612095764752,
                "acc": 0.8383838383838383
            },
            " Assoc-voc": {
                "loss": 0.27421755978072887,
                "acc": 0.8681318681318682
            },
            " Bachelors": {
                "loss": 0.2988778561427391,
                "acc": 0.8488593155893536
            },
            " Doctorate": {
                "loss": 0.3507808496735988,
                "acc": 0.8441558441558441
            },
            " HS-grad": {
                "loss": 0.292135044779301,
                "acc": 0.8522072936660269
            },
            " Masters": {
                "loss": 0.268311564096572,
                "acc": 0.8780487804878049
            },
            " Preschool": {
                "loss": 0.39524714665549415,
                "acc": 0.8
            },
            " Prof-school": {
                "loss": 0.2860266730376863,
                "acc": 0.8620689655172413
            },
            " Some-college": {
                "loss": 0.2986173098194105,
                "acc": 0.8538720538720539
            }
        },
        "education-num": {
            "1-9": {
                "loss": 0.29479414331817566,
                "acc": 0.854421768707483
            },
            "10-13": {
                "loss": 0.29426028757612793,
                "acc": 0.8509520682862771
            },
            "13-16": {
                "loss": 0.2832672360300245,
                "acc": 0.8701067615658363
            },
            "9-10": {
                "loss": 0.2986173098194105,
                "acc": 0.8538720538720539
            }
        },
        "relationship": {
            " Husband": {
                "loss": 0.29515687941416846,
                "acc": 0.8555426805716493
            },
            " Not-in-family": {
                "loss": 0.2877137906870723,
                "acc": 0.8611764705882353
            },
            " Other-relative": {
                "loss": 0.19988070034281985,
                "acc": 0.9213483146067416
            },
            " Own-child": {
                "loss": 0.3175877260443705,
                "acc": 0.8361138370951914
            },
            " Unmarried": {
                "loss": 0.30017537527719673,
                "acc": 0.8518518518518519
            },
            " Wife": {
                "loss": 0.2928500470448709,
                "acc": 0.84472049689441
            }
        },
        "race": {
            " Amer-Indian-Eskimo": {
                "loss": 0.28947910903573987,
                "acc": 0.8309859154929577
            },
            " Asian-Pac-Islander": {
                "loss": 0.257098762496938,
                "acc": 0.8860103626943006
            },
            " Black": {
                "loss": 0.3035757517293727,
                "acc": 0.8547579298831386
            },
            " Other": {
                "loss": 0.279712596146428,
                "acc": 0.8363636363636363
            },
            " White": {
                "loss": 0.29508171407138606,
                "acc": 0.8542560801144492
            }
        },
        "gender": {
            " Female": {
                "loss": 0.29906415739844266,
                "acc": 0.851764705882353
            },
            " Male": {
                "loss": 0.29235684300864123,
                "acc": 0.8563283922462942
            }
        },
        "hours-per-week": {
            "1-35": {
                "loss": 0.2757794506689967,
                "acc": 0.8710155670867309
            },
            "35-40": {
                "loss": 0.3058364121567652,
                "acc": 0.8468582254499526
            },
            "40-50": {
                "loss": 0.28264641521961725,
                "acc": 0.856560717196414
            },
            "50-99": {
                "loss": 0.299972025211415,
                "acc": 0.8565840938722294
            }
        }
    }
}