{
    "age": {
        "17-26": {
            "loss": 0.5141278328413863,
            "acc": 0.7472602739726028
        },
        "26-33": {
            "loss": 1.1473054560386822,
            "acc": 0.6832618025751073
        },
        "33-41": {
            "loss": 1.7070680755338832,
            "acc": 0.594290007513148
        },
        "41-50": {
            "loss": 1.9656783394765174,
            "acc": 0.5722266560255387
        },
        "50-90": {
            "loss": 1.8197829111517227,
            "acc": 0.5929339477726574
        }
    },
    "education": {
        " 10th": {
            "loss": 0.8339630535566561,
            "acc": 0.6758241758241759
        },
        " 11th": {
            "loss": 0.7393056314892743,
            "acc": 0.6888888888888889
        },
        " 12th": {
            "loss": 0.7820838474431127,
            "acc": 0.7551020408163265
        },
        " 1st-4th": {
            "loss": 0.3804828929330573,
            "acc": 0.8695652173913043
        },
        " 5th-6th": {
            "loss": 0.6044366401977815,
            "acc": 0.7258064516129032
        },
        " 7th-8th": {
            "loss": 0.5481459989494996,
            "acc": 0.7375886524822695
        },
        " 9th": {
            "loss": 0.5258136994439816,
            "acc": 0.7391304347826086
        },
        " Assoc-acdm": {
            "loss": 1.1955238156282209,
            "acc": 0.6717171717171717
        },
        " Assoc-voc": {
            "loss": 1.444401366488848,
            "acc": 0.6483516483516484
        },
        " Bachelors": {
            "loss": 2.20989173958967,
            "acc": 0.5413105413105413
        },
        " Doctorate": {
            "loss": 3.5357292901235606,
            "acc": 0.4155844155844156
        },
        " HS-grad": {
            "loss": 1.0947221181232334,
            "acc": 0.6804222648752399
        },
        " Masters": {
            "loss": 2.9097383721400627,
            "acc": 0.46612466124661245
        },
        " Preschool": {
            "loss": 0.5752400518871918,
            "acc": 0.6
        },
        " Prof-school": {
            "loss": 3.4292683721126545,
            "acc": 0.3620689655172414
        },
        " Some-college": {
            "loss": 1.0936030169747475,
            "acc": 0.6808080808080809
        }
    },
    "education-num": {
        "1-9": {
            "loss": 0.974797923158902,
            "acc": 0.6904761904761905
        },
        "10-13": {
            "loss": 1.940978536964413,
            "acc": 0.5774278215223098
        },
        "13-16": {
            "loss": 3.102739761253139,
            "acc": 0.4377224199288256
        },
        "9-10": {
            "loss": 1.0936030169747475,
            "acc": 0.6808080808080809
        }
    },
    "relationship": {
        " Husband": {
            "loss": 2.317606079395322,
            "acc": 0.5276168404789494
        },
        " Not-in-family": {
            "loss": 0.7980576880238658,
            "acc": 0.721928277483833
        },
        " Other-relative": {
            "loss": 0.4909048920086775,
            "acc": 0.7528089887640449
        },
        " Own-child": {
            "loss": 0.5321500570415126,
            "acc": 0.7438665358194309
        },
        " Unmarried": {
            "loss": 0.6233912342150131,
            "acc": 0.7350427350427351
        },
        " Wife": {
            "loss": 2.380920864123793,
            "acc": 0.5124223602484472
        }
    },
    "race": {
        " Amer-Indian-Eskimo": {
            "loss": 0.7657183936313092,
            "acc": 0.676056338028169
        },
        " Asian-Pac-Islander": {
            "loss": 1.9367844187897991,
            "acc": 0.5803108808290155
        },
        " Black": {
            "loss": 0.9398671827950918,
            "acc": 0.6811352253756261
        },
        " Other": {
            "loss": 0.5374432249082581,
            "acc": 0.7272727272727273
        },
        " White": {
            "loss": 1.4609319134300476,
            "acc": 0.6363311281959593
        }
    },
    "gender": {
        " Female": {
            "loss": 0.8441572779143753,
            "acc": 0.713546566321731
        },
        " Male": {
            "loss": 1.6868914566948134,
            "acc": 0.6043329532497149
        }
    },
    "hours-per-week": {
        "1-35": {
            "loss": 0.7344984078468053,
            "acc": 0.7368421052631579
        },
        "35-40": {
            "loss": 1.2177511706538107,
            "acc": 0.6521464646464646
        },
        "40-50": {
            "loss": 2.15170493663848,
            "acc": 0.5656071719641402
        },
        "50-99": {
            "loss": 2.220184344694487,
            "acc": 0.5384615384615384
        }
    }
}