{
    "age": {
        "17-26": {
            "loss": 0.5021677069392553,
            "acc": 0.7445205479452055
        },
        "26-33": {
            "loss": 0.9940582436319791,
            "acc": 0.6824034334763949
        },
        "33-41": {
            "loss": 1.472670197790035,
            "acc": 0.5950413223140496
        },
        "41-50": {
            "loss": 1.6707295469096544,
            "acc": 0.5701754385964912
        },
        "50-90": {
            "loss": 1.553078866389577,
            "acc": 0.5926210607225212
        }
    },
    "education": {
        " 10th": {
            "loss": 0.6923380369215135,
            "acc": 0.6830601092896175
        },
        " 11th": {
            "loss": 0.6933794340789681,
            "acc": 0.6888888888888889
        },
        " 12th": {
            "loss": 0.662255298660214,
            "acc": 0.7422680412371134
        },
        " 1st-4th": {
            "loss": 0.32212121163327756,
            "acc": 0.8695652173913043
        },
        " 5th-6th": {
            "loss": 0.5907697853300945,
            "acc": 0.7258064516129032
        },
        " 7th-8th": {
            "loss": 0.5216995164370364,
            "acc": 0.7304964539007093
        },
        " 9th": {
            "loss": 0.49364567527991715,
            "acc": 0.7652173913043478
        },
        " Assoc-acdm": {
            "loss": 0.9969644577180891,
            "acc": 0.6717171717171717
        },
        " Assoc-voc": {
            "loss": 1.2335978377668604,
            "acc": 0.6483516483516484
        },
        " Bachelors": {
            "loss": 1.8787696677622088,
            "acc": 0.5441595441595442
        },
        " Doctorate": {
            "loss": 3.060788352496752,
            "acc": 0.4025974025974026
        },
        " HS-grad": {
            "loss": 0.9805324972416147,
            "acc": 0.6761036468330134
        },
        " Masters": {
            "loss": 2.409903421294068,
            "acc": 0.4796747967479675
        },
        " Preschool": {
            "loss": 0.5614216917229158,
            "acc": 0.6
        },
        " Prof-school": {
            "loss": 2.9234524866486886,
            "acc": 0.35344827586206895
        },
        " Some-college": {
            "loss": 0.9562893414676465,
            "acc": 0.6767676767676768
        }
    },
    "education-num": {
        "1-9": {
            "loss": 0.874270863127903,
            "acc": 0.6880952380952381
        },
        "10-13": {
            "loss": 1.6486323047848717,
            "acc": 0.5793963254593176
        },
        "13-16": {
            "loss": 2.6050810570302625,
            "acc": 0.4430604982206406
        },
        "9-10": {
            "loss": 0.9562893414676465,
            "acc": 0.6767676767676768
        }
    },
    "relationship": {
        " Husband": {
            "loss": 1.9267847518595334,
            "acc": 0.527027027027027
        },
        " Not-in-family": {
            "loss": 0.7486989948717684,
            "acc": 0.7235294117647059
        },
        " Other-relative": {
            "loss": 0.4985060303600588,
            "acc": 0.7584269662921348
        },
        " Own-child": {
            "loss": 0.5181181516111995,
            "acc": 0.745829244357213
        },
        " Unmarried": {
            "loss": 0.5859556699104256,
            "acc": 0.7222222222222222
        },
        " Wife": {
            "loss": 2.098816917538595,
            "acc": 0.5062111801242236
        }
    },
    "race": {
        " Amer-Indian-Eskimo": {
            "loss": 0.6677898928185926,
            "acc": 0.676056338028169
        },
        " Asian-Pac-Islander": {
            "loss": 1.6397623064201465,
            "acc": 0.5803108808290155
        },
        " Black": {
            "loss": 0.8322861293858234,
            "acc": 0.6894824707846411
        },
        " Other": {
            "loss": 0.5049399249968713,
            "acc": 0.7454545454545455
        },
        " White": {
            "loss": 1.2652992850549751,
            "acc": 0.6340067942070445
        }
    },
    "gender": {
        " Female": {
            "loss": 0.7871870544419306,
            "acc": 0.707764705882353
        },
        " Male": {
            "loss": 1.4350763122502381,
            "acc": 0.605563155494756
        }
    },
    "hours-per-week": {
        "1-35": {
            "loss": 0.6705639440854653,
            "acc": 0.7329376854599406
        },
        "35-40": {
            "loss": 1.07178446857489,
            "acc": 0.6506784474597664
        },
        "40-50": {
            "loss": 1.8129791428350106,
            "acc": 0.5664221678891606
        },
        "50-99": {
            "loss": 1.8801650722543108,
            "acc": 0.5410691003911343
        }
    }
}