{
    "forget_x": [
        0,
        0,
        0,
        1,
        0,
        0,
        0,
        0,
        0,
        0,
        0,
        0,
        0,
        0,
        0,
        1,
        0,
        0,
        0,
        0,
        0,
        0,
        0,
        1,
        0,
        1,
        0,
        0,
        0,
        0,
        0,
        0,
        0,
        0,
        0,
        1,
        0,
        1,
        0,
        0,
        1,
        0
    ],
    "forget_y": 1,
    "sample": {
        "age": "50-90",
        "education": " 12th",
        "education-num": "1-9",
        "relationship": " Not-in-family",
        "race": " White",
        "gender": " Female",
        "hours-per-week": "1-35",
        "income": "<50k"
    },
    "performance": {
        "age": {
            "17-26": {
                "loss": 0.30553171519658706,
                "acc": 0.8575342465753425
            },
            "26-33": {
                "loss": 0.2926389566180908,
                "acc": 0.8479381443298969
            },
            "33-41": {
                "loss": 0.3002990605302338,
                "acc": 0.8534936138241923
            },
            "41-50": {
                "loss": 0.2973306495363366,
                "acc": 0.8556618819776715
            },
            "50-90": {
                "loss": 0.29119562472547295,
                "acc": 0.8593389700230591
            }
        },
        "education": {
            " 10th": {
                "loss": 0.3365122260041548,
                "acc": 0.8524590163934426
            },
            " 11th": {
                "loss": 0.3044817101144356,
                "acc": 0.8666666666666667
            },
            " 12th": {
                "loss": 0.3516965892075615,
                "acc": 0.7938144329896907
            },
            " 1st-4th": {
                "loss": 0.2695413184577459,
                "acc": 0.8695652173913043
            },
            " 5th-6th": {
                "loss": 0.24516110030553978,
                "acc": 0.8709677419354839
            },
            " 7th-8th": {
                "loss": 0.2662719232646537,
                "acc": 0.8865248226950354
            },
            " 9th": {
                "loss": 0.2957837319219175,
                "acc": 0.8608695652173913
            },
            " Assoc-acdm": {
                "loss": 0.309349718240931,
                "acc": 0.8484848484848485
            },
            " Assoc-voc": {
                "loss": 0.2943888574798714,
                "acc": 0.8608058608058609
            },
            " Bachelors": {
                "loss": 0.30187555216639084,
                "acc": 0.8564638783269962
            },
            " Doctorate": {
                "loss": 0.32220722895624454,
                "acc": 0.8441558441558441
            },
            " HS-grad": {
                "loss": 0.29357404313613034,
                "acc": 0.8522072936660269
            },
            " Masters": {
                "loss": 0.28158580499462627,
                "acc": 0.8536585365853658
            },
            " Preschool": {
                "loss": 0.408646792921912,
                "acc": 0.8
            },
            " Prof-school": {
                "loss": 0.28987490323105364,
                "acc": 0.8620689655172413
            },
            " Some-college": {
                "loss": 0.29866180262966785,
                "acc": 0.8565656565656565
            }
        },
        "education-num": {
            "1-9": {
                "loss": 0.29695863061475064,
                "acc": 0.8537414965986394
            },
            "10-13": {
                "loss": 0.3015052417483602,
                "acc": 0.8562048588312541
            },
            "13-16": {
                "loss": 0.28886229083176185,
                "acc": 0.8540925266903915
            },
            "9-10": {
                "loss": 0.29866180262966785,
                "acc": 0.8565656565656565
            }
        },
        "relationship": {
            " Husband": {
                "loss": 0.2974527003173038,
                "acc": 0.8552123552123552
            },
            " Not-in-family": {
                "loss": 0.28740950896198963,
                "acc": 0.861094761624485
            },
            " Other-relative": {
                "loss": 0.21399648547282835,
                "acc": 0.9101123595505618
            },
            " Own-child": {
                "loss": 0.3217613053123029,
                "acc": 0.8469087340529932
            },
            " Unmarried": {
                "loss": 0.3045708699014389,
                "acc": 0.8433048433048433
            },
            " Wife": {
                "loss": 0.30937297141669834,
                "acc": 0.8416149068322981
            }
        },
        "race": {
            " Amer-Indian-Eskimo": {
                "loss": 0.3114718745355412,
                "acc": 0.8309859154929577
            },
            " Asian-Pac-Islander": {
                "loss": 0.2585587070017626,
                "acc": 0.8963730569948186
            },
            " Black": {
                "loss": 0.3043322964636602,
                "acc": 0.8514190317195326
            },
            " Other": {
                "loss": 0.3223920487351368,
                "acc": 0.8363636363636363
            },
            " White": {
                "loss": 0.29793657005312985,
                "acc": 0.8544349070100143
            }
        },
        "gender": {
            " Female": {
                "loss": 0.3037234404365885,
                "acc": 0.8531073446327684
            },
            " Male": {
                "loss": 0.29480065071940553,
                "acc": 0.8559051527587779
            }
        },
        "hours-per-week": {
            "1-35": {
                "loss": 0.279258375014248,
                "acc": 0.8738872403560831
            },
            "35-40": {
                "loss": 0.31047468248324,
                "acc": 0.8446969696969697
            },
            "40-50": {
                "loss": 0.28581642157016873,
                "acc": 0.863080684596577
            },
            "50-99": {
                "loss": 0.2964581599086298,
                "acc": 0.8513689700130378
            }
        }
    }
}