{
    "forget_x": [
        0,
        1,
        0,
        0,
        0,
        0,
        0,
        0,
        0,
        0,
        0,
        0,
        0,
        0,
        0,
        0,
        0,
        1,
        0,
        0,
        0,
        0,
        0,
        1,
        0,
        0,
        1,
        0,
        0,
        0,
        0,
        0,
        0,
        1,
        0,
        0,
        1,
        0,
        0,
        1,
        0,
        0
    ],
    "forget_y": 0,
    "sample": {
        "age": "41-50",
        "education": " Doctorate",
        "education-num": "13-16",
        "relationship": " Husband",
        "race": " White",
        "gender": " Male",
        "hours-per-week": "40-50",
        "income": ">=50k"
    },
    "performance": {
        "age": {
            "17-26": {
                "loss": 0.30016597171765913,
                "acc": 0.8589041095890411
            },
            "26-33": {
                "loss": 0.2943168368436775,
                "acc": 0.8487972508591065
            },
            "33-41": {
                "loss": 0.3007144706769132,
                "acc": 0.8519909842223892
            },
            "41-50": {
                "loss": 0.2935506955721196,
                "acc": 0.8603351955307262
            },
            "50-90": {
                "loss": 0.2891369701810027,
                "acc": 0.8609831029185868
            }
        },
        "education": {
            " 10th": {
                "loss": 0.3325943781326695,
                "acc": 0.8579234972677595
            },
            " 11th": {
                "loss": 0.29146373040792356,
                "acc": 0.8622222222222222
            },
            " 12th": {
                "loss": 0.364960207562224,
                "acc": 0.8163265306122449
            },
            " 1st-4th": {
                "loss": 0.23305309228534704,
                "acc": 0.8695652173913043
            },
            " 5th-6th": {
                "loss": 0.2382580447220188,
                "acc": 0.8709677419354839
            },
            " 7th-8th": {
                "loss": 0.2518024805915256,
                "acc": 0.9078014184397163
            },
            " 9th": {
                "loss": 0.294685711808743,
                "acc": 0.8521739130434782
            },
            " Assoc-acdm": {
                "loss": 0.3006924387162313,
                "acc": 0.8434343434343434
            },
            " Assoc-voc": {
                "loss": 0.2864692092623437,
                "acc": 0.8534798534798534
            },
            " Bachelors": {
                "loss": 0.2961148444563992,
                "acc": 0.8602661596958175
            },
            " Doctorate": {
                "loss": 0.34738356089579653,
                "acc": 0.8289473684210527
            },
            " HS-grad": {
                "loss": 0.2946603597760363,
                "acc": 0.8507677543186181
            },
            " Masters": {
                "loss": 0.2739327856893417,
                "acc": 0.8644986449864499
            },
            " Preschool": {
                "loss": 0.3771486851385688,
                "acc": 0.9
            },
            " Prof-school": {
                "loss": 0.30150041210043255,
                "acc": 0.853448275862069
            },
            " Some-college": {
                "loss": 0.2990315893980597,
                "acc": 0.8592592592592593
            }
        },
        "education-num": {
            "1-9": {
                "loss": 0.295674639246019,
                "acc": 0.8544712682760965
            },
            "10-13": {
                "loss": 0.2949809674081197,
                "acc": 0.8568614576493763
            },
            "13-16": {
                "loss": 0.2895835942087303,
                "acc": 0.857397504456328
            },
            "9-10": {
                "loss": 0.2990315893980597,
                "acc": 0.8592592592592593
            }
        },
        "relationship": {
            " Husband": {
                "loss": 0.2961995728892064,
                "acc": 0.8574739281575898
            },
            " Not-in-family": {
                "loss": 0.2892892985475852,
                "acc": 0.8582352941176471
            },
            " Other-relative": {
                "loss": 0.2147650889860309,
                "acc": 0.9044943820224719
            },
            " Own-child": {
                "loss": 0.31545840274723824,
                "acc": 0.8488714425907753
            },
            " Unmarried": {
                "loss": 0.29732134168953844,
                "acc": 0.8532763532763533
            },
            " Wife": {
                "loss": 0.30528277064058995,
                "acc": 0.8416149068322981
            }
        },
        "race": {
            " Amer-Indian-Eskimo": {
                "loss": 0.29271942325137756,
                "acc": 0.8309859154929577
            },
            " Asian-Pac-Islander": {
                "loss": 0.2692063621585355,
                "acc": 0.8911917098445595
            },
            " Black": {
                "loss": 0.28891103204860263,
                "acc": 0.8530884808013356
            },
            " Other": {
                "loss": 0.31174787224908884,
                "acc": 0.8545454545454545
            },
            " White": {
                "loss": 0.29728356328220085,
                "acc": 0.855865522174535
            }
        },
        "gender": {
            " Female": {
                "loss": 0.30139733466118734,
                "acc": 0.8512941176470589
            },
            " Male": {
                "loss": 0.293018038275325,
                "acc": 0.8588369441277081
            }
        },
        "hours-per-week": {
            "1-35": {
                "loss": 0.2746401945092505,
                "acc": 0.8784284655300222
            },
            "35-40": {
                "loss": 0.30960522462554996,
                "acc": 0.8440656565656566
            },
            "40-50": {
                "loss": 0.28261947048036057,
                "acc": 0.8629690048939641
            },
            "50-99": {
                "loss": 0.2966662179617725,
                "acc": 0.8578878748370273
            }
        }
    }
}