{
    "age": {
        "17-26": {
            "loss": 0.4568489672473855,
            "acc": 0.7842465753424658
        },
        "26-33": {
            "loss": 0.9929326324018155,
            "acc": 0.7012875536480687
        },
        "33-41": {
            "loss": 1.5333357842744342,
            "acc": 0.6145755071374907
        },
        "41-50": {
            "loss": 1.7235037058569866,
            "acc": 0.5826017557861133
        },
        "50-90": {
            "loss": 1.6123222754382982,
            "acc": 0.6067588325652842
        }
    },
    "education": {
        " 10th": {
            "loss": 0.6853707682191768,
            "acc": 0.7049180327868853
        },
        " 11th": {
            "loss": 0.6659411050875859,
            "acc": 0.7333333333333333
        },
        " 12th": {
            "loss": 0.6852673201971379,
            "acc": 0.7653061224489796
        },
        " 1st-4th": {
            "loss": 0.29847771461875355,
            "acc": 0.9130434782608695
        },
        " 5th-6th": {
            "loss": 0.5020404838450455,
            "acc": 0.7741935483870968
        },
        " 7th-8th": {
            "loss": 0.49887962005271025,
            "acc": 0.7801418439716312
        },
        " 9th": {
            "loss": 0.4503331265871992,
            "acc": 0.782608695652174
        },
        " Assoc-acdm": {
            "loss": 1.104640145101347,
            "acc": 0.696969696969697
        },
        " Assoc-voc": {
            "loss": 1.2250223945220662,
            "acc": 0.673992673992674
        },
        " Bachelors": {
            "loss": 1.964398233259052,
            "acc": 0.5489078822412156
        },
        " Doctorate": {
            "loss": 3.2847234498975144,
            "acc": 0.3815789473684211
        },
        " HS-grad": {
            "loss": 0.9690741917835901,
            "acc": 0.7087332053742802
        },
        " Masters": {
            "loss": 2.5990187451451856,
            "acc": 0.4715447154471545
        },
        " Preschool": {
            "loss": 0.4791883213908994,
            "acc": 0.6
        },
        " Prof-school": {
            "loss": 2.9605899153591455,
            "acc": 0.3448275862068966
        },
        " Some-college": {
            "loss": 0.9581030461620155,
            "acc": 0.6976430976430976
        }
    },
    "education-num": {
        "1-9": {
            "loss": 0.8591907952800509,
            "acc": 0.7211832709962598
        },
        "10-13": {
            "loss": 1.720250132582921,
            "acc": 0.5905511811023622
        },
        "13-16": {
            "loss": 2.766676166367992,
            "acc": 0.43315508021390375
        },
        "9-10": {
            "loss": 0.9581030461620155,
            "acc": 0.6976430976430976
        }
    },
    "relationship": {
        " Husband": {
            "loss": 2.017523460097528,
            "acc": 0.5361143298570876
        },
        " Not-in-family": {
            "loss": 0.724307949550506,
            "acc": 0.7489711934156379
        },
        " Other-relative": {
            "loss": 0.453240672487591,
            "acc": 0.7752808988764045
        },
        " Own-child": {
            "loss": 0.4733695452905615,
            "acc": 0.7801766437684003
        },
        " Unmarried": {
            "loss": 0.545819534750224,
            "acc": 0.7678062678062678
        },
        " Wife": {
            "loss": 2.2416394525826098,
            "acc": 0.515527950310559
        }
    },
    "race": {
        " Amer-Indian-Eskimo": {
            "loss": 0.658510180588633,
            "acc": 0.6901408450704225
        },
        " Asian-Pac-Islander": {
            "loss": 1.686202651932978,
            "acc": 0.5803108808290155
        },
        " Black": {
            "loss": 0.8038439645727256,
            "acc": 0.7161936560934892
        },
        " Other": {
            "loss": 0.4444924061772264,
            "acc": 0.7636363636363637
        },
        " White": {
            "loss": 1.295420835346756,
            "acc": 0.655819774718398
        }
    },
    "gender": {
        " Female": {
            "loss": 0.7675632477704875,
            "acc": 0.7375352775164629
        },
        " Male": {
            "loss": 1.4804082597714925,
            "acc": 0.6230330672748005
        }
    },
    "hours-per-week": {
        "1-35": {
            "loss": 0.6314949811550103,
            "acc": 0.765752409191994
        },
        "35-40": {
            "loss": 1.084749119577879,
            "acc": 0.6752918901861786
        },
        "40-50": {
            "loss": 1.8963931255707471,
            "acc": 0.5734094616639478
        },
        "50-99": {
            "loss": 1.967398986164132,
            "acc": 0.5528031290743155
        }
    }
}