{
    "age": {
        "17-26": {
            "loss": 0.4287123621352956,
            "acc": 0.8006849315068493
        },
        "26-33": {
            "loss": 0.934618315336564,
            "acc": 0.7121993127147767
        },
        "33-41": {
            "loss": 1.4283146929630233,
            "acc": 0.6183320811419984
        },
        "41-50": {
            "loss": 1.6295394290438143,
            "acc": 0.5861244019138756
        },
        "50-90": {
            "loss": 1.494055489026041,
            "acc": 0.6213517665130568
        }
    },
    "education": {
        " 10th": {
            "loss": 0.6730417862672807,
            "acc": 0.726775956284153
        },
        " 11th": {
            "loss": 0.5947879497567192,
            "acc": 0.7511111111111111
        },
        " 12th": {
            "loss": 0.5978514742341186,
            "acc": 0.7857142857142857
        },
        " 1st-4th": {
            "loss": 0.22592792221656263,
            "acc": 0.9130434782608695
        },
        " 5th-6th": {
            "loss": 0.5028472311750274,
            "acc": 0.7741935483870968
        },
        " 7th-8th": {
            "loss": 0.4466134962620591,
            "acc": 0.7943262411347518
        },
        " 9th": {
            "loss": 0.4148133634237423,
            "acc": 0.808695652173913
        },
        " Assoc-acdm": {
            "loss": 0.9824748813322479,
            "acc": 0.7070707070707071
        },
        " Assoc-voc": {
            "loss": 1.201643933194243,
            "acc": 0.673992673992674
        },
        " Bachelors": {
            "loss": 1.8440056760516186,
            "acc": 0.560303893637227
        },
        " Doctorate": {
            "loss": 2.9368093065727265,
            "acc": 0.38961038961038963
        },
        " HS-grad": {
            "loss": 0.9105933568552276,
            "acc": 0.7207293666026872
        },
        " Masters": {
            "loss": 2.4079281937122157,
            "acc": 0.47282608695652173
        },
        " Preschool": {
            "loss": 0.47400031312875857,
            "acc": 0.7
        },
        " Prof-school": {
            "loss": 2.855898505334644,
            "acc": 0.35344827586206895
        },
        " Some-college": {
            "loss": 0.8960966666609639,
            "acc": 0.703030303030303
        }
    },
    "education-num": {
        "1-9": {
            "loss": 0.8041648586144902,
            "acc": 0.7351241074464467
        },
        "10-13": {
            "loss": 1.6170057724069349,
            "acc": 0.5997375328083989
        },
        "13-16": {
            "loss": 2.573148161338709,
            "acc": 0.43672014260249553
        },
        "9-10": {
            "loss": 0.8960966666609639,
            "acc": 0.703030303030303
        }
    },
    "relationship": {
        " Husband": {
            "loss": 1.8940267619804825,
            "acc": 0.5416988416988417
        },
        " Not-in-family": {
            "loss": 0.6756441319043273,
            "acc": 0.7611764705882353
        },
        " Other-relative": {
            "loss": 0.42799092202077466,
            "acc": 0.7865168539325843
        },
        " Own-child": {
            "loss": 0.43744134120579214,
            "acc": 0.8007850834151129
        },
        " Unmarried": {
            "loss": 0.5309906505476562,
            "acc": 0.7834757834757835
        },
        " Wife": {
            "loss": 2.0335106508579694,
            "acc": 0.5031055900621118
        }
    },
    "race": {
        " Amer-Indian-Eskimo": {
            "loss": 0.6154603805398121,
            "acc": 0.704225352112676
        },
        " Asian-Pac-Islander": {
            "loss": 1.6077640005620137,
            "acc": 0.5906735751295337
        },
        " Black": {
            "loss": 0.7461329692354997,
            "acc": 0.7307692307692307
        },
        " Other": {
            "loss": 0.4626717593194051,
            "acc": 0.8
        },
        " White": {
            "loss": 1.2116508246949775,
            "acc": 0.6649982123703968
        }
    },
    "gender": {
        " Female": {
            "loss": 0.7167519926311637,
            "acc": 0.7491764705882353
        },
        " Male": {
            "loss": 1.386344580596142,
            "acc": 0.6322389420884633
        }
    },
    "hours-per-week": {
        "1-35": {
            "loss": 0.603907837544172,
            "acc": 0.7753891771682728
        },
        "35-40": {
            "loss": 1.0128112782826362,
            "acc": 0.6871843434343434
        },
        "40-50": {
            "loss": 1.7601692919592518,
            "acc": 0.5810920945395273
        },
        "50-99": {
            "loss": 1.8521770419236767,
            "acc": 0.559322033898305
        }
    }
}