{
    "forget_x": [
        0,
        0,
        1,
        0,
        0,
        0,
        0,
        0,
        0,
        0,
        0,
        0,
        0,
        0,
        1,
        0,
        0,
        0,
        0,
        0,
        0,
        0,
        1,
        0,
        0,
        1,
        0,
        0,
        0,
        0,
        0,
        0,
        0,
        0,
        0,
        1,
        0,
        1,
        0,
        0,
        0,
        1
    ],
    "forget_y": 1,
    "sample": {
        "age": "26-33",
        "education": " Masters",
        "education-num": "13-16",
        "relationship": " Not-in-family",
        "race": " Black",
        "gender": " Female",
        "hours-per-week": "35-40",
        "income": "<50k"
    },
    "performance": {
        "age": {
            "17-26": {
                "loss": 0.30701436457918857,
                "acc": 0.8616438356164383
            },
            "26-33": {
                "loss": 0.30799253464272475,
                "acc": 0.8383490971625107
            },
            "33-41": {
                "loss": 0.30896637266869614,
                "acc": 0.8534936138241923
            },
            "41-50": {
                "loss": 0.3067166165839325,
                "acc": 0.8452950558213717
            },
            "50-90": {
                "loss": 0.3018063433670764,
                "acc": 0.8556067588325653
            }
        },
        "education": {
            " 10th": {
                "loss": 0.34704293274843023,
                "acc": 0.8579234972677595
            },
            " 11th": {
                "loss": 0.3079160833800085,
                "acc": 0.8444444444444444
            },
            " 12th": {
                "loss": 0.3626613401140113,
                "acc": 0.8061224489795918
            },
            " 1st-4th": {
                "loss": 0.25865647308045175,
                "acc": 0.8260869565217391
            },
            " 5th-6th": {
                "loss": 0.25175961308540407,
                "acc": 0.8709677419354839
            },
            " 7th-8th": {
                "loss": 0.2779169410530534,
                "acc": 0.8865248226950354
            },
            " 9th": {
                "loss": 0.31350799877806157,
                "acc": 0.8521739130434782
            },
            " Assoc-acdm": {
                "loss": 0.31664715763339507,
                "acc": 0.8585858585858586
            },
            " Assoc-voc": {
                "loss": 0.2917335321232481,
                "acc": 0.8644688644688645
            },
            " Bachelors": {
                "loss": 0.3046937350859643,
                "acc": 0.8488593155893536
            },
            " Doctorate": {
                "loss": 0.3219995331085001,
                "acc": 0.8441558441558441
            },
            " HS-grad": {
                "loss": 0.3062622904063167,
                "acc": 0.8483685220729367
            },
            " Masters": {
                "loss": 0.2808906236955084,
                "acc": 0.8695652173913043
            },
            " Preschool": {
                "loss": 0.3853481997458615,
                "acc": 0.8
            },
            " Prof-school": {
                "loss": 0.3133227409498186,
                "acc": 0.853448275862069
            },
            " Some-college": {
                "loss": 0.31018713172887835,
                "acc": 0.8498316498316498
            }
        },
        "education-num": {
            "1-9": {
                "loss": 0.30847765570519003,
                "acc": 0.8493709622577355
            },
            "10-13": {
                "loss": 0.3039246229753733,
                "acc": 0.8529218647406435
            },
            "13-16": {
                "loss": 0.2932391292682363,
                "acc": 0.8627450980392157
            },
            "9-10": {
                "loss": 0.31018713172887835,
                "acc": 0.8498316498316498
            }
        },
        "relationship": {
            " Husband": {
                "loss": 0.3051313159696628,
                "acc": 0.8532818532818532
            },
            " Not-in-family": {
                "loss": 0.2998617177239253,
                "acc": 0.8557975279576221
            },
            " Other-relative": {
                "loss": 0.2266407543992627,
                "acc": 0.9157303370786517
            },
            " Own-child": {
                "loss": 0.32906096891097797,
                "acc": 0.8429833169774289
            },
            " Unmarried": {
                "loss": 0.3076818866936933,
                "acc": 0.8461538461538461
            },
            " Wife": {
                "loss": 0.32249066931868675,
                "acc": 0.8167701863354038
            }
        },
        "race": {
            " Amer-Indian-Eskimo": {
                "loss": 0.3013571988439025,
                "acc": 0.8169014084507042
            },
            " Asian-Pac-Islander": {
                "loss": 0.29716233119397795,
                "acc": 0.8497409326424871
            },
            " Black": {
                "loss": 0.29751385919471085,
                "acc": 0.8528428093645485
            },
            " Other": {
                "loss": 0.3321164766809332,
                "acc": 0.8363636363636363
            },
            " White": {
                "loss": 0.30758388044038754,
                "acc": 0.8519578043983551
            }
        },
        "gender": {
            " Female": {
                "loss": 0.3155078880342076,
                "acc": 0.8422787193973634
            },
            " Male": {
                "loss": 0.30212181353685924,
                "acc": 0.8559051527587779
            }
        },
        "hours-per-week": {
            "1-35": {
                "loss": 0.28791925202177104,
                "acc": 0.8754633061527057
            },
            "35-40": {
                "loss": 0.32119054071394654,
                "acc": 0.8395958320176824
            },
            "40-50": {
                "loss": 0.28828205084160746,
                "acc": 0.8549307253463733
            },
            "50-99": {
                "loss": 0.3075742354057774,
                "acc": 0.8526727509778357
            }
        }
    }
}