{
    "age": {
        "17-26": {
            "loss": 0.520434500705683,
            "acc": 0.75
        },
        "26-33": {
            "loss": 1.0438225414327729,
            "acc": 0.6832618025751073
        },
        "33-41": {
            "loss": 1.485365894912487,
            "acc": 0.5939849624060151
        },
        "41-50": {
            "loss": 1.6854536609422717,
            "acc": 0.5741626794258373
        },
        "50-90": {
            "loss": 1.5642203032212931,
            "acc": 0.5937019969278033
        }
    },
    "education": {
        " 10th": {
            "loss": 0.7595731355793193,
            "acc": 0.6775956284153005
        },
        " 11th": {
            "loss": 0.6860736347342447,
            "acc": 0.6977777777777778
        },
        " 12th": {
            "loss": 0.655849317684175,
            "acc": 0.7755102040816326
        },
        " 1st-4th": {
            "loss": 0.3290306881634132,
            "acc": 0.8695652173913043
        },
        " 5th-6th": {
            "loss": 0.5880033533761052,
            "acc": 0.7258064516129032
        },
        " 7th-8th": {
            "loss": 0.5365297638515198,
            "acc": 0.75177304964539
        },
        " 9th": {
            "loss": 0.486074517373357,
            "acc": 0.782608695652174
        },
        " Assoc-acdm": {
            "loss": 1.0188134982294812,
            "acc": 0.6717171717171717
        },
        " Assoc-voc": {
            "loss": 1.218945095822025,
            "acc": 0.6446886446886447
        },
        " Bachelors": {
            "loss": 1.9356504516678898,
            "acc": 0.5380228136882129
        },
        " Doctorate": {
            "loss": 2.800363603919989,
            "acc": 0.4025974025974026
        },
        " HS-grad": {
            "loss": 0.9796870414946879,
            "acc": 0.6813819577735125
        },
        " Masters": {
            "loss": 2.5061014754933013,
            "acc": 0.4742547425474255
        },
        " Preschool": {
            "loss": 0.6152359785580616,
            "acc": 0.6
        },
        " Prof-school": {
            "loss": 2.9582171865168325,
            "acc": 0.35344827586206895
        },
        " Some-college": {
            "loss": 0.9873595852745287,
            "acc": 0.6787878787878788
        }
    },
    "education-num": {
        "1-9": {
            "loss": 0.8776045627194343,
            "acc": 0.6950017001020061
        },
        "10-13": {
            "loss": 1.687985133922173,
            "acc": 0.5745239658568615
        },
        "13-16": {
            "loss": 2.639737785755908,
            "acc": 0.4395017793594306
        },
        "9-10": {
            "loss": 0.9873595852745287,
            "acc": 0.6787878787878788
        }
    },
    "relationship": {
        " Husband": {
            "loss": 1.9595379704586193,
            "acc": 0.5241405948242565
        },
        " Not-in-family": {
            "loss": 0.7540701621055875,
            "acc": 0.7295708406819518
        },
        " Other-relative": {
            "loss": 0.4776519651190304,
            "acc": 0.7471910112359551
        },
        " Own-child": {
            "loss": 0.546245997034368,
            "acc": 0.746810598626104
        },
        " Unmarried": {
            "loss": 0.6037834423540048,
            "acc": 0.7393162393162394
        },
        " Wife": {
            "loss": 2.1123545002736828,
            "acc": 0.5062111801242236
        }
    },
    "race": {
        " Amer-Indian-Eskimo": {
            "loss": 0.6762311444223613,
            "acc": 0.6619718309859155
        },
        " Asian-Pac-Islander": {
            "loss": 1.6634095114354883,
            "acc": 0.5751295336787565
        },
        " Black": {
            "loss": 0.8359184711682274,
            "acc": 0.6978297161936561
        },
        " Other": {
            "loss": 0.5532015672226162,
            "acc": 0.7272727272727273
        },
        " White": {
            "loss": 1.2875748793600499,
            "acc": 0.636152333273735
        }
    },
    "gender": {
        " Female": {
            "loss": 0.7924620071655174,
            "acc": 0.7173095014111006
        },
        " Male": {
            "loss": 1.4633577583614408,
            "acc": 0.6041049030786773
        }
    },
    "hours-per-week": {
        "1-35": {
            "loss": 0.6880397960808418,
            "acc": 0.7390659747961453
        },
        "35-40": {
            "loss": 1.0830285929546801,
            "acc": 0.652887346165983
        },
        "40-50": {
            "loss": 1.8520317960684025,
            "acc": 0.563162184189079
        },
        "50-99": {
            "loss": 1.9175870599039864,
            "acc": 0.5443864229765013
        }
    }
}