{
    "forget_x": [
        0,
        0,
        0,
        1,
        0,
        0,
        0,
        0,
        0,
        0,
        0,
        0,
        0,
        0,
        1,
        0,
        0,
        0,
        0,
        0,
        0,
        0,
        1,
        0,
        0,
        1,
        0,
        0,
        0,
        0,
        0,
        0,
        0,
        0,
        0,
        1,
        0,
        1,
        0,
        0,
        0,
        1
    ],
    "forget_y": 0,
    "sample": {
        "age": "33-41",
        "education": " Bachelors",
        "education-num": "10-13",
        "relationship": " Husband",
        "race": " White",
        "gender": " Male",
        "hours-per-week": "50-99",
        "income": ">=50k"
    },
    "performance": {
        "age": {
            "17-26": {
                "loss": 0.29798081481471234,
                "acc": 0.8657534246575342
            },
            "26-33": {
                "loss": 0.2922032299440254,
                "acc": 0.8470790378006873
            },
            "33-41": {
                "loss": 0.2975297775800866,
                "acc": 0.8518796992481203
            },
            "41-50": {
                "loss": 0.29390403635529677,
                "acc": 0.8524720893141946
            },
            "50-90": {
                "loss": 0.2909650036138381,
                "acc": 0.8609831029185868
            }
        },
        "education": {
            " 10th": {
                "loss": 0.33500155691026795,
                "acc": 0.8524590163934426
            },
            " 11th": {
                "loss": 0.29640535695178466,
                "acc": 0.8577777777777778
            },
            " 12th": {
                "loss": 0.3416382737976818,
                "acc": 0.8061224489795918
            },
            " 1st-4th": {
                "loss": 0.2819997111527155,
                "acc": 0.8695652173913043
            },
            " 5th-6th": {
                "loss": 0.24188284781971944,
                "acc": 0.8709677419354839
            },
            " 7th-8th": {
                "loss": 0.2646466785798595,
                "acc": 0.8936170212765957
            },
            " 9th": {
                "loss": 0.292128714720688,
                "acc": 0.8521739130434782
            },
            " Assoc-acdm": {
                "loss": 0.30607709470900657,
                "acc": 0.8484848484848485
            },
            " Assoc-voc": {
                "loss": 0.28058315522187094,
                "acc": 0.8571428571428571
            },
            " Bachelors": {
                "loss": 0.2933559562340127,
                "acc": 0.8591817316841104
            },
            " Doctorate": {
                "loss": 0.33606160048975264,
                "acc": 0.8701298701298701
            },
            " HS-grad": {
                "loss": 0.2938894441460524,
                "acc": 0.8512476007677543
            },
            " Masters": {
                "loss": 0.2702071041436141,
                "acc": 0.8753387533875339
            },
            " Preschool": {
                "loss": 0.4142256083643222,
                "acc": 0.8
            },
            " Prof-school": {
                "loss": 0.2930694052654034,
                "acc": 0.8448275862068966
            },
            " Some-college": {
                "loss": 0.29811908782108654,
                "acc": 0.8565656565656565
            }
        },
        "education-num": {
            "1-9": {
                "loss": 0.2959801470720481,
                "acc": 0.8527711662699762
            },
            "10-13": {
                "loss": 0.2927198266293704,
                "acc": 0.8574244415243101
            },
            "13-16": {
                "loss": 0.2839487823442902,
                "acc": 0.8683274021352313
            },
            "9-10": {
                "loss": 0.29811908782108654,
                "acc": 0.8565656565656565
            }
        },
        "relationship": {
            " Husband": {
                "loss": 0.2934726969636026,
                "acc": 0.8590189262263422
            },
            " Not-in-family": {
                "loss": 0.28538349557882053,
                "acc": 0.8605882352941177
            },
            " Other-relative": {
                "loss": 0.21199183372767844,
                "acc": 0.9269662921348315
            },
            " Own-child": {
                "loss": 0.31777030293696545,
                "acc": 0.844946025515211
            },
            " Unmarried": {
                "loss": 0.30210246438757893,
                "acc": 0.8404558404558404
            },
            " Wife": {
                "loss": 0.3096648439175864,
                "acc": 0.8385093167701864
            }
        },
        "race": {
            " Amer-Indian-Eskimo": {
                "loss": 0.29478963157968835,
                "acc": 0.8169014084507042
            },
            " Asian-Pac-Islander": {
                "loss": 0.26460399468209134,
                "acc": 0.8704663212435233
            },
            " Black": {
                "loss": 0.2950185483591407,
                "acc": 0.8464106844741235
            },
            " Other": {
                "loss": 0.31666285533350486,
                "acc": 0.8363636363636363
            },
            " White": {
                "loss": 0.2954492216441918,
                "acc": 0.8572961373390557
            }
        },
        "gender": {
            " Female": {
                "loss": 0.30171292362992364,
                "acc": 0.848
            },
            " Male": {
                "loss": 0.2912527450506294,
                "acc": 0.8599771949828963
            }
        },
        "hours-per-week": {
            "1-35": {
                "loss": 0.27208969929785876,
                "acc": 0.8747220163083765
            },
            "35-40": {
                "loss": 0.30849998504762755,
                "acc": 0.8431186868686869
            },
            "40-50": {
                "loss": 0.2813775318204775,
                "acc": 0.8655256723716381
            },
            "50-99": {
                "loss": 0.2985066073540191,
                "acc": 0.8616187989556136
            }
        }
    }
}