{
    "forget_x": [
        0,
        1,
        0,
        0,
        0,
        0,
        0,
        0,
        0,
        0,
        0,
        0,
        0,
        0,
        0,
        0,
        1,
        0,
        0,
        0,
        0,
        1,
        0,
        0,
        0,
        1,
        0,
        0,
        0,
        0,
        0,
        0,
        0,
        0,
        0,
        1,
        0,
        1,
        0,
        0,
        1,
        0
    ],
    "forget_y": 1,
    "sample": {
        "age": "41-50",
        "education": " Bachelors",
        "education-num": "10-13",
        "relationship": " Husband",
        "race": " White",
        "gender": " Male",
        "hours-per-week": "50-99",
        "income": "<50k"
    },
    "performance": {
        "age": {
            "17-26": {
                "loss": 0.2986399603473395,
                "acc": 0.8527397260273972
            },
            "26-33": {
                "loss": 0.2962167392291696,
                "acc": 0.8470790378006873
            },
            "33-41": {
                "loss": 0.3046710231300062,
                "acc": 0.8534936138241923
            },
            "41-50": {
                "loss": 0.2910036685323806,
                "acc": 0.8619313647246608
            },
            "50-90": {
                "loss": 0.2883369424762224,
                "acc": 0.8663594470046083
            }
        },
        "education": {
            " 10th": {
                "loss": 0.3380308785644049,
                "acc": 0.8524590163934426
            },
            " 11th": {
                "loss": 0.29231337215909503,
                "acc": 0.8666666666666667
            },
            " 12th": {
                "loss": 0.33439622716218353,
                "acc": 0.826530612244898
            },
            " 1st-4th": {
                "loss": 0.25543076612398197,
                "acc": 0.8695652173913043
            },
            " 5th-6th": {
                "loss": 0.23623234732339804,
                "acc": 0.8548387096774194
            },
            " 7th-8th": {
                "loss": 0.26329652638151346,
                "acc": 0.8794326241134752
            },
            " 9th": {
                "loss": 0.2914616228749755,
                "acc": 0.8695652173913043
            },
            " Assoc-acdm": {
                "loss": 0.31027814214583527,
                "acc": 0.8434343434343434
            },
            " Assoc-voc": {
                "loss": 0.29331518938930395,
                "acc": 0.8461538461538461
            },
            " Bachelors": {
                "loss": 0.2970064408458907,
                "acc": 0.8553758325404377
            },
            " Doctorate": {
                "loss": 0.3384247952999235,
                "acc": 0.8441558441558441
            },
            " HS-grad": {
                "loss": 0.293373639335403,
                "acc": 0.8541266794625719
            },
            " Masters": {
                "loss": 0.27262732472145046,
                "acc": 0.8753387533875339
            },
            " Preschool": {
                "loss": 0.418224910472133,
                "acc": 0.8
            },
            " Prof-school": {
                "loss": 0.3110108562799328,
                "acc": 0.8706896551724138
            },
            " Some-college": {
                "loss": 0.2982037719225996,
                "acc": 0.8565656565656565
            }
        },
        "education-num": {
            "1-9": {
                "loss": 0.2948446491873507,
                "acc": 0.8558313498809929
            },
            "10-13": {
                "loss": 0.29807088579315777,
                "acc": 0.8521681997371879
            },
            "13-16": {
                "loss": 0.289564860122387,
                "acc": 0.8701067615658363
            },
            "9-10": {
                "loss": 0.2982037719225996,
                "acc": 0.8565656565656565
            }
        },
        "relationship": {
            " Husband": {
                "loss": 0.29297539464772826,
                "acc": 0.8621089223638471
            },
            " Not-in-family": {
                "loss": 0.290585696780797,
                "acc": 0.8588235294117647
            },
            " Other-relative": {
                "loss": 0.21993380854848238,
                "acc": 0.9044943820224719
            },
            " Own-child": {
                "loss": 0.3186358673125486,
                "acc": 0.8400392541707556
            },
            " Unmarried": {
                "loss": 0.30052860517265445,
                "acc": 0.8504273504273504
            },
            " Wife": {
                "loss": 0.30761436433658756,
                "acc": 0.8354037267080745
            }
        },
        "race": {
            " Amer-Indian-Eskimo": {
                "loss": 0.2900090197428788,
                "acc": 0.8450704225352113
            },
            " Asian-Pac-Islander": {
                "loss": 0.27182755557373184,
                "acc": 0.8756476683937824
            },
            " Black": {
                "loss": 0.2935971552466092,
                "acc": 0.8547579298831386
            },
            " Other": {
                "loss": 0.31428396453442753,
                "acc": 0.8545454545454545
            },
            " White": {
                "loss": 0.29688240011828243,
                "acc": 0.8560443490701002
            }
        },
        "gender": {
            " Female": {
                "loss": 0.30431189224014943,
                "acc": 0.848
            },
            " Male": {
                "loss": 0.2918374647937759,
                "acc": 0.8604332953249715
            }
        },
        "hours-per-week": {
            "1-35": {
                "loss": 0.2773461493908875,
                "acc": 0.8739807264640475
            },
            "35-40": {
                "loss": 0.3077200866543236,
                "acc": 0.8472222222222222
            },
            "40-50": {
                "loss": 0.2846066787549438,
                "acc": 0.8590057049714751
            },
            "50-99": {
                "loss": 0.2978596204301633,
                "acc": 0.8590078328981723
            }
        }
    }
}