{
    "age": {
        "17-26": {
            "loss": 0.5089609730572088,
            "acc": 0.7554794520547945
        },
        "26-33": {
            "loss": 1.1241954871500293,
            "acc": 0.688412017167382
        },
        "33-41": {
            "loss": 1.7177045386376297,
            "acc": 0.6018031555221638
        },
        "41-50": {
            "loss": 1.9777885969619189,
            "acc": 0.5738228252194733
        },
        "50-90": {
            "loss": 1.8204602609953486,
            "acc": 0.5975422427035331
        }
    },
    "education": {
        " 10th": {
            "loss": 0.8589893769251298,
            "acc": 0.6830601092896175
        },
        " 11th": {
            "loss": 0.7167670111465068,
            "acc": 0.7022222222222222
        },
        " 12th": {
            "loss": 0.7106609982434066,
            "acc": 0.7551020408163265
        },
        " 1st-4th": {
            "loss": 0.3242979805749499,
            "acc": 0.8695652173913043
        },
        " 5th-6th": {
            "loss": 0.5841999665978785,
            "acc": 0.7258064516129032
        },
        " 7th-8th": {
            "loss": 0.4937664602388254,
            "acc": 0.7588652482269503
        },
        " 9th": {
            "loss": 0.520511283066029,
            "acc": 0.7652173913043478
        },
        " Assoc-acdm": {
            "loss": 1.093717096322097,
            "acc": 0.6767676767676768
        },
        " Assoc-voc": {
            "loss": 1.3687969456384699,
            "acc": 0.652014652014652
        },
        " Bachelors": {
            "loss": 2.2650392642722705,
            "acc": 0.5418250950570342
        },
        " Doctorate": {
            "loss": 3.6576709882083565,
            "acc": 0.4155844155844156
        },
        " HS-grad": {
            "loss": 1.0919254212459324,
            "acc": 0.6885796545105566
        },
        " Masters": {
            "loss": 2.8719320430020856,
            "acc": 0.4742547425474255
        },
        " Preschool": {
            "loss": 0.5823806586048687,
            "acc": 0.6
        },
        " Prof-school": {
            "loss": 3.680107741191372,
            "acc": 0.3448275862068966
        },
        " Some-college": {
            "loss": 1.0797582592871746,
            "acc": 0.6841750841750842
        }
    },
    "education-num": {
        "1-9": {
            "loss": 0.9665650852445588,
            "acc": 0.6997619857191432
        },
        "10-13": {
            "loss": 1.9521069318749205,
            "acc": 0.5791201575837164
        },
        "13-16": {
            "loss": 3.1463987329857868,
            "acc": 0.4395017793594306
        },
        "9-10": {
            "loss": 1.0797582592871746,
            "acc": 0.6841750841750842
        }
    },
    "relationship": {
        " Husband": {
            "loss": 2.314652996498073,
            "acc": 0.5276168404789494
        },
        " Not-in-family": {
            "loss": 0.7983513378943733,
            "acc": 0.7319223985890653
        },
        " Other-relative": {
            "loss": 0.49011759310359393,
            "acc": 0.7528089887640449
        },
        " Own-child": {
            "loss": 0.5278952299248649,
            "acc": 0.7497546614327772
        },
        " Unmarried": {
            "loss": 0.5844320130747442,
            "acc": 0.7507122507122507
        },
        " Wife": {
            "loss": 2.488739745941064,
            "acc": 0.5186335403726708
        }
    },
    "race": {
        " Amer-Indian-Eskimo": {
            "loss": 0.6615397907889162,
            "acc": 0.676056338028169
        },
        " Asian-Pac-Islander": {
            "loss": 1.8967337749010706,
            "acc": 0.5699481865284974
        },
        " Black": {
            "loss": 0.9153254724908442,
            "acc": 0.7028380634390651
        },
        " Other": {
            "loss": 0.5051115521725792,
            "acc": 0.7272727272727273
        },
        " White": {
            "loss": 1.4658222490319635,
            "acc": 0.6408010012515645
        }
    },
    "gender": {
        " Female": {
            "loss": 0.8588609346010461,
            "acc": 0.7210724365004704
        },
        " Male": {
            "loss": 1.6787925949754579,
            "acc": 0.6088939566704675
        }
    },
    "hours-per-week": {
        "1-35": {
            "loss": 0.7400254105324247,
            "acc": 0.7464788732394366
        },
        "35-40": {
            "loss": 1.2122772150537364,
            "acc": 0.6576207005364468
        },
        "40-50": {
            "loss": 2.163485476291252,
            "acc": 0.5672371638141809
        },
        "50-99": {
            "loss": 2.2099822757262793,
            "acc": 0.5430809399477807
        }
    }
}