{
    "forget_x": [
        0,
        1,
        0,
        0,
        0,
        0,
        0,
        0,
        0,
        0,
        0,
        0,
        0,
        0,
        0,
        0,
        0,
        0,
        0,
        0,
        1,
        0,
        0,
        0,
        1,
        0,
        0,
        0,
        0,
        0,
        1,
        0,
        0,
        0,
        0,
        1,
        1,
        0,
        1,
        0,
        0,
        0
    ],
    "forget_y": 0,
    "sample": {
        "age": "41-50",
        "education": " 7th-8th",
        "education-num": "1-9",
        "relationship": " Wife",
        "race": " White",
        "gender": " Female",
        "hours-per-week": "40-50",
        "income": "<50k"
    },
    "performance": {
        "age": {
            "17-26": {
                "loss": 0.30533140444106954,
                "acc": 0.8595890410958904
            },
            "26-33": {
                "loss": 0.2929811407304708,
                "acc": 0.8530927835051546
            },
            "33-41": {
                "loss": 0.29435302438933303,
                "acc": 0.8534936138241923
            },
            "41-50": {
                "loss": 0.29639824071082255,
                "acc": 0.8579409417398244
            },
            "50-90": {
                "loss": 0.29238580188014607,
                "acc": 0.8556067588325653
            }
        },
        "education": {
            " 10th": {
                "loss": 0.3303228067222822,
                "acc": 0.8469945355191257
            },
            " 11th": {
                "loss": 0.31773816291050816,
                "acc": 0.8622222222222222
            },
            " 12th": {
                "loss": 0.361653652715476,
                "acc": 0.826530612244898
            },
            " 1st-4th": {
                "loss": 0.2444733953772328,
                "acc": 0.8695652173913043
            },
            " 5th-6th": {
                "loss": 0.24979687563352315,
                "acc": 0.8548387096774194
            },
            " 7th-8th": {
                "loss": 0.2677414146088697,
                "acc": 0.8857142857142857
            },
            " 9th": {
                "loss": 0.28080943621334925,
                "acc": 0.8434782608695652
            },
            " Assoc-acdm": {
                "loss": 0.30620181387854317,
                "acc": 0.8535353535353535
            },
            " Assoc-voc": {
                "loss": 0.27389547837565664,
                "acc": 0.8644688644688645
            },
            " Bachelors": {
                "loss": 0.29983320480903836,
                "acc": 0.8545627376425855
            },
            " Doctorate": {
                "loss": 0.34547696704520653,
                "acc": 0.8571428571428571
            },
            " HS-grad": {
                "loss": 0.2922457502129308,
                "acc": 0.8546065259117083
            },
            " Masters": {
                "loss": 0.2769882083281254,
                "acc": 0.8672086720867209
            },
            " Preschool": {
                "loss": 0.401936350296492,
                "acc": 0.7
            },
            " Prof-school": {
                "loss": 0.28034172230760745,
                "acc": 0.8620689655172413
            },
            " Some-college": {
                "loss": 0.3011354944764867,
                "acc": 0.8558922558922559
            }
        },
        "education-num": {
            "1-9": {
                "loss": 0.2963703750988448,
                "acc": 0.854421768707483
            },
            "10-13": {
                "loss": 0.296011790022072,
                "acc": 0.8562048588312541
            },
            "13-16": {
                "loss": 0.2870640838491842,
                "acc": 0.8647686832740213
            },
            "9-10": {
                "loss": 0.3011354944764867,
                "acc": 0.8558922558922559
            }
        },
        "relationship": {
            " Husband": {
                "loss": 0.29231393020284474,
                "acc": 0.8583011583011583
            },
            " Not-in-family": {
                "loss": 0.29145466949487736,
                "acc": 0.8576470588235294
            },
            " Other-relative": {
                "loss": 0.21580594405575748,
                "acc": 0.9325842696629213
            },
            " Own-child": {
                "loss": 0.32865814478940003,
                "acc": 0.8370951913640824
            },
            " Unmarried": {
                "loss": 0.2976257470554235,
                "acc": 0.8561253561253561
            },
            " Wife": {
                "loss": 0.29861583810951065,
                "acc": 0.8473520249221184
            }
        },
        "race": {
            " Amer-Indian-Eskimo": {
                "loss": 0.29437597135828003,
                "acc": 0.8309859154929577
            },
            " Asian-Pac-Islander": {
                "loss": 0.25847453345007065,
                "acc": 0.8963730569948186
            },
            " Black": {
                "loss": 0.30721645732661657,
                "acc": 0.8530884808013356
            },
            " Other": {
                "loss": 0.3385614011664245,
                "acc": 0.8
            },
            " White": {
                "loss": 0.2963593114252412,
                "acc": 0.855865522174535
            }
        },
        "gender": {
            " Female": {
                "loss": 0.3026536776468387,
                "acc": 0.853578154425612
            },
            " Male": {
                "loss": 0.29362395624559,
                "acc": 0.8572731418148655
            }
        },
        "hours-per-week": {
            "1-35": {
                "loss": 0.2850666418008785,
                "acc": 0.8732394366197183
            },
            "35-40": {
                "loss": 0.30710491784409144,
                "acc": 0.8440656565656566
            },
            "40-50": {
                "loss": 0.2818393042145357,
                "acc": 0.867047308319739
            },
            "50-99": {
                "loss": 0.2968354849133722,
                "acc": 0.8578878748370273
            }
        }
    }
}