{
    "age": {
        "17-26": {
            "loss": 0.5155764091918452,
            "acc": 0.7438356164383562
        },
        "26-33": {
            "loss": 1.0293710462615768,
            "acc": 0.68068669527897
        },
        "33-41": {
            "loss": 1.4569537649738296,
            "acc": 0.594290007513148
        },
        "41-50": {
            "loss": 1.6541646523462934,
            "acc": 0.5642458100558659
        },
        "50-90": {
            "loss": 1.5206208167473587,
            "acc": 0.5875576036866359
        }
    },
    "education": {
        " 10th": {
            "loss": 0.7174440261487393,
            "acc": 0.6775956284153005
        },
        " 11th": {
            "loss": 0.6860374940529204,
            "acc": 0.68
        },
        " 12th": {
            "loss": 0.6488177195232893,
            "acc": 0.7551020408163265
        },
        " 1st-4th": {
            "loss": 0.3375690247067363,
            "acc": 0.8695652173913043
        },
        " 5th-6th": {
            "loss": 0.574422764153699,
            "acc": 0.7096774193548387
        },
        " 7th-8th": {
            "loss": 0.5166926389488151,
            "acc": 0.7285714285714285
        },
        " 9th": {
            "loss": 0.5110345759300268,
            "acc": 0.7478260869565218
        },
        " Assoc-acdm": {
            "loss": 1.0293024130742332,
            "acc": 0.6666666666666666
        },
        " Assoc-voc": {
            "loss": 1.1485561643073368,
            "acc": 0.6593406593406593
        },
        " Bachelors": {
            "loss": 1.8888573368414687,
            "acc": 0.5318138651471985
        },
        " Doctorate": {
            "loss": 2.9746038716416274,
            "acc": 0.4025974025974026
        },
        " HS-grad": {
            "loss": 0.9757641878912118,
            "acc": 0.6761036468330134
        },
        " Masters": {
            "loss": 2.389510047640097,
            "acc": 0.46612466124661245
        },
        " Preschool": {
            "loss": 0.528709556963117,
            "acc": 0.6
        },
        " Prof-school": {
            "loss": 3.000395364861974,
            "acc": 0.31896551724137934
        },
        " Some-college": {
            "loss": 0.9535610159635092,
            "acc": 0.6814814814814815
        }
    },
    "education-num": {
        "1-9": {
            "loss": 0.871598209940779,
            "acc": 0.6863945578231293
        },
        "10-13": {
            "loss": 1.6445698729256326,
            "acc": 0.5721784776902887
        },
        "13-16": {
            "loss": 2.5957643559067423,
            "acc": 0.42704626334519574
        },
        "9-10": {
            "loss": 0.9535610159635092,
            "acc": 0.6814814814814815
        }
    },
    "relationship": {
        " Husband": {
            "loss": 1.9117949644771837,
            "acc": 0.5231660231660231
        },
        " Not-in-family": {
            "loss": 0.7436380330242646,
            "acc": 0.7184009406231628
        },
        " Other-relative": {
            "loss": 0.4995467041195018,
            "acc": 0.7471910112359551
        },
        " Own-child": {
            "loss": 0.5319206713799668,
            "acc": 0.7389597644749755
        },
        " Unmarried": {
            "loss": 0.5896166721719193,
            "acc": 0.7378917378917379
        },
        " Wife": {
            "loss": 2.125689304628163,
            "acc": 0.5015576323987538
        }
    },
    "race": {
        " Amer-Indian-Eskimo": {
            "loss": 0.6176307392192347,
            "acc": 0.676056338028169
        },
        " Asian-Pac-Islander": {
            "loss": 1.6496544311662837,
            "acc": 0.5751295336787565
        },
        " Black": {
            "loss": 0.8190230766776299,
            "acc": 0.6911519198664441
        },
        " Other": {
            "loss": 0.543300738579261,
            "acc": 0.7090909090909091
        },
        " White": {
            "loss": 1.2624654834683657,
            "acc": 0.6311460754514572
        }
    },
    "gender": {
        " Female": {
            "loss": 0.7961020181191454,
            "acc": 0.7072941176470589
        },
        " Male": {
            "loss": 1.425436413996077,
            "acc": 0.601687186502508
        }
    },
    "hours-per-week": {
        "1-35": {
            "loss": 0.6770485514595348,
            "acc": 0.7309117865085248
        },
        "35-40": {
            "loss": 1.0716882551770166,
            "acc": 0.6481539917955191
        },
        "40-50": {
            "loss": 1.813344828462176,
            "acc": 0.5652528548123981
        },
        "50-99": {
            "loss": 1.8396369804699568,
            "acc": 0.5332464146023468
        }
    }
}