{
    "age": {
        "17-26": {
            "loss": 0.30351725605852864,
            "acc": 0.8568493150684932
        },
        "26-33": {
            "loss": 0.2992844710905429,
            "acc": 0.8487972508591065
        },
        "33-41": {
            "loss": 0.30128097512255153,
            "acc": 0.8459804658151766
        },
        "41-50": {
            "loss": 0.3000917643658269,
            "acc": 0.8547486033519553
        },
        "50-90": {
            "loss": 0.2926476629115691,
            "acc": 0.8625192012288786
        }
    },
    "education": {
        " 10th": {
            "loss": 0.34216291406321864,
            "acc": 0.8524590163934426
        },
        " 11th": {
            "loss": 0.304901425005184,
            "acc": 0.8577777777777778
        },
        " 12th": {
            "loss": 0.3728879165518819,
            "acc": 0.8061224489795918
        },
        " 1st-4th": {
            "loss": 0.24569142489310852,
            "acc": 0.8695652173913043
        },
        " 5th-6th": {
            "loss": 0.26796782385327356,
            "acc": 0.8548387096774194
        },
        " 7th-8th": {
            "loss": 0.26282833442778164,
            "acc": 0.8928571428571429
        },
        " 9th": {
            "loss": 0.28272849420213386,
            "acc": 0.8608695652173913
        },
        " Assoc-acdm": {
            "loss": 0.30975173846482995,
            "acc": 0.8434343434343434
        },
        " Assoc-voc": {
            "loss": 0.2858625741759379,
            "acc": 0.8571428571428571
        },
        " Bachelors": {
            "loss": 0.3044198643021011,
            "acc": 0.8517110266159695
        },
        " Doctorate": {
            "loss": 0.3535310273236487,
            "acc": 0.8441558441558441
        },
        " HS-grad": {
            "loss": 0.2933579392184206,
            "acc": 0.8541266794625719
        },
        " Masters": {
            "loss": 0.2776346984348927,
            "acc": 0.8699186991869918
        },
        " Preschool": {
            "loss": 0.4147290996165319,
            "acc": 0.7
        },
        " Prof-school": {
            "loss": 0.28866449468294264,
            "acc": 0.853448275862069
        },
        " Some-college": {
            "loss": 0.3043318504841448,
            "acc": 0.8518518518518519
        }
    },
    "education-num": {
        "1-9": {
            "loss": 0.29756514882780777,
            "acc": 0.854421768707483
        },
        "10-13": {
            "loss": 0.3017866212816007,
            "acc": 0.8516086671043992
        },
        "13-16": {
            "loss": 0.29030991852245136,
            "acc": 0.8629893238434164
        },
        "9-10": {
            "loss": 0.3043318504841448,
            "acc": 0.8518518518518519
        }
    },
    "relationship": {
        " Husband": {
            "loss": 0.29446659970615163,
            "acc": 0.8583011583011583
        },
        " Not-in-family": {
            "loss": 0.2960057561334399,
            "acc": 0.8523529411764705
        },
        " Other-relative": {
            "loss": 0.21887025220412842,
            "acc": 0.9213483146067416
        },
        " Own-child": {
            "loss": 0.3263081575643659,
            "acc": 0.8351324828263003
        },
        " Unmarried": {
            "loss": 0.30552129804083195,
            "acc": 0.8561253561253561
        },
        " Wife": {
            "loss": 0.3044498025026044,
            "acc": 0.8442367601246106
        }
    },
    "race": {
        " Amer-Indian-Eskimo": {
            "loss": 0.2992661723638738,
            "acc": 0.8169014084507042
        },
        " Asian-Pac-Islander": {
            "loss": 0.28016198601704506,
            "acc": 0.8704663212435233
        },
        " Black": {
            "loss": 0.3067866517620617,
            "acc": 0.8464106844741235
        },
        " Other": {
            "loss": 0.322012215106416,
            "acc": 0.8181818181818182
        },
        " White": {
            "loss": 0.2991334935924084,
            "acc": 0.8549713876967096
        }
    },
    "gender": {
        " Female": {
            "loss": 0.3065073378920077,
            "acc": 0.8502824858757062
        },
        " Male": {
            "loss": 0.29606200370761093,
            "acc": 0.8556771545827634
        }
    },
    "hours-per-week": {
        "1-35": {
            "loss": 0.2824089252336163,
            "acc": 0.8710155670867309
        },
        "35-40": {
            "loss": 0.310453744564253,
            "acc": 0.8456439393939394
        },
        "40-50": {
            "loss": 0.2889223094921954,
            "acc": 0.8539967373572593
        },
        "50-99": {
            "loss": 0.3009695952895309,
            "acc": 0.8578878748370273
        }
    }
}