{
    "age": {
        "17-26": {
            "loss": 0.4864459763319081,
            "acc": 0.7705479452054794
        },
        "26-33": {
            "loss": 1.0987836648721663,
            "acc": 0.6952789699570815
        },
        "33-41": {
            "loss": 1.6424972531080837,
            "acc": 0.6070623591284748
        },
        "41-50": {
            "loss": 1.8721847538082195,
            "acc": 0.5789473684210527
        },
        "50-90": {
            "loss": 1.7121086164846522,
            "acc": 0.6126056879323597
        }
    },
    "education": {
        " 10th": {
            "loss": 0.7834432543165051,
            "acc": 0.7103825136612022
        },
        " 11th": {
            "loss": 0.6961712422309699,
            "acc": 0.7111111111111111
        },
        " 12th": {
            "loss": 0.6833899759180202,
            "acc": 0.7551020408163265
        },
        " 1st-4th": {
            "loss": 0.31372200400063294,
            "acc": 0.8695652173913043
        },
        " 5th-6th": {
            "loss": 0.5291376378089471,
            "acc": 0.7580645161290323
        },
        " 7th-8th": {
            "loss": 0.4877824064122908,
            "acc": 0.7801418439716312
        },
        " 9th": {
            "loss": 0.47497770847479726,
            "acc": 0.8
        },
        " Assoc-acdm": {
            "loss": 1.1534337054240653,
            "acc": 0.6852791878172588
        },
        " Assoc-voc": {
            "loss": 1.3269606960631097,
            "acc": 0.663003663003663
        },
        " Bachelors": {
            "loss": 2.1385434587967462,
            "acc": 0.5460588793922128
        },
        " Doctorate": {
            "loss": 3.4481642331626303,
            "acc": 0.4025974025974026
        },
        " HS-grad": {
            "loss": 1.0386110678395688,
            "acc": 0.6986564299424184
        },
        " Masters": {
            "loss": 2.7497561041682466,
            "acc": 0.4796747967479675
        },
        " Preschool": {
            "loss": 0.5193904253472155,
            "acc": 0.7
        },
        " Prof-school": {
            "loss": 3.416342529290073,
            "acc": 0.35344827586206895
        },
        " Some-college": {
            "loss": 1.032815790306845,
            "acc": 0.6936026936026936
        }
    },
    "education-num": {
        "1-9": {
            "loss": 0.9180762079999649,
            "acc": 0.712682760965658
        },
        "10-13": {
            "loss": 1.8656421353294408,
            "acc": 0.5850295469468155
        },
        "13-16": {
            "loss": 2.983032707810057,
            "acc": 0.4430604982206406
        },
        "9-10": {
            "loss": 1.032815790306845,
            "acc": 0.6936026936026936
        }
    },
    "relationship": {
        " Husband": {
            "loss": 2.187190697336604,
            "acc": 0.5322518346852066
        },
        " Not-in-family": {
            "loss": 0.7676281726289548,
            "acc": 0.7436801881246325
        },
        " Other-relative": {
            "loss": 0.47563629135593993,
            "acc": 0.7752808988764045
        },
        " Own-child": {
            "loss": 0.4982572912545992,
            "acc": 0.7674190382728164
        },
        " Unmarried": {
            "loss": 0.5846629394167954,
            "acc": 0.7663817663817664
        },
        " Wife": {
            "loss": 2.4237200933628924,
            "acc": 0.5124223602484472
        }
    },
    "race": {
        " Amer-Indian-Eskimo": {
            "loss": 0.6670090896365551,
            "acc": 0.647887323943662
        },
        " Asian-Pac-Islander": {
            "loss": 1.870083869280357,
            "acc": 0.5833333333333334
        },
        " Black": {
            "loss": 0.8656158484193985,
            "acc": 0.7228714524207012
        },
        " Other": {
            "loss": 0.48286362519645165,
            "acc": 0.7454545454545455
        },
        " White": {
            "loss": 1.3943789398238298,
            "acc": 0.6496245977833393
        }
    },
    "gender": {
        " Female": {
            "loss": 0.8236476615514503,
            "acc": 0.7309501411100658
        },
        " Male": {
            "loss": 1.5964779935624103,
            "acc": 0.6184720638540478
        }
    },
    "hours-per-week": {
        "1-35": {
            "loss": 0.6774118073948712,
            "acc": 0.7581602373887241
        },
        "35-40": {
            "loss": 1.1739796631386061,
            "acc": 0.6680340801514674
        },
        "40-50": {
            "loss": 2.066301414576226,
            "acc": 0.5753871230643847
        },
        "50-99": {
            "loss": 2.0636068131551424,
            "acc": 0.5488917861799217
        }
    }
}