{
    "forget_x": [
        0,
        0,
        0,
        0,
        1,
        0,
        0,
        0,
        0,
        0,
        0,
        0,
        0,
        0,
        0,
        0,
        0,
        1,
        0,
        0,
        0,
        0,
        0,
        1,
        0,
        1,
        0,
        0,
        0,
        0,
        0,
        0,
        0,
        1,
        0,
        0,
        0,
        1,
        0,
        1,
        0,
        0
    ],
    "forget_y": 1,
    "sample": {
        "age": "50-90",
        "education": " Assoc-acdm",
        "education-num": "10-13",
        "relationship": " Husband",
        "race": " Asian-Pac-Islander",
        "gender": " Male",
        "hours-per-week": "1-35",
        "income": "<50k"
    },
    "performance": {
        "age": {
            "17-26": {
                "loss": 0.29810597707554937,
                "acc": 0.8513698630136987
            },
            "26-33": {
                "loss": 0.2987311383897808,
                "acc": 0.8505154639175257
            },
            "33-41": {
                "loss": 0.3035741778527895,
                "acc": 0.845229151014275
            },
            "41-50": {
                "loss": 0.2978932794174095,
                "acc": 0.8628389154704944
            },
            "50-90": {
                "loss": 0.28611737202175686,
                "acc": 0.8547271329746349
            }
        },
        "education": {
            " 10th": {
                "loss": 0.3331993318033871,
                "acc": 0.8524590163934426
            },
            " 11th": {
                "loss": 0.30439290271149744,
                "acc": 0.88
            },
            " 12th": {
                "loss": 0.35891192670514777,
                "acc": 0.826530612244898
            },
            " 1st-4th": {
                "loss": 0.25133049125307183,
                "acc": 0.8695652173913043
            },
            " 5th-6th": {
                "loss": 0.2511078474503993,
                "acc": 0.8387096774193549
            },
            " 7th-8th": {
                "loss": 0.2662131537300111,
                "acc": 0.8652482269503546
            },
            " 9th": {
                "loss": 0.27661997458063836,
                "acc": 0.8695652173913043
            },
            " Assoc-acdm": {
                "loss": 0.3121609246087481,
                "acc": 0.8324873096446701
            },
            " Assoc-voc": {
                "loss": 0.2940664119355369,
                "acc": 0.8278388278388278
            },
            " Bachelors": {
                "loss": 0.29992257329716976,
                "acc": 0.8507604562737643
            },
            " Doctorate": {
                "loss": 0.32129145599104364,
                "acc": 0.8571428571428571
            },
            " HS-grad": {
                "loss": 0.2933371715106431,
                "acc": 0.8512476007677543
            },
            " Masters": {
                "loss": 0.2804388182052919,
                "acc": 0.8644986449864499
            },
            " Preschool": {
                "loss": 0.3998454453099497,
                "acc": 0.8
            },
            " Prof-school": {
                "loss": 0.2764331311223042,
                "acc": 0.8620689655172413
            },
            " Some-college": {
                "loss": 0.2993824091930425,
                "acc": 0.8558922558922559
            }
        },
        "education-num": {
            "1-9": {
                "loss": 0.29603774536618227,
                "acc": 0.8537912274736484
            },
            "10-13": {
                "loss": 0.30045622845922937,
                "acc": 0.8442838370565046
            },
            "13-16": {
                "loss": 0.2852092691089864,
                "acc": 0.8629893238434164
            },
            "9-10": {
                "loss": 0.2993824091930425,
                "acc": 0.8558922558922559
            }
        },
        "relationship": {
            " Husband": {
                "loss": 0.2989306599184042,
                "acc": 0.8567014291232136
            },
            " Not-in-family": {
                "loss": 0.28799722611358214,
                "acc": 0.8494117647058823
            },
            " Other-relative": {
                "loss": 0.21691394857040752,
                "acc": 0.898876404494382
            },
            " Own-child": {
                "loss": 0.31759333678321877,
                "acc": 0.8400392541707556
            },
            " Unmarried": {
                "loss": 0.3012315276760468,
                "acc": 0.8561253561253561
            },
            " Wife": {
                "loss": 0.2968394017073048,
                "acc": 0.8478260869565217
            }
        },
        "race": {
            " Amer-Indian-Eskimo": {
                "loss": 0.3065140219358875,
                "acc": 0.8450704225352113
            },
            " Asian-Pac-Islander": {
                "loss": 0.27224127118838964,
                "acc": 0.875
            },
            " Black": {
                "loss": 0.30217679961992683,
                "acc": 0.8430717863105175
            },
            " Other": {
                "loss": 0.28257386080810687,
                "acc": 0.8363636363636363
            },
            " White": {
                "loss": 0.2971989255829438,
                "acc": 0.8533881637761488
            }
        },
        "gender": {
            " Female": {
                "loss": 0.2998564400322123,
                "acc": 0.8494117647058823
            },
            " Male": {
                "loss": 0.29546566491661486,
                "acc": 0.8545039908779931
            }
        },
        "hours-per-week": {
            "1-35": {
                "loss": 0.2742547666391438,
                "acc": 0.8701780415430267
            },
            "35-40": {
                "loss": 0.31024344334535525,
                "acc": 0.8431186868686869
            },
            "40-50": {
                "loss": 0.2858852215205311,
                "acc": 0.8614506927465363
            },
            "50-99": {
                "loss": 0.2991969426003436,
                "acc": 0.848761408083442
            }
        }
    }
}