{
    "age": {
        "17-26": {
            "loss": 0.5086795395899868,
            "acc": 0.7527397260273972
        },
        "26-33": {
            "loss": 1.0165179210921136,
            "acc": 0.6841201716738198
        },
        "33-41": {
            "loss": 1.4404245714598907,
            "acc": 0.5965439519158527
        },
        "41-50": {
            "loss": 1.612224185011678,
            "acc": 0.5709728867623605
        },
        "50-90": {
            "loss": 1.5268114933780492,
            "acc": 0.6003074558032283
        }
    },
    "education": {
        " 10th": {
            "loss": 0.7413026523718176,
            "acc": 0.6830601092896175
        },
        " 11th": {
            "loss": 0.6676175094114768,
            "acc": 0.6933333333333334
        },
        " 12th": {
            "loss": 0.6918277392629458,
            "acc": 0.7448979591836735
        },
        " 1st-4th": {
            "loss": 0.3417906928319829,
            "acc": 0.8695652173913043
        },
        " 5th-6th": {
            "loss": 0.5565729750646946,
            "acc": 0.7258064516129032
        },
        " 7th-8th": {
            "loss": 0.48887058127997646,
            "acc": 0.7659574468085106
        },
        " 9th": {
            "loss": 0.5069324494232436,
            "acc": 0.7652173913043478
        },
        " Assoc-acdm": {
            "loss": 1.011823696421397,
            "acc": 0.6767676767676768
        },
        " Assoc-voc": {
            "loss": 1.188685084442003,
            "acc": 0.6446886446886447
        },
        " Bachelors": {
            "loss": 1.8639038902712677,
            "acc": 0.5375118708452041
        },
        " Doctorate": {
            "loss": 2.8424785938422885,
            "acc": 0.4025974025974026
        },
        " HS-grad": {
            "loss": 0.9567738281611364,
            "acc": 0.6842610364683301
        },
        " Masters": {
            "loss": 2.4113104702896884,
            "acc": 0.47282608695652173
        },
        " Preschool": {
            "loss": 0.5817583362549643,
            "acc": 0.6
        },
        " Prof-school": {
            "loss": 2.787285492455827,
            "acc": 0.35344827586206895
        },
        " Some-college": {
            "loss": 0.9509279288391645,
            "acc": 0.6855218855218855
        }
    },
    "education-num": {
        "1-9": {
            "loss": 0.8578722811061045,
            "acc": 0.6960217613056784
        },
        "10-13": {
            "loss": 1.6322460081363164,
            "acc": 0.5748031496062992
        },
        "13-16": {
            "loss": 2.5482321246298323,
            "acc": 0.4385026737967914
        },
        "9-10": {
            "loss": 0.9509279288391645,
            "acc": 0.6855218855218855
        }
    },
    "relationship": {
        " Husband": {
            "loss": 1.8944170853094386,
            "acc": 0.5280030899961375
        },
        " Not-in-family": {
            "loss": 0.7316613739373256,
            "acc": 0.7260435038212816
        },
        " Other-relative": {
            "loss": 0.4848944173595728,
            "acc": 0.7471910112359551
        },
        " Own-child": {
            "loss": 0.5293082521241697,
            "acc": 0.7526987242394504
        },
        " Unmarried": {
            "loss": 0.5919243118422249,
            "acc": 0.7450142450142451
        },
        " Wife": {
            "loss": 2.0553493115683086,
            "acc": 0.5031055900621118
        }
    },
    "race": {
        " Amer-Indian-Eskimo": {
            "loss": 0.6682713092456575,
            "acc": 0.647887323943662
        },
        " Asian-Pac-Islander": {
            "loss": 1.6329425534039717,
            "acc": 0.5803108808290155
        },
        " Black": {
            "loss": 0.7864868460934727,
            "acc": 0.7040133779264214
        },
        " Other": {
            "loss": 0.4974033405491385,
            "acc": 0.7454545454545455
        },
        " White": {
            "loss": 1.2499016799997769,
            "acc": 0.6376474794422595
        }
    },
    "gender": {
        " Female": {
            "loss": 0.7737352245932491,
            "acc": 0.715898400752587
        },
        " Male": {
            "loss": 1.4155690772841558,
            "acc": 0.6077537058152793
        }
    },
    "hours-per-week": {
        "1-35": {
            "loss": 0.6498812139187854,
            "acc": 0.7464788732394366
        },
        "35-40": {
            "loss": 1.0624041431795328,
            "acc": 0.6534090909090909
        },
        "40-50": {
            "loss": 1.7907883724432514,
            "acc": 0.5672371638141809
        },
        "50-99": {
            "loss": 1.8416532923327595,
            "acc": 0.5397653194263363
        }
    }
}