{
    "forget_x": [
        0,
        0,
        1,
        0,
        0,
        0,
        0,
        0,
        0,
        0,
        0,
        0,
        0,
        0,
        0,
        0,
        0,
        0,
        0,
        0,
        1,
        0,
        0,
        0,
        1,
        0,
        1,
        0,
        0,
        0,
        0,
        0,
        0,
        0,
        0,
        1,
        1,
        0,
        1,
        0,
        0,
        0
    ],
    "forget_y": 0,
    "sample": {
        "age": "50-90",
        "education": " Masters",
        "education-num": "13-16",
        "relationship": " Husband",
        "race": " Black",
        "gender": " Male",
        "hours-per-week": "35-40",
        "income": ">=50k"
    },
    "performance": {
        "age": {
            "17-26": {
                "loss": 0.3047271794490921,
                "acc": 0.8561643835616438
            },
            "26-33": {
                "loss": 0.29966208012119644,
                "acc": 0.8479381443298969
            },
            "33-41": {
                "loss": 0.3040038283121548,
                "acc": 0.8512396694214877
            },
            "41-50": {
                "loss": 0.3034651404955104,
                "acc": 0.8548644338118022
            },
            "50-90": {
                "loss": 0.29196557851740945,
                "acc": 0.8601076095311299
            }
        },
        "education": {
            " 10th": {
                "loss": 0.33547766714042,
                "acc": 0.8579234972677595
            },
            " 11th": {
                "loss": 0.3112580397310089,
                "acc": 0.8577777777777778
            },
            " 12th": {
                "loss": 0.36957540993246124,
                "acc": 0.8163265306122449
            },
            " 1st-4th": {
                "loss": 0.25794709536393395,
                "acc": 0.8695652173913043
            },
            " 5th-6th": {
                "loss": 0.24408283475834888,
                "acc": 0.8709677419354839
            },
            " 7th-8th": {
                "loss": 0.2668418904043303,
                "acc": 0.8794326241134752
            },
            " 9th": {
                "loss": 0.28365743969847934,
                "acc": 0.8782608695652174
            },
            " Assoc-acdm": {
                "loss": 0.3291480930349891,
                "acc": 0.8333333333333334
            },
            " Assoc-voc": {
                "loss": 0.2881666511751913,
                "acc": 0.8644688644688645
            },
            " Bachelors": {
                "loss": 0.3016090199077165,
                "acc": 0.8545627376425855
            },
            " Doctorate": {
                "loss": 0.3641086026629815,
                "acc": 0.8441558441558441
            },
            " HS-grad": {
                "loss": 0.2966359901129828,
                "acc": 0.8512476007677543
            },
            " Masters": {
                "loss": 0.2850776374346604,
                "acc": 0.8586956521739131
            },
            " Preschool": {
                "loss": 0.40202058760390447,
                "acc": 0.7
            },
            " Prof-school": {
                "loss": 0.29638364683481006,
                "acc": 0.853448275862069
            },
            " Some-college": {
                "loss": 0.30242848275586176,
                "acc": 0.8558922558922559
            }
        },
        "education-num": {
            "1-9": {
                "loss": 0.2996139756993458,
                "acc": 0.8534512070724244
            },
            "10-13": {
                "loss": 0.3027797157811384,
                "acc": 0.8535784635587655
            },
            "13-16": {
                "loss": 0.29826280929383714,
                "acc": 0.8556149732620321
            },
            "9-10": {
                "loss": 0.30242848275586176,
                "acc": 0.8558922558922559
            }
        },
        "relationship": {
            " Husband": {
                "loss": 0.29877448406432483,
                "acc": 0.8532251834685206
            },
            " Not-in-family": {
                "loss": 0.29348104633765537,
                "acc": 0.8623529411764705
            },
            " Other-relative": {
                "loss": 0.218602633740251,
                "acc": 0.9157303370786517
            },
            " Own-child": {
                "loss": 0.32933641933672436,
                "acc": 0.8361138370951914
            },
            " Unmarried": {
                "loss": 0.3056508846542829,
                "acc": 0.8532763532763533
            },
            " Wife": {
                "loss": 0.30190379943789447,
                "acc": 0.84472049689441
            }
        },
        "race": {
            " Amer-Indian-Eskimo": {
                "loss": 0.29631876174539723,
                "acc": 0.8169014084507042
            },
            " Asian-Pac-Islander": {
                "loss": 0.2766474898862623,
                "acc": 0.8756476683937824
            },
            " Black": {
                "loss": 0.3069916206894829,
                "acc": 0.8478260869565217
            },
            " Other": {
                "loss": 0.3167866792040104,
                "acc": 0.8545454545454545
            },
            " White": {
                "loss": 0.30096443561813774,
                "acc": 0.8546397282317182
            }
        },
        "gender": {
            " Female": {
                "loss": 0.30685713963415034,
                "acc": 0.851764705882353
            },
            " Male": {
                "loss": 0.2979836991676564,
                "acc": 0.8554161915621437
            }
        },
        "hours-per-week": {
            "1-35": {
                "loss": 0.2780810390304143,
                "acc": 0.8702742772424018
            },
            "35-40": {
                "loss": 0.31344399674751483,
                "acc": 0.8449636880328386
            },
            "40-50": {
                "loss": 0.29275920528255317,
                "acc": 0.856560717196414
            },
            "50-99": {
                "loss": 0.3020937918378677,
                "acc": 0.8604954367666232
            }
        }
    }
}