{
    "age": {
        "17-26": {
            "loss": 0.460157179939493,
            "acc": 0.8047945205479452
        },
        "26-33": {
            "loss": 1.1647655014783642,
            "acc": 0.7141630901287553
        },
        "33-41": {
            "loss": 1.8124607578494887,
            "acc": 0.6220886551465064
        },
        "41-50": {
            "loss": 2.0931641519007145,
            "acc": 0.5889864325618516
        },
        "50-90": {
            "loss": 1.9759459972222504,
            "acc": 0.6144393241167435
        }
    },
    "education": {
        " 10th": {
            "loss": 0.8366605155248855,
            "acc": 0.73224043715847
        },
        " 11th": {
            "loss": 0.7397632959391275,
            "acc": 0.76
        },
        " 12th": {
            "loss": 0.6337593922956023,
            "acc": 0.7755102040816326
        },
        " 1st-4th": {
            "loss": 0.26641463750005523,
            "acc": 0.9130434782608695
        },
        " 5th-6th": {
            "loss": 0.5876240986521606,
            "acc": 0.7580645161290323
        },
        " 7th-8th": {
            "loss": 0.45756038361277807,
            "acc": 0.8085106382978723
        },
        " 9th": {
            "loss": 0.45037607528272167,
            "acc": 0.808695652173913
        },
        " Assoc-acdm": {
            "loss": 1.251942236267881,
            "acc": 0.7121212121212122
        },
        " Assoc-voc": {
            "loss": 1.4093136137261253,
            "acc": 0.6813186813186813
        },
        " Bachelors": {
            "loss": 2.4445978923790475,
            "acc": 0.5498575498575499
        },
        " Doctorate": {
            "loss": 3.9893767347431455,
            "acc": 0.4155844155844156
        },
        " HS-grad": {
            "loss": 1.1162581314928393,
            "acc": 0.7210753720595295
        },
        " Masters": {
            "loss": 3.1257525810419824,
            "acc": 0.47696476964769646
        },
        " Preschool": {
            "loss": 0.45269722463789586,
            "acc": 0.7
        },
        " Prof-school": {
            "loss": 3.686209196432859,
            "acc": 0.3275862068965517
        },
        " Some-college": {
            "loss": 1.1255104400896343,
            "acc": 0.7111111111111111
        }
    },
    "education-num": {
        "1-9": {
            "loss": 0.9762674115796407,
            "acc": 0.7363945578231292
        },
        "10-13": {
            "loss": 2.1041920997397727,
            "acc": 0.594488188976378
        },
        "13-16": {
            "loss": 3.359759746914458,
            "acc": 0.4377224199288256
        },
        "9-10": {
            "loss": 1.1255104400896343,
            "acc": 0.7111111111111111
        }
    },
    "relationship": {
        " Husband": {
            "loss": 2.454856401835105,
            "acc": 0.5405405405405406
        },
        " Not-in-family": {
            "loss": 0.819280610916394,
            "acc": 0.7630805408583187
        },
        " Other-relative": {
            "loss": 0.44333866460510307,
            "acc": 0.7865168539325843
        },
        " Own-child": {
            "loss": 0.4789017803408718,
            "acc": 0.7998037291462218
        },
        " Unmarried": {
            "loss": 0.5687748914515949,
            "acc": 0.7917261055634808
        },
        " Wife": {
            "loss": 2.854913465994624,
            "acc": 0.5124223602484472
        }
    },
    "race": {
        " Amer-Indian-Eskimo": {
            "loss": 0.6838488429822716,
            "acc": 0.7
        },
        " Asian-Pac-Islander": {
            "loss": 2.048448360675439,
            "acc": 0.5906735751295337
        },
        " Black": {
            "loss": 0.91449324699811,
            "acc": 0.7312186978297162
        },
        " Other": {
            "loss": 0.46582564058146414,
            "acc": 0.7818181818181819
        },
        " White": {
            "loss": 1.5409297664539912,
            "acc": 0.6666070790132285
        }
    },
    "gender": {
        " Female": {
            "loss": 0.881492109490329,
            "acc": 0.7505882352941177
        },
        " Male": {
            "loss": 1.7700438209483935,
            "acc": 0.6333789329685362
        }
    },
    "hours-per-week": {
        "1-35": {
            "loss": 0.712761990673997,
            "acc": 0.7828020756115641
        },
        "35-40": {
            "loss": 1.26013197644795,
            "acc": 0.6843434343434344
        },
        "40-50": {
            "loss": 2.341060082173542,
            "acc": 0.5900570497147515
        },
        "50-99": {
            "loss": 2.360480030916985,
            "acc": 0.5541069100391134
        }
    }
}