{
    "forget_x": [
        0,
        0,
        1,
        0,
        0,
        0,
        0,
        0,
        0,
        0,
        0,
        0,
        0,
        0,
        0,
        0,
        0,
        0,
        0,
        0,
        1,
        0,
        0,
        0,
        1,
        0,
        1,
        0,
        0,
        0,
        0,
        0,
        0,
        0,
        0,
        1,
        1,
        0,
        0,
        1,
        0,
        0
    ],
    "forget_y": 0,
    "sample": {
        "age": "41-50",
        "education": " HS-grad",
        "education-num": "1-9",
        "relationship": " Unmarried",
        "race": " Amer-Indian-Eskimo",
        "gender": " Female",
        "hours-per-week": "35-40",
        "income": "<50k"
    },
    "performance": {
        "age": {
            "17-26": {
                "loss": 0.30350360430331086,
                "acc": 0.8575342465753425
            },
            "26-33": {
                "loss": 0.2975369004889512,
                "acc": 0.8410652920962199
            },
            "33-41": {
                "loss": 0.2986568856131996,
                "acc": 0.8572501878287002
            },
            "41-50": {
                "loss": 0.3005934301055314,
                "acc": 0.8571428571428571
            },
            "50-90": {
                "loss": 0.29295960843697416,
                "acc": 0.857910906298003
            }
        },
        "education": {
            " 10th": {
                "loss": 0.34649712193202264,
                "acc": 0.8524590163934426
            },
            " 11th": {
                "loss": 0.30685038623951977,
                "acc": 0.8488888888888889
            },
            " 12th": {
                "loss": 0.33777184963711354,
                "acc": 0.826530612244898
            },
            " 1st-4th": {
                "loss": 0.23747246129372476,
                "acc": 0.8695652173913043
            },
            " 5th-6th": {
                "loss": 0.24382484484352504,
                "acc": 0.8709677419354839
            },
            " 7th-8th": {
                "loss": 0.26490028863904697,
                "acc": 0.8936170212765957
            },
            " 9th": {
                "loss": 0.280943817698735,
                "acc": 0.8695652173913043
            },
            " Assoc-acdm": {
                "loss": 0.3091913584619805,
                "acc": 0.8383838383838383
            },
            " Assoc-voc": {
                "loss": 0.28544955743670536,
                "acc": 0.8608058608058609
            },
            " Bachelors": {
                "loss": 0.29964182382844357,
                "acc": 0.8545627376425855
            },
            " Doctorate": {
                "loss": 0.32839267581852055,
                "acc": 0.8311688311688312
            },
            " HS-grad": {
                "loss": 0.2970003956467666,
                "acc": 0.8530964954392702
            },
            " Masters": {
                "loss": 0.27868186793558747,
                "acc": 0.8699186991869918
            },
            " Preschool": {
                "loss": 0.41725238258117753,
                "acc": 0.8
            },
            " Prof-school": {
                "loss": 0.2947291810242348,
                "acc": 0.853448275862069
            },
            " Some-college": {
                "loss": 0.30285755826168387,
                "acc": 0.8525252525252526
            }
        },
        "education-num": {
            "1-9": {
                "loss": 0.2988485667222553,
                "acc": 0.8547619047619047
            },
            "10-13": {
                "loss": 0.29833934131530826,
                "acc": 0.8535784635587655
            },
            "13-16": {
                "loss": 0.28880503613001623,
                "acc": 0.8612099644128114
            },
            "9-10": {
                "loss": 0.30285755826168387,
                "acc": 0.8525252525252526
            }
        },
        "relationship": {
            " Husband": {
                "loss": 0.2995346831509672,
                "acc": 0.855984555984556
            },
            " Not-in-family": {
                "loss": 0.2893291846736728,
                "acc": 0.8541176470588235
            },
            " Other-relative": {
                "loss": 0.2205946595330684,
                "acc": 0.9044943820224719
            },
            " Own-child": {
                "loss": 0.32124118004791474,
                "acc": 0.8478900883218842
            },
            " Unmarried": {
                "loss": 0.3034166489658212,
                "acc": 0.8516405135520685
            },
            " Wife": {
                "loss": 0.3045881404140186,
                "acc": 0.84472049689441
            }
        },
        "race": {
            " Amer-Indian-Eskimo": {
                "loss": 0.30059742730400035,
                "acc": 0.8142857142857143
            },
            " Asian-Pac-Islander": {
                "loss": 0.26857214684794284,
                "acc": 0.8911917098445595
            },
            " Black": {
                "loss": 0.3034579168679469,
                "acc": 0.8564273789649416
            },
            " Other": {
                "loss": 0.3044867866338149,
                "acc": 0.8545454545454545
            },
            " White": {
                "loss": 0.2992389053439339,
                "acc": 0.853566958698373
            }
        },
        "gender": {
            " Female": {
                "loss": 0.30173702384714124,
                "acc": 0.85075329566855
            },
            " Male": {
                "loss": 0.2973433809072022,
                "acc": 0.8563611491108071
            }
        },
        "hours-per-week": {
            "1-35": {
                "loss": 0.27774658658521073,
                "acc": 0.8754633061527057
            },
            "35-40": {
                "loss": 0.31044920761685824,
                "acc": 0.8449636880328386
            },
            "40-50": {
                "loss": 0.29160400685009685,
                "acc": 0.8541157294213529
            },
            "50-99": {
                "loss": 0.29904381366258986,
                "acc": 0.8578878748370273
            }
        }
    }
}