{
    "age": {
        "17-26": {
            "loss": 0.47578553815198493,
            "acc": 0.7719178082191781
        },
        "26-33": {
            "loss": 1.0045224525632406,
            "acc": 0.6987124463519313
        },
        "33-41": {
            "loss": 1.4771366415193143,
            "acc": 0.6078136739293765
        },
        "41-50": {
            "loss": 1.702991338625611,
            "acc": 0.5746209098164405
        },
        "50-90": {
            "loss": 1.5751657163094106,
            "acc": 0.6067588325652842
        }
    },
    "education": {
        " 10th": {
            "loss": 0.7322572182040286,
            "acc": 0.6994535519125683
        },
        " 11th": {
            "loss": 0.6336260707163676,
            "acc": 0.7155555555555555
        },
        " 12th": {
            "loss": 0.6617754566787377,
            "acc": 0.7653061224489796
        },
        " 1st-4th": {
            "loss": 0.29116602927402563,
            "acc": 0.8695652173913043
        },
        " 5th-6th": {
            "loss": 0.5827441409799,
            "acc": 0.7580645161290323
        },
        " 7th-8th": {
            "loss": 0.4916828559756163,
            "acc": 0.75177304964539
        },
        " 9th": {
            "loss": 0.4577052835611738,
            "acc": 0.7913043478260869
        },
        " Assoc-acdm": {
            "loss": 1.0221027297328935,
            "acc": 0.6868686868686869
        },
        " Assoc-voc": {
            "loss": 1.2623207007661725,
            "acc": 0.663003663003663
        },
        " Bachelors": {
            "loss": 1.9308527473784283,
            "acc": 0.5475285171102662
        },
        " Doctorate": {
            "loss": 2.8813584776324364,
            "acc": 0.38961038961038963
        },
        " HS-grad": {
            "loss": 0.9690704605022437,
            "acc": 0.7000959692898272
        },
        " Masters": {
            "loss": 2.5045357529231738,
            "acc": 0.47696476964769646
        },
        " Preschool": {
            "loss": 0.5350337960473361,
            "acc": 0.7
        },
        " Prof-school": {
            "loss": 3.049519894093478,
            "acc": 0.3448275862068966
        },
        " Some-college": {
            "loss": 0.9471799881569718,
            "acc": 0.6915824915824916
        }
    },
    "education-num": {
        "1-9": {
            "loss": 0.8606278323564552,
            "acc": 0.7120027201632098
        },
        "10-13": {
            "loss": 1.6928739212333452,
            "acc": 0.5863427445830598
        },
        "13-16": {
            "loss": 2.668652319076855,
            "acc": 0.4377224199288256
        },
        "9-10": {
            "loss": 0.9471799881569718,
            "acc": 0.6915824915824916
        }
    },
    "relationship": {
        " Husband": {
            "loss": 1.9716455011877376,
            "acc": 0.529934337582078
        },
        " Not-in-family": {
            "loss": 0.7237316493144885,
            "acc": 0.7419165196942975
        },
        " Other-relative": {
            "loss": 0.44826764350668286,
            "acc": 0.7640449438202247
        },
        " Own-child": {
            "loss": 0.4927591342190152,
            "acc": 0.7693817468105987
        },
        " Unmarried": {
            "loss": 0.5681208645653243,
            "acc": 0.7663817663817664
        },
        " Wife": {
            "loss": 2.1717594392416233,
            "acc": 0.5217391304347826
        }
    },
    "race": {
        " Amer-Indian-Eskimo": {
            "loss": 0.6999394505409338,
            "acc": 0.6619718309859155
        },
        " Asian-Pac-Islander": {
            "loss": 1.6789485742529229,
            "acc": 0.5751295336787565
        },
        " Black": {
            "loss": 0.8061099134701987,
            "acc": 0.7161936560934892
        },
        " Other": {
            "loss": 0.4835143595062361,
            "acc": 0.7636363636363637
        },
        " White": {
            "loss": 1.275257003213355,
            "acc": 0.6492043625961023
        }
    },
    "gender": {
        " Female": {
            "loss": 0.7699401066846409,
            "acc": 0.7318908748824082
        },
        " Male": {
            "loss": 1.4546877208486817,
            "acc": 0.6166476624857469
        }
    },
    "hours-per-week": {
        "1-35": {
            "loss": 0.6507468996345923,
            "acc": 0.7590808005930318
        },
        "35-40": {
            "loss": 1.0718446096463827,
            "acc": 0.6680340801514674
        },
        "40-50": {
            "loss": 1.8638559686037934,
            "acc": 0.5721271393643031
        },
        "50-99": {
            "loss": 1.8984515844382628,
            "acc": 0.5443864229765013
        }
    }
}