{
    "forget_x": [
        1,
        0,
        0,
        0,
        0,
        0,
        1,
        0,
        0,
        0,
        0,
        0,
        0,
        0,
        0,
        0,
        0,
        0,
        0,
        0,
        0,
        1,
        0,
        0,
        0,
        0,
        0,
        0,
        1,
        0,
        0,
        0,
        0,
        0,
        0,
        1,
        1,
        0,
        1,
        0,
        0,
        0
    ],
    "forget_y": 0,
    "sample": {
        "age": "41-50",
        "education": " Bachelors",
        "education-num": "10-13",
        "relationship": " Husband",
        "race": " White",
        "gender": " Male",
        "hours-per-week": "50-99",
        "income": ">=50k"
    },
    "performance": {
        "age": {
            "17-26": {
                "loss": 0.30767869868760467,
                "acc": 0.8554794520547945
            },
            "26-33": {
                "loss": 0.3005093509515016,
                "acc": 0.8427835051546392
            },
            "33-41": {
                "loss": 0.3010210691243165,
                "acc": 0.8542449286250939
            },
            "41-50": {
                "loss": 0.30273229999497775,
                "acc": 0.8571428571428571
            },
            "50-90": {
                "loss": 0.2975027455095516,
                "acc": 0.8548387096774194
            }
        },
        "education": {
            " 10th": {
                "loss": 0.3465429819266502,
                "acc": 0.8469945355191257
            },
            " 11th": {
                "loss": 0.3089128247844777,
                "acc": 0.8533333333333334
            },
            " 12th": {
                "loss": 0.3664891379852107,
                "acc": 0.8061224489795918
            },
            " 1st-4th": {
                "loss": 0.23389129322189717,
                "acc": 0.8695652173913043
            },
            " 5th-6th": {
                "loss": 0.23430811055332965,
                "acc": 0.8709677419354839
            },
            " 7th-8th": {
                "loss": 0.27158697231328627,
                "acc": 0.8794326241134752
            },
            " 9th": {
                "loss": 0.29022147060034537,
                "acc": 0.8608695652173913
            },
            " Assoc-acdm": {
                "loss": 0.3128392141374517,
                "acc": 0.8383838383838383
            },
            " Assoc-voc": {
                "loss": 0.28395964340739815,
                "acc": 0.8717948717948718
            },
            " Bachelors": {
                "loss": 0.3037931403945826,
                "acc": 0.8563273073263559
            },
            " Doctorate": {
                "loss": 0.3460047122801127,
                "acc": 0.8311688311688312
            },
            " HS-grad": {
                "loss": 0.30013405049672043,
                "acc": 0.8483685220729367
            },
            " Masters": {
                "loss": 0.28763663928433475,
                "acc": 0.8617886178861789
            },
            " Preschool": {
                "loss": 0.36556759160933755,
                "acc": 0.9
            },
            " Prof-school": {
                "loss": 0.29260793026964105,
                "acc": 0.853448275862069
            },
            " Some-college": {
                "loss": 0.30391439402668985,
                "acc": 0.8545454545454545
            }
        },
        "education-num": {
            "1-9": {
                "loss": 0.30246499787708925,
                "acc": 0.8500510030601837
            },
            "10-13": {
                "loss": 0.3014124425782796,
                "acc": 0.8567674113009198
            },
            "13-16": {
                "loss": 0.2966597911970935,
                "acc": 0.8558718861209964
            },
            "9-10": {
                "loss": 0.30391439402668985,
                "acc": 0.8545454545454545
            }
        },
        "relationship": {
            " Husband": {
                "loss": 0.3020389259461272,
                "acc": 0.8528389339513326
            },
            " Not-in-family": {
                "loss": 0.29128374482779545,
                "acc": 0.8582352941176471
            },
            " Other-relative": {
                "loss": 0.2168868281953699,
                "acc": 0.9044943820224719
            },
            " Own-child": {
                "loss": 0.3302633633692926,
                "acc": 0.8469087340529932
            },
            " Unmarried": {
                "loss": 0.30465069778140236,
                "acc": 0.8447293447293447
            },
            " Wife": {
                "loss": 0.3110708575362052,
                "acc": 0.8385093167701864
            }
        },
        "race": {
            " Amer-Indian-Eskimo": {
                "loss": 0.28576550188846395,
                "acc": 0.8309859154929577
            },
            " Asian-Pac-Islander": {
                "loss": 0.2678801701158536,
                "acc": 0.8911917098445595
            },
            " Black": {
                "loss": 0.2907294735072319,
                "acc": 0.8564273789649416
            },
            " Other": {
                "loss": 0.3310073697644041,
                "acc": 0.8545454545454545
            },
            " White": {
                "loss": 0.30436201550585645,
                "acc": 0.8517525035765379
            }
        },
        "gender": {
            " Female": {
                "loss": 0.30711228700281795,
                "acc": 0.8508235294117648
            },
            " Male": {
                "loss": 0.29959438181575265,
                "acc": 0.8542759407069556
            }
        },
        "hours-per-week": {
            "1-35": {
                "loss": 0.2784894538712677,
                "acc": 0.8739807264640475
            },
            "35-40": {
                "loss": 0.31423664476297336,
                "acc": 0.8450126262626263
            },
            "40-50": {
                "loss": 0.2870772539224163,
                "acc": 0.8557457212713936
            },
            "50-99": {
                "loss": 0.3171112528705223,
                "acc": 0.8459530026109661
            }
        }
    }
}