{
    "forget_x": [
        0,
        0,
        0,
        1,
        0,
        0,
        1,
        0,
        0,
        0,
        0,
        0,
        0,
        0,
        0,
        0,
        0,
        0,
        0,
        0,
        0,
        1,
        0,
        0,
        0,
        0,
        0,
        0,
        0,
        1,
        0,
        0,
        0,
        1,
        0,
        0,
        1,
        0,
        1,
        0,
        0,
        0
    ],
    "forget_y": 0,
    "sample": {
        "age": "26-33",
        "education": " Some-college",
        "education-num": "9-10",
        "relationship": " Wife",
        "race": " White",
        "gender": " Female",
        "hours-per-week": "1-35",
        "income": "<50k"
    },
    "performance": {
        "age": {
            "17-26": {
                "loss": 0.3038388221162737,
                "acc": 0.8575342465753425
            },
            "26-33": {
                "loss": 0.29050680784118665,
                "acc": 0.8495270851246776
            },
            "33-41": {
                "loss": 0.2966161743312936,
                "acc": 0.8557475582268971
            },
            "41-50": {
                "loss": 0.29831842532873,
                "acc": 0.8532695374800638
            },
            "50-90": {
                "loss": 0.29367871781684723,
                "acc": 0.857910906298003
            }
        },
        "education": {
            " 10th": {
                "loss": 0.3435645817281028,
                "acc": 0.8469945355191257
            },
            " 11th": {
                "loss": 0.3047493183933362,
                "acc": 0.8577777777777778
            },
            " 12th": {
                "loss": 0.3453847772780068,
                "acc": 0.8163265306122449
            },
            " 1st-4th": {
                "loss": 0.2529767192861307,
                "acc": 0.8695652173913043
            },
            " 5th-6th": {
                "loss": 0.26246406904854797,
                "acc": 0.8387096774193549
            },
            " 7th-8th": {
                "loss": 0.2671147858262034,
                "acc": 0.8936170212765957
            },
            " 9th": {
                "loss": 0.29246967607994967,
                "acc": 0.8521739130434782
            },
            " Assoc-acdm": {
                "loss": 0.30389675276990064,
                "acc": 0.8484848484848485
            },
            " Assoc-voc": {
                "loss": 0.2791376489252253,
                "acc": 0.8571428571428571
            },
            " Bachelors": {
                "loss": 0.2986692633788209,
                "acc": 0.8555133079847909
            },
            " Doctorate": {
                "loss": 0.3205957235398942,
                "acc": 0.8701298701298701
            },
            " HS-grad": {
                "loss": 0.2943359760203778,
                "acc": 0.8536468330134357
            },
            " Masters": {
                "loss": 0.2760265221569338,
                "acc": 0.8644986449864499
            },
            " Preschool": {
                "loss": 0.3661642980401437,
                "acc": 0.8
            },
            " Prof-school": {
                "loss": 0.29253013075099055,
                "acc": 0.853448275862069
            },
            " Some-college": {
                "loss": 0.30049662689925616,
                "acc": 0.8544474393530997
            }
        },
        "education-num": {
            "1-9": {
                "loss": 0.29776772344445274,
                "acc": 0.8537912274736484
            },
            "10-13": {
                "loss": 0.29584780057750903,
                "acc": 0.8548916611950098
            },
            "13-16": {
                "loss": 0.28553941735871063,
                "acc": 0.8629893238434164
            },
            "9-10": {
                "loss": 0.30049662689925616,
                "acc": 0.8544474393530997
            }
        },
        "relationship": {
            " Husband": {
                "loss": 0.29481663541484887,
                "acc": 0.8563706563706563
            },
            " Not-in-family": {
                "loss": 0.2927701873048874,
                "acc": 0.8588235294117647
            },
            " Other-relative": {
                "loss": 0.21825220629477182,
                "acc": 0.9044943820224719
            },
            " Own-child": {
                "loss": 0.3212687044714239,
                "acc": 0.8439646712463199
            },
            " Unmarried": {
                "loss": 0.30040707703540076,
                "acc": 0.8490028490028491
            },
            " Wife": {
                "loss": 0.2938608940975214,
                "acc": 0.8442367601246106
            }
        },
        "race": {
            " Amer-Indian-Eskimo": {
                "loss": 0.3092693669935319,
                "acc": 0.8028169014084507
            },
            " Asian-Pac-Islander": {
                "loss": 0.2571049609028238,
                "acc": 0.8963730569948186
            },
            " Black": {
                "loss": 0.3013634405621821,
                "acc": 0.8514190317195326
            },
            " Other": {
                "loss": 0.33874712695544684,
                "acc": 0.8
            },
            " White": {
                "loss": 0.29720923576782515,
                "acc": 0.8551502145922747
            }
        },
        "gender": {
            " Female": {
                "loss": 0.3035275141423758,
                "acc": 0.8488700564971752
            },
            " Male": {
                "loss": 0.29366821289679884,
                "acc": 0.8579571363429093
            }
        },
        "hours-per-week": {
            "1-35": {
                "loss": 0.2793964615483414,
                "acc": 0.870919881305638
            },
            "35-40": {
                "loss": 0.3078272103867038,
                "acc": 0.8465909090909091
            },
            "40-50": {
                "loss": 0.2853591231260433,
                "acc": 0.8581907090464548
            },
            "50-99": {
                "loss": 0.30086381363217424,
                "acc": 0.8565840938722294
            }
        }
    }
}