{
    "age": {
        "17-26": {
            "loss": 0.30477931586601587,
            "acc": 0.8582191780821918
        },
        "26-33": {
            "loss": 0.29567726714130355,
            "acc": 0.8555460017196904
        },
        "33-41": {
            "loss": 0.29943137899218225,
            "acc": 0.8519909842223892
        },
        "41-50": {
            "loss": 0.29777540312557205,
            "acc": 0.8564593301435407
        },
        "50-90": {
            "loss": 0.29197817537012016,
            "acc": 0.8602150537634409
        }
    },
    "education": {
        " 10th": {
            "loss": 0.34804034549131396,
            "acc": 0.8469945355191257
        },
        " 11th": {
            "loss": 0.31404371263135955,
            "acc": 0.8577777777777778
        },
        " 12th": {
            "loss": 0.3568811099277426,
            "acc": 0.8163265306122449
        },
        " 1st-4th": {
            "loss": 0.2521403662003231,
            "acc": 0.8695652173913043
        },
        " 5th-6th": {
            "loss": 0.26779850669155614,
            "acc": 0.8709677419354839
        },
        " 7th-8th": {
            "loss": 0.2653479388772527,
            "acc": 0.8936170212765957
        },
        " 9th": {
            "loss": 0.3022071046042741,
            "acc": 0.8521739130434782
        },
        " Assoc-acdm": {
            "loss": 0.30253051450359575,
            "acc": 0.8535353535353535
        },
        " Assoc-voc": {
            "loss": 0.2783981719421732,
            "acc": 0.8681318681318682
        },
        " Bachelors": {
            "loss": 0.29724885099067677,
            "acc": 0.8555133079847909
        },
        " Doctorate": {
            "loss": 0.3363278035163509,
            "acc": 0.8311688311688312
        },
        " HS-grad": {
            "loss": 0.2951966140634135,
            "acc": 0.8536468330134357
        },
        " Masters": {
            "loss": 0.26440038312188613,
            "acc": 0.8753387533875339
        },
        " Preschool": {
            "loss": 0.36474168702223086,
            "acc": 0.9
        },
        " Prof-school": {
            "loss": 0.2985758787404079,
            "acc": 0.8620689655172413
        },
        " Some-college": {
            "loss": 0.30425937314151635,
            "acc": 0.855121293800539
        }
    },
    "education-num": {
        "1-9": {
            "loss": 0.30014734449742636,
            "acc": 0.8548112886773206
        },
        "10-13": {
            "loss": 0.2945564898582522,
            "acc": 0.8575180564674983
        },
        "13-16": {
            "loss": 0.281309224513563,
            "acc": 0.8665480427046264
        },
        "9-10": {
            "loss": 0.30425937314151635,
            "acc": 0.855121293800539
        }
    },
    "relationship": {
        " Husband": {
            "loss": 0.2921169997145366,
            "acc": 0.8613899613899614
        },
        " Not-in-family": {
            "loss": 0.2957816218489329,
            "acc": 0.8547058823529412
        },
        " Other-relative": {
            "loss": 0.2294100975474552,
            "acc": 0.9101123595505618
        },
        " Own-child": {
            "loss": 0.3268175398593993,
            "acc": 0.8410206084396468
        },
        " Unmarried": {
            "loss": 0.30435647473285854,
            "acc": 0.8518518518518519
        },
        " Wife": {
            "loss": 0.2929204548074778,
            "acc": 0.8566978193146417
        }
    },
    "race": {
        " Amer-Indian-Eskimo": {
            "loss": 0.2943129056751595,
            "acc": 0.8309859154929577
        },
        " Asian-Pac-Islander": {
            "loss": 0.2660859589018504,
            "acc": 0.8860103626943006
        },
        " Black": {
            "loss": 0.30426491536602707,
            "acc": 0.8514190317195326
        },
        " Other": {
            "loss": 0.33050039334578735,
            "acc": 0.8363636363636363
        },
        " White": {
            "loss": 0.2983327174231799,
            "acc": 0.8565808297567954
        }
    },
    "gender": {
        " Female": {
            "loss": 0.3055778901521156,
            "acc": 0.8516949152542372
        },
        " Male": {
            "loss": 0.29455360908722955,
            "acc": 0.8588691290469677
        }
    },
    "hours-per-week": {
        "1-35": {
            "loss": 0.28392408547231146,
            "acc": 0.870919881305638
        },
        "35-40": {
            "loss": 0.3103236262315746,
            "acc": 0.8469065656565656
        },
        "40-50": {
            "loss": 0.28501455464067793,
            "acc": 0.8655256723716381
        },
        "50-99": {
            "loss": 0.29388760688039706,
            "acc": 0.8565840938722294
        }
    }
}