{
    "age": {
        "17-26": {
            "loss": 0.4795926420361674,
            "acc": 0.7726027397260274
        },
        "26-33": {
            "loss": 1.043439894821848,
            "acc": 0.6950171821305842
        },
        "33-41": {
            "loss": 1.5060580766714011,
            "acc": 0.6093163035311796
        },
        "41-50": {
            "loss": 1.7622374127120821,
            "acc": 0.5749601275917066
        },
        "50-90": {
            "loss": 1.588728501690035,
            "acc": 0.6075268817204301
        }
    },
    "education": {
        " 10th": {
            "loss": 0.696833663058736,
            "acc": 0.7213114754098361
        },
        " 11th": {
            "loss": 0.6737373461167868,
            "acc": 0.7111111111111111
        },
        " 12th": {
            "loss": 0.6817509408861109,
            "acc": 0.7551020408163265
        },
        " 1st-4th": {
            "loss": 0.31207771795412026,
            "acc": 0.8695652173913043
        },
        " 5th-6th": {
            "loss": 0.576124004364082,
            "acc": 0.7258064516129032
        },
        " 7th-8th": {
            "loss": 0.4739452076365753,
            "acc": 0.7801418439716312
        },
        " 9th": {
            "loss": 0.45377476848215714,
            "acc": 0.808695652173913
        },
        " Assoc-acdm": {
            "loss": 1.070365955463483,
            "acc": 0.702020202020202
        },
        " Assoc-voc": {
            "loss": 1.2213197640464217,
            "acc": 0.663003663003663
        },
        " Bachelors": {
            "loss": 1.9845551861533417,
            "acc": 0.5470085470085471
        },
        " Doctorate": {
            "loss": 3.2158715646493037,
            "acc": 0.37662337662337664
        },
        " HS-grad": {
            "loss": 0.9843099136517366,
            "acc": 0.6986564299424184
        },
        " Masters": {
            "loss": 2.5750018920749453,
            "acc": 0.45799457994579945
        },
        " Preschool": {
            "loss": 0.5421839059346094,
            "acc": 0.6
        },
        " Prof-school": {
            "loss": 3.249631495876684,
            "acc": 0.31896551724137934
        },
        " Some-college": {
            "loss": 0.9590995881449036,
            "acc": 0.6960916442048517
        }
    },
    "education-num": {
        "1-9": {
            "loss": 0.8720008850622765,
            "acc": 0.712682760965658
        },
        "10-13": {
            "loss": 1.7290612636390492,
            "acc": 0.5879265091863517
        },
        "13-16": {
            "loss": 2.8020552707746402,
            "acc": 0.4181494661921708
        },
        "9-10": {
            "loss": 0.9590995881449036,
            "acc": 0.6960916442048517
        }
    },
    "relationship": {
        " Husband": {
            "loss": 2.03493641020378,
            "acc": 0.5332046332046332
        },
        " Not-in-family": {
            "loss": 0.7392989289652374,
            "acc": 0.7419165196942975
        },
        " Other-relative": {
            "loss": 0.47796509355210903,
            "acc": 0.7752808988764045
        },
        " Own-child": {
            "loss": 0.48293091176587244,
            "acc": 0.7733071638861629
        },
        " Unmarried": {
            "loss": 0.5726540449598643,
            "acc": 0.7592592592592593
        },
        " Wife": {
            "loss": 2.1510358686456645,
            "acc": 0.49221183800623053
        }
    },
    "race": {
        " Amer-Indian-Eskimo": {
            "loss": 0.641812340993238,
            "acc": 0.6901408450704225
        },
        " Asian-Pac-Islander": {
            "loss": 1.7323814297054636,
            "acc": 0.5699481865284974
        },
        " Black": {
            "loss": 0.8395670298101617,
            "acc": 0.7128547579298832
        },
        " Other": {
            "loss": 0.5072495212394954,
            "acc": 0.7272727272727273
        },
        " White": {
            "loss": 1.3028759436918087,
            "acc": 0.6497407473627749
        }
    },
    "gender": {
        " Female": {
            "loss": 0.7758699916692501,
            "acc": 0.7289411764705882
        },
        " Male": {
            "loss": 1.49315528669386,
            "acc": 0.6181030551755586
        }
    },
    "hours-per-week": {
        "1-35": {
            "loss": 0.6511776790210247,
            "acc": 0.7566765578635015
        },
        "35-40": {
            "loss": 1.100439258093979,
            "acc": 0.6667718523193437
        },
        "40-50": {
            "loss": 1.8736520571054223,
            "acc": 0.5778321108394459
        },
        "50-99": {
            "loss": 1.999546578158976,
            "acc": 0.5449804432855281
        }
    }
}