{
    "forget_x": [
        1,
        0,
        0,
        0,
        0,
        0,
        0,
        0,
        0,
        0,
        0,
        0,
        0,
        0,
        0,
        0,
        0,
        0,
        0,
        0,
        1,
        0,
        0,
        0,
        1,
        0,
        1,
        0,
        0,
        0,
        0,
        0,
        0,
        0,
        0,
        1,
        1,
        0,
        0,
        1,
        0,
        0
    ],
    "forget_y": 0,
    "sample": {
        "age": "50-90",
        "education": " Prof-school",
        "education-num": "13-16",
        "relationship": " Husband",
        "race": " White",
        "gender": " Male",
        "hours-per-week": "1-35",
        "income": ">=50k"
    },
    "performance": {
        "age": {
            "17-26": {
                "loss": 0.29907680953207355,
                "acc": 0.8568493150684932
            },
            "26-33": {
                "loss": 0.2980935414827367,
                "acc": 0.8462199312714777
            },
            "33-41": {
                "loss": 0.2976107268151707,
                "acc": 0.8497370398196844
            },
            "41-50": {
                "loss": 0.29964883049470564,
                "acc": 0.8588516746411483
            },
            "50-90": {
                "loss": 0.28928599244308034,
                "acc": 0.8616448885472713
            }
        },
        "education": {
            " 10th": {
                "loss": 0.34449621448747964,
                "acc": 0.8415300546448088
            },
            " 11th": {
                "loss": 0.2989942634011665,
                "acc": 0.8533333333333334
            },
            " 12th": {
                "loss": 0.3733140327027734,
                "acc": 0.8061224489795918
            },
            " 1st-4th": {
                "loss": 0.24066623118040767,
                "acc": 0.8695652173913043
            },
            " 5th-6th": {
                "loss": 0.2612219923291051,
                "acc": 0.8548387096774194
            },
            " 7th-8th": {
                "loss": 0.27023698778185823,
                "acc": 0.8936170212765957
            },
            " 9th": {
                "loss": 0.294690958587631,
                "acc": 0.8521739130434782
            },
            " Assoc-acdm": {
                "loss": 0.30579247805648774,
                "acc": 0.8434343434343434
            },
            " Assoc-voc": {
                "loss": 0.2915021622804577,
                "acc": 0.8571428571428571
            },
            " Bachelors": {
                "loss": 0.2979669607899181,
                "acc": 0.8536121673003803
            },
            " Doctorate": {
                "loss": 0.3238553783718364,
                "acc": 0.8701298701298701
            },
            " HS-grad": {
                "loss": 0.295380302245891,
                "acc": 0.8517274472168906
            },
            " Masters": {
                "loss": 0.26161593216500595,
                "acc": 0.8780487804878049
            },
            " Preschool": {
                "loss": 0.4312444240433922,
                "acc": 0.7
            },
            " Prof-school": {
                "loss": 0.300334055216935,
                "acc": 0.8521739130434782
            },
            " Some-college": {
                "loss": 0.29748387868130366,
                "acc": 0.8572390572390572
            }
        },
        "education-num": {
            "1-9": {
                "loss": 0.2993914478743914,
                "acc": 0.8514110846650799
            },
            "10-13": {
                "loss": 0.2978255047332526,
                "acc": 0.8529218647406435
            },
            "13-16": {
                "loss": 0.27809547139655305,
                "acc": 0.8716577540106952
            },
            "9-10": {
                "loss": 0.29748387868130366,
                "acc": 0.8572390572390572
            }
        },
        "relationship": {
            " Husband": {
                "loss": 0.29515081041836555,
                "acc": 0.8555426805716493
            },
            " Not-in-family": {
                "loss": 0.29116872719996917,
                "acc": 0.8570588235294118
            },
            " Other-relative": {
                "loss": 0.21985905019559115,
                "acc": 0.9101123595505618
            },
            " Own-child": {
                "loss": 0.31780380852728823,
                "acc": 0.844946025515211
            },
            " Unmarried": {
                "loss": 0.30518977884233134,
                "acc": 0.8518518518518519
            },
            " Wife": {
                "loss": 0.2966494106149004,
                "acc": 0.84472049689441
            }
        },
        "race": {
            " Amer-Indian-Eskimo": {
                "loss": 0.2862833032759386,
                "acc": 0.8309859154929577
            },
            " Asian-Pac-Islander": {
                "loss": 0.2643784430638503,
                "acc": 0.8808290155440415
            },
            " Black": {
                "loss": 0.29822992751501076,
                "acc": 0.8614357262103506
            },
            " Other": {
                "loss": 0.30365997622119684,
                "acc": 0.8363636363636363
            },
            " White": {
                "loss": 0.2977792260166243,
                "acc": 0.8537195994277539
            }
        },
        "gender": {
            " Female": {
                "loss": 0.30292460470316784,
                "acc": 0.8494117647058823
            },
            " Male": {
                "loss": 0.2937648406404324,
                "acc": 0.8574686431014823
            }
        },
        "hours-per-week": {
            "1-35": {
                "loss": 0.27038612410841445,
                "acc": 0.8753709198813057
            },
            "35-40": {
                "loss": 0.31268973930279914,
                "acc": 0.8440656565656566
            },
            "40-50": {
                "loss": 0.28414456425312956,
                "acc": 0.8581907090464548
            },
            "50-99": {
                "loss": 0.2974532483109934,
                "acc": 0.8578878748370273
            }
        }
    }
}