{
    "age": {
        "17-26": {
            "loss": 0.45888039253532875,
            "acc": 0.7876712328767124
        },
        "26-33": {
            "loss": 1.0052155282874171,
            "acc": 0.6987124463519313
        },
        "33-41": {
            "loss": 1.4815793858557165,
            "acc": 0.6183320811419984
        },
        "41-50": {
            "loss": 1.6874437466662078,
            "acc": 0.583732057416268
        },
        "50-90": {
            "loss": 1.5369231567311088,
            "acc": 0.611837048424289
        }
    },
    "education": {
        " 10th": {
            "loss": 0.6933494777185513,
            "acc": 0.7103825136612022
        },
        " 11th": {
            "loss": 0.6380718408281126,
            "acc": 0.7288888888888889
        },
        " 12th": {
            "loss": 0.6121704622035555,
            "acc": 0.7857142857142857
        },
        " 1st-4th": {
            "loss": 0.295613554512606,
            "acc": 0.8695652173913043
        },
        " 5th-6th": {
            "loss": 0.4841730781189723,
            "acc": 0.7580645161290323
        },
        " 7th-8th": {
            "loss": 0.5054506957222616,
            "acc": 0.7730496453900709
        },
        " 9th": {
            "loss": 0.44341164444269443,
            "acc": 0.8
        },
        " Assoc-acdm": {
            "loss": 0.9980410153433582,
            "acc": 0.6919191919191919
        },
        " Assoc-voc": {
            "loss": 1.230035082627508,
            "acc": 0.673992673992674
        },
        " Bachelors": {
            "loss": 1.8879423914114222,
            "acc": 0.5527065527065527
        },
        " Doctorate": {
            "loss": 3.161034515686666,
            "acc": 0.38961038961038963
        },
        " HS-grad": {
            "loss": 0.9557478741192792,
            "acc": 0.7120921305182342
        },
        " Masters": {
            "loss": 2.4912347480452057,
            "acc": 0.4742547425474255
        },
        " Preschool": {
            "loss": 0.49603983900510923,
            "acc": 0.7
        },
        " Prof-school": {
            "loss": 2.9895773146765907,
            "acc": 0.34782608695652173
        },
        " Some-college": {
            "loss": 0.952507664590427,
            "acc": 0.6983164983164983
        }
    },
    "education-num": {
        "1-9": {
            "loss": 0.845378960137472,
            "acc": 0.7242434546072765
        },
        "10-13": {
            "loss": 1.6544718088920758,
            "acc": 0.59251968503937
        },
        "13-16": {
            "loss": 2.6853238340897714,
            "acc": 0.43672014260249553
        },
        "9-10": {
            "loss": 0.952507664590427,
            "acc": 0.6983164983164983
        }
    },
    "relationship": {
        " Husband": {
            "loss": 1.9585352004133847,
            "acc": 0.5353418308227115
        },
        " Not-in-family": {
            "loss": 0.7230757636997961,
            "acc": 0.7501469723691946
        },
        " Other-relative": {
            "loss": 0.4303553403624051,
            "acc": 0.7808988764044944
        },
        " Own-child": {
            "loss": 0.47975103540418435,
            "acc": 0.7811579980372915
        },
        " Unmarried": {
            "loss": 0.5500590265428776,
            "acc": 0.7863247863247863
        },
        " Wife": {
            "loss": 2.100635438319501,
            "acc": 0.515527950310559
        }
    },
    "race": {
        " Amer-Indian-Eskimo": {
            "loss": 0.6839725565002099,
            "acc": 0.6619718309859155
        },
        " Asian-Pac-Islander": {
            "loss": 1.741110718695839,
            "acc": 0.5854922279792746
        },
        " Black": {
            "loss": 0.7933396942002005,
            "acc": 0.7345575959933222
        },
        " Other": {
            "loss": 0.5003788296087731,
            "acc": 0.7636363636363637
        },
        " White": {
            "loss": 1.2589464292298875,
            "acc": 0.6567137493295191
        }
    },
    "gender": {
        " Female": {
            "loss": 0.7565168404311107,
            "acc": 0.7431796801505174
        },
        " Male": {
            "loss": 1.4413364443786638,
            "acc": 0.6237172177879133
        }
    },
    "hours-per-week": {
        "1-35": {
            "loss": 0.636564516345225,
            "acc": 0.771513353115727
        },
        "35-40": {
            "loss": 1.063072924888896,
            "acc": 0.6752918901861786
        },
        "40-50": {
            "loss": 1.8381942826503457,
            "acc": 0.5810920945395273
        },
        "50-99": {
            "loss": 1.8855067269083683,
            "acc": 0.5501955671447197
        }
    }
}