{
    "forget_x": [
        0,
        0,
        0,
        1,
        0,
        0,
        0,
        0,
        0,
        0,
        0,
        0,
        0,
        0,
        0,
        0,
        0,
        1,
        0,
        0,
        0,
        0,
        0,
        1,
        0,
        0,
        0,
        0,
        0,
        1,
        0,
        0,
        0,
        0,
        0,
        1,
        1,
        0,
        0,
        0,
        1,
        0
    ],
    "forget_y": 1,
    "sample": {
        "age": "33-41",
        "education": " Masters",
        "education-num": "13-16",
        "relationship": " Husband",
        "race": " White",
        "gender": " Male",
        "hours-per-week": "35-40",
        "income": ">=50k"
    },
    "performance": {
        "age": {
            "17-26": {
                "loss": 0.3134955946127279,
                "acc": 0.8568493150684932
            },
            "26-33": {
                "loss": 0.30081605739347617,
                "acc": 0.845360824742268
            },
            "33-41": {
                "loss": 0.3019741581987284,
                "acc": 0.8511278195488722
            },
            "41-50": {
                "loss": 0.3106899850327882,
                "acc": 0.8508771929824561
            },
            "50-90": {
                "loss": 0.3073724474426119,
                "acc": 0.8502304147465438
            }
        },
        "education": {
            " 10th": {
                "loss": 0.3550742536513892,
                "acc": 0.825136612021858
            },
            " 11th": {
                "loss": 0.3010909368648461,
                "acc": 0.8533333333333334
            },
            " 12th": {
                "loss": 0.360470505152014,
                "acc": 0.8061224489795918
            },
            " 1st-4th": {
                "loss": 0.2715670812518744,
                "acc": 0.8695652173913043
            },
            " 5th-6th": {
                "loss": 0.23803393301609319,
                "acc": 0.8709677419354839
            },
            " 7th-8th": {
                "loss": 0.28152430175734444,
                "acc": 0.8865248226950354
            },
            " 9th": {
                "loss": 0.31611605687381594,
                "acc": 0.8608695652173913
            },
            " Assoc-acdm": {
                "loss": 0.3045200091162233,
                "acc": 0.8484848484848485
            },
            " Assoc-voc": {
                "loss": 0.29634885481551565,
                "acc": 0.8498168498168498
            },
            " Bachelors": {
                "loss": 0.30353283292202005,
                "acc": 0.8593155893536122
            },
            " Doctorate": {
                "loss": 0.3349290151225913,
                "acc": 0.8571428571428571
            },
            " HS-grad": {
                "loss": 0.30992262157330847,
                "acc": 0.8440499040307101
            },
            " Masters": {
                "loss": 0.28170145468962515,
                "acc": 0.8722826086956522
            },
            " Preschool": {
                "loss": 0.41547253637728676,
                "acc": 0.8
            },
            " Prof-school": {
                "loss": 0.3274632297763282,
                "acc": 0.8275862068965517
            },
            " Some-college": {
                "loss": 0.30719937128222474,
                "acc": 0.8531986531986532
            }
        },
        "education-num": {
            "1-9": {
                "loss": 0.3111649259586216,
                "acc": 0.8456307378442707
            },
            "10-13": {
                "loss": 0.3023734336202318,
                "acc": 0.8562048588312541
            },
            "13-16": {
                "loss": 0.2984695261038782,
                "acc": 0.8609625668449198
            },
            "9-10": {
                "loss": 0.30719937128222474,
                "acc": 0.8531986531986532
            }
        },
        "relationship": {
            " Husband": {
                "loss": 0.30620997336291733,
                "acc": 0.8512939358825802
            },
            " Not-in-family": {
                "loss": 0.29290425685348714,
                "acc": 0.8605882352941177
            },
            " Other-relative": {
                "loss": 0.19966067871622675,
                "acc": 0.9157303370786517
            },
            " Own-child": {
                "loss": 0.3438181731290113,
                "acc": 0.8390578999018645
            },
            " Unmarried": {
                "loss": 0.3107832824999216,
                "acc": 0.8376068376068376
            },
            " Wife": {
                "loss": 0.3245596767511777,
                "acc": 0.8322981366459627
            }
        },
        "race": {
            " Amer-Indian-Eskimo": {
                "loss": 0.30887368968164797,
                "acc": 0.8309859154929577
            },
            " Asian-Pac-Islander": {
                "loss": 0.269623012139517,
                "acc": 0.8704663212435233
            },
            " Black": {
                "loss": 0.2899245494037129,
                "acc": 0.8530884808013356
            },
            " Other": {
                "loss": 0.39091219183500237,
                "acc": 0.8363636363636363
            },
            " White": {
                "loss": 0.30939753365383166,
                "acc": 0.8506795422031473
            }
        },
        "gender": {
            " Female": {
                "loss": 0.31268126032877697,
                "acc": 0.848
            },
            " Male": {
                "loss": 0.3044094820861225,
                "acc": 0.8526795895096921
            }
        },
        "hours-per-week": {
            "1-35": {
                "loss": 0.28794340528337575,
                "acc": 0.8687916975537435
            },
            "35-40": {
                "loss": 0.32200926103263655,
                "acc": 0.838964319545311
            },
            "40-50": {
                "loss": 0.2932263001798083,
                "acc": 0.8573757131214343
            },
            "50-99": {
                "loss": 0.3015066537262574,
                "acc": 0.8604954367666232
            }
        }
    }
}