{
    "age": {
        "17-26": {
            "loss": 0.5231162885490876,
            "acc": 0.7541095890410959
        },
        "26-33": {
            "loss": 1.0523539165664566,
            "acc": 0.6798283261802575
        },
        "33-41": {
            "loss": 1.498246893455456,
            "acc": 0.6015037593984962
        },
        "41-50": {
            "loss": 1.7016418050321782,
            "acc": 0.5749601275917066
        },
        "50-90": {
            "loss": 1.5933998648730752,
            "acc": 0.5998463901689708
        }
    },
    "education": {
        " 10th": {
            "loss": 0.7653010657692868,
            "acc": 0.6830601092896175
        },
        " 11th": {
            "loss": 0.6762393206052321,
            "acc": 0.6977777777777778
        },
        " 12th": {
            "loss": 0.6814883416305043,
            "acc": 0.7653061224489796
        },
        " 1st-4th": {
            "loss": 0.35697742492007967,
            "acc": 0.8260869565217391
        },
        " 5th-6th": {
            "loss": 0.6068750869963867,
            "acc": 0.7258064516129032
        },
        " 7th-8th": {
            "loss": 0.5448051622227809,
            "acc": 0.7446808510638298
        },
        " 9th": {
            "loss": 0.5069395665184306,
            "acc": 0.7652173913043478
        },
        " Assoc-acdm": {
            "loss": 1.0214623855614091,
            "acc": 0.6818181818181818
        },
        " Assoc-voc": {
            "loss": 1.2283083061798368,
            "acc": 0.6410256410256411
        },
        " Bachelors": {
            "loss": 1.9527259076604282,
            "acc": 0.5394112060778727
        },
        " Doctorate": {
            "loss": 2.8559519008755436,
            "acc": 0.4025974025974026
        },
        " HS-grad": {
            "loss": 0.9987412797126877,
            "acc": 0.6885796545105566
        },
        " Masters": {
            "loss": 2.576329982230433,
            "acc": 0.47282608695652173
        },
        " Preschool": {
            "loss": 0.5923508410309994,
            "acc": 0.5
        },
        " Prof-school": {
            "loss": 2.978664955389527,
            "acc": 0.35344827586206895
        },
        " Some-college": {
            "loss": 0.9806818151051094,
            "acc": 0.6848484848484848
        }
    },
    "education-num": {
        "1-9": {
            "loss": 0.8933160316808083,
            "acc": 0.6984019041142469
        },
        "10-13": {
            "loss": 1.701967257673675,
            "acc": 0.5761154855643045
        },
        "13-16": {
            "loss": 2.6979017195247788,
            "acc": 0.4385026737967914
        },
        "9-10": {
            "loss": 0.9806818151051094,
            "acc": 0.6848484848484848
        }
    },
    "relationship": {
        " Husband": {
            "loss": 1.9800340601181181,
            "acc": 0.5268443414445731
        },
        " Not-in-family": {
            "loss": 0.7613021585482495,
            "acc": 0.7313345091122869
        },
        " Other-relative": {
            "loss": 0.48511651377622345,
            "acc": 0.7528089887640449
        },
        " Own-child": {
            "loss": 0.5400876441328892,
            "acc": 0.7487733071638861
        },
        " Unmarried": {
            "loss": 0.6178022701326563,
            "acc": 0.7464387464387464
        },
        " Wife": {
            "loss": 2.1714146402464536,
            "acc": 0.515527950310559
        }
    },
    "race": {
        " Amer-Indian-Eskimo": {
            "loss": 0.7371403782285597,
            "acc": 0.6619718309859155
        },
        " Asian-Pac-Islander": {
            "loss": 1.7648569543479342,
            "acc": 0.5906735751295337
        },
        " Black": {
            "loss": 0.8385147791971228,
            "acc": 0.7028380634390651
        },
        " Other": {
            "loss": 0.5540570901103387,
            "acc": 0.7272727272727273
        },
        " White": {
            "loss": 1.298976945863387,
            "acc": 0.6388342571070982
        }
    },
    "gender": {
        " Female": {
            "loss": 0.8057950600638664,
            "acc": 0.7206020696142992
        },
        " Male": {
            "loss": 1.4772532753150918,
            "acc": 0.6072976054732041
        }
    },
    "hours-per-week": {
        "1-35": {
            "loss": 0.676840255853352,
            "acc": 0.7494440326167532
        },
        "35-40": {
            "loss": 1.1075787803435801,
            "acc": 0.6540404040404041
        },
        "40-50": {
            "loss": 1.8963918254418828,
            "acc": 0.5680521597392013
        },
        "50-99": {
            "loss": 1.8802295421911421,
            "acc": 0.5410691003911343
        }
    }
}