{
    "age": {
        "17-26": {
            "loss": 0.4943272551589404,
            "acc": 0.7664383561643836
        },
        "26-33": {
            "loss": 1.0260036012489253,
            "acc": 0.6901287553648069
        },
        "33-41": {
            "loss": 1.5335884912298356,
            "acc": 0.608564988730278
        },
        "41-50": {
            "loss": 1.6908402337212192,
            "acc": 0.5802075019952115
        },
        "50-90": {
            "loss": 1.568941827699292,
            "acc": 0.6029185867895546
        }
    },
    "education": {
        " 10th": {
            "loss": 0.7522038071982687,
            "acc": 0.6939890710382514
        },
        " 11th": {
            "loss": 0.6768070727250705,
            "acc": 0.72
        },
        " 12th": {
            "loss": 0.6741516746294568,
            "acc": 0.7653061224489796
        },
        " 1st-4th": {
            "loss": 0.3187111786285188,
            "acc": 0.8695652173913043
        },
        " 5th-6th": {
            "loss": 0.5314556126588774,
            "acc": 0.7419354838709677
        },
        " 7th-8th": {
            "loss": 0.49631020305426615,
            "acc": 0.7730496453900709
        },
        " 9th": {
            "loss": 0.48024366598261026,
            "acc": 0.7739130434782608
        },
        " Assoc-acdm": {
            "loss": 1.0275015283815954,
            "acc": 0.7070707070707071
        },
        " Assoc-voc": {
            "loss": 1.2499897617908329,
            "acc": 0.663003663003663
        },
        " Bachelors": {
            "loss": 1.9380936471095063,
            "acc": 0.5460588793922128
        },
        " Doctorate": {
            "loss": 3.3092438887345508,
            "acc": 0.36363636363636365
        },
        " HS-grad": {
            "loss": 0.9844571108781314,
            "acc": 0.6933781190019194
        },
        " Masters": {
            "loss": 2.508370994466245,
            "acc": 0.46467391304347827
        },
        " Preschool": {
            "loss": 0.5690709966934884,
            "acc": 0.5
        },
        " Prof-school": {
            "loss": 2.969980915118464,
            "acc": 0.35344827586206895
        },
        " Some-college": {
            "loss": 0.9649149402312794,
            "acc": 0.6942760942760943
        }
    },
    "education-num": {
        "1-9": {
            "loss": 0.8768410222859652,
            "acc": 0.7065623937436246
        },
        "10-13": {
            "loss": 1.696525667975567,
            "acc": 0.5879265091863517
        },
        "13-16": {
            "loss": 2.7137434786985404,
            "acc": 0.42780748663101603
        },
        "9-10": {
            "loss": 0.9649149402312794,
            "acc": 0.6942760942760943
        }
    },
    "relationship": {
        " Husband": {
            "loss": 1.9891963707550158,
            "acc": 0.5324324324324324
        },
        " Not-in-family": {
            "loss": 0.7439155169403393,
            "acc": 0.7407407407407407
        },
        " Other-relative": {
            "loss": 0.4784604684969144,
            "acc": 0.7640449438202247
        },
        " Own-child": {
            "loss": 0.5060576813663579,
            "acc": 0.7585868498527969
        },
        " Unmarried": {
            "loss": 0.5623236228331983,
            "acc": 0.7617689015691869
        },
        " Wife": {
            "loss": 2.196139277792768,
            "acc": 0.5062111801242236
        }
    },
    "race": {
        " Amer-Indian-Eskimo": {
            "loss": 0.6552066831744393,
            "acc": 0.676056338028169
        },
        " Asian-Pac-Islander": {
            "loss": 1.7543626904560707,
            "acc": 0.5751295336787565
        },
        " Black": {
            "loss": 0.8195964535591527,
            "acc": 0.7128547579298832
        },
        " Other": {
            "loss": 0.5062728686831602,
            "acc": 0.7272727272727273
        },
        " White": {
            "loss": 1.2901320195079873,
            "acc": 0.6470588235294118
        }
    },
    "gender": {
        " Female": {
            "loss": 0.7819927458009502,
            "acc": 0.7275294117647059
        },
        " Male": {
            "loss": 1.4723822976525502,
            "acc": 0.6153670770633834
        }
    },
    "hours-per-week": {
        "1-35": {
            "loss": 0.651734414791859,
            "acc": 0.7538917716827279
        },
        "35-40": {
            "loss": 1.0942987717968418,
            "acc": 0.6633007257810035
        },
        "40-50": {
            "loss": 1.8806374125755794,
            "acc": 0.5766721044045677
        },
        "50-99": {
            "loss": 1.9125415138657686,
            "acc": 0.546284224250326
        }
    }
}