{
    "forget_x": [
        0,
        0,
        0,
        0,
        1,
        0,
        0,
        0,
        0,
        0,
        0,
        0,
        0,
        0,
        0,
        0,
        1,
        0,
        0,
        0,
        0,
        1,
        0,
        0,
        0,
        0,
        1,
        0,
        0,
        0,
        0,
        0,
        0,
        0,
        0,
        1,
        0,
        1,
        0,
        0,
        0,
        1
    ],
    "forget_y": 0,
    "sample": {
        "age": "41-50",
        "education": " Masters",
        "education-num": "13-16",
        "relationship": " Unmarried",
        "race": " White",
        "gender": " Female",
        "hours-per-week": "40-50",
        "income": ">=50k"
    },
    "performance": {
        "age": {
            "17-26": {
                "loss": 0.2967410925835858,
                "acc": 0.8643835616438356
            },
            "26-33": {
                "loss": 0.29470998457767916,
                "acc": 0.8470790378006873
            },
            "33-41": {
                "loss": 0.29480826086848233,
                "acc": 0.8564988730277987
            },
            "41-50": {
                "loss": 0.2941752809393419,
                "acc": 0.8523543495610535
            },
            "50-90": {
                "loss": 0.29173227038936067,
                "acc": 0.8556067588325653
            }
        },
        "education": {
            " 10th": {
                "loss": 0.33879337666285503,
                "acc": 0.8415300546448088
            },
            " 11th": {
                "loss": 0.2882212979096172,
                "acc": 0.8533333333333334
            },
            " 12th": {
                "loss": 0.35450075365269484,
                "acc": 0.826530612244898
            },
            " 1st-4th": {
                "loss": 0.27673773410355923,
                "acc": 0.8695652173913043
            },
            " 5th-6th": {
                "loss": 0.24140815579404423,
                "acc": 0.8709677419354839
            },
            " 7th-8th": {
                "loss": 0.2627406293603415,
                "acc": 0.8936170212765957
            },
            " 9th": {
                "loss": 0.29213312659287327,
                "acc": 0.8608695652173913
            },
            " Assoc-acdm": {
                "loss": 0.3080382667020772,
                "acc": 0.8383838383838383
            },
            " Assoc-voc": {
                "loss": 0.2796149203899669,
                "acc": 0.8644688644688645
            },
            " Bachelors": {
                "loss": 0.2936027845971048,
                "acc": 0.8583650190114068
            },
            " Doctorate": {
                "loss": 0.324320537586394,
                "acc": 0.8571428571428571
            },
            " HS-grad": {
                "loss": 0.2948050139453787,
                "acc": 0.845489443378119
            },
            " Masters": {
                "loss": 0.27863281316159133,
                "acc": 0.8831521739130435
            },
            " Preschool": {
                "loss": 0.38636949667970577,
                "acc": 0.8
            },
            " Prof-school": {
                "loss": 0.29455091795990673,
                "acc": 0.8620689655172413
            },
            " Some-college": {
                "loss": 0.2945695644594317,
                "acc": 0.8606060606060606
            }
        },
        "education-num": {
            "1-9": {
                "loss": 0.2964302651096562,
                "acc": 0.8486909214552874
            },
            "10-13": {
                "loss": 0.29297214672989247,
                "acc": 0.8568614576493763
            },
            "13-16": {
                "loss": 0.28819512142774867,
                "acc": 0.875222816399287
            },
            "9-10": {
                "loss": 0.2945695644594317,
                "acc": 0.8606060606060606
            }
        },
        "relationship": {
            " Husband": {
                "loss": 0.2949629160994602,
                "acc": 0.857915057915058
            },
            " Not-in-family": {
                "loss": 0.28657227260175705,
                "acc": 0.8576470588235294
            },
            " Other-relative": {
                "loss": 0.20803440568889914,
                "acc": 0.9157303370786517
            },
            " Own-child": {
                "loss": 0.31685240356405475,
                "acc": 0.8469087340529932
            },
            " Unmarried": {
                "loss": 0.2979284222924859,
                "acc": 0.8459343794579173
            },
            " Wife": {
                "loss": 0.3019686084109606,
                "acc": 0.8416149068322981
            }
        },
        "race": {
            " Amer-Indian-Eskimo": {
                "loss": 0.30123615748186117,
                "acc": 0.8309859154929577
            },
            " Asian-Pac-Islander": {
                "loss": 0.27180831109067216,
                "acc": 0.8704663212435233
            },
            " Black": {
                "loss": 0.2941868283825013,
                "acc": 0.8430717863105175
            },
            " Other": {
                "loss": 0.3176476271725576,
                "acc": 0.8545454545454545
            },
            " White": {
                "loss": 0.29498854695690696,
                "acc": 0.8567596566523605
            }
        },
        "gender": {
            " Female": {
                "loss": 0.30015907341344816,
                "acc": 0.8498116760828626
            },
            " Male": {
                "loss": 0.2917403975308219,
                "acc": 0.8584131326949385
            }
        },
        "hours-per-week": {
            "1-35": {
                "loss": 0.27309057363510253,
                "acc": 0.8747220163083765
            },
            "35-40": {
                "loss": 0.3085141590668888,
                "acc": 0.8431186868686869
            },
            "40-50": {
                "loss": 0.27989202419898096,
                "acc": 0.8646003262642741
            },
            "50-99": {
                "loss": 0.2975118566815388,
                "acc": 0.8591916558018253
            }
        }
    }
}