{
    "age": {
        "17-26": {
            "loss": 0.48353553201564015,
            "acc": 0.7589041095890411
        },
        "26-33": {
            "loss": 1.030820910826735,
            "acc": 0.6901287553648069
        },
        "33-41": {
            "loss": 1.4726012291665076,
            "acc": 0.6010518407212622
        },
        "41-50": {
            "loss": 1.6879996579053826,
            "acc": 0.5749601275917066
        },
        "50-90": {
            "loss": 1.5677992974829547,
            "acc": 0.5980015372790162
        }
    },
    "education": {
        " 10th": {
            "loss": 0.7398354525587364,
            "acc": 0.6939890710382514
        },
        " 11th": {
            "loss": 0.6462905189976689,
            "acc": 0.7022222222222222
        },
        " 12th": {
            "loss": 0.6482227577980714,
            "acc": 0.7755102040816326
        },
        " 1st-4th": {
            "loss": 0.310849049129152,
            "acc": 0.8695652173913043
        },
        " 5th-6th": {
            "loss": 0.5841086189149924,
            "acc": 0.7258064516129032
        },
        " 7th-8th": {
            "loss": 0.48122132949416696,
            "acc": 0.7446808510638298
        },
        " 9th": {
            "loss": 0.4912351692990569,
            "acc": 0.7565217391304347
        },
        " Assoc-acdm": {
            "loss": 1.0578108842199854,
            "acc": 0.6767676767676768
        },
        " Assoc-voc": {
            "loss": 1.222130964586099,
            "acc": 0.663003663003663
        },
        " Bachelors": {
            "loss": 1.925058774014965,
            "acc": 0.5451092117758785
        },
        " Doctorate": {
            "loss": 2.9496461440260076,
            "acc": 0.4025974025974026
        },
        " HS-grad": {
            "loss": 0.9671165969592249,
            "acc": 0.685549687950072
        },
        " Masters": {
            "loss": 2.476651985423717,
            "acc": 0.4796747967479675
        },
        " Preschool": {
            "loss": 0.6032046706205069,
            "acc": 0.6
        },
        " Prof-school": {
            "loss": 2.96279812403545,
            "acc": 0.35344827586206895
        },
        " Some-college": {
            "loss": 0.966947001959942,
            "acc": 0.6875420875420876
        }
    },
    "education-num": {
        "1-9": {
            "loss": 0.8614202440340007,
            "acc": 0.6979591836734694
        },
        "10-13": {
            "loss": 1.6864666649903624,
            "acc": 0.5833333333333334
        },
        "13-16": {
            "loss": 2.641800566013287,
            "acc": 0.4430604982206406
        },
        "9-10": {
            "loss": 0.966947001959942,
            "acc": 0.6875420875420876
        }
    },
    "relationship": {
        " Husband": {
            "loss": 1.955178019277472,
            "acc": 0.5305019305019305
        },
        " Not-in-family": {
            "loss": 0.7390653873990118,
            "acc": 0.7294117647058823
        },
        " Other-relative": {
            "loss": 0.4586679215654103,
            "acc": 0.7584269662921348
        },
        " Own-child": {
            "loss": 0.5041541568158405,
            "acc": 0.7576054955839058
        },
        " Unmarried": {
            "loss": 0.571502512287861,
            "acc": 0.7464387464387464
        },
        " Wife": {
            "loss": 2.1939936737522667,
            "acc": 0.515527950310559
        }
    },
    "race": {
        " Amer-Indian-Eskimo": {
            "loss": 0.670844674492859,
            "acc": 0.676056338028169
        },
        " Asian-Pac-Islander": {
            "loss": 1.6655719718552175,
            "acc": 0.5803108808290155
        },
        " Black": {
            "loss": 0.817443186317735,
            "acc": 0.6978297161936561
        },
        " Other": {
            "loss": 0.4882137058388285,
            "acc": 0.7272727272727273
        },
        " White": {
            "loss": 1.2761976302579527,
            "acc": 0.6424101555515823
        }
    },
    "gender": {
        " Female": {
            "loss": 0.7861311135864808,
            "acc": 0.7215428033866416
        },
        " Male": {
            "loss": 1.4485847624698693,
            "acc": 0.610490307867731
        }
    },
    "hours-per-week": {
        "1-35": {
            "loss": 0.6580171237859438,
            "acc": 0.7479614529280949
        },
        "35-40": {
            "loss": 1.0748230779392,
            "acc": 0.6585673714105396
        },
        "40-50": {
            "loss": 1.8436521065641855,
            "acc": 0.5729421352893236
        },
        "50-99": {
            "loss": 1.9156897678648062,
            "acc": 0.5378590078328982
        }
    }
}