{
    "forget_x": [
        0,
        0,
        0,
        0,
        1,
        0,
        0,
        0,
        0,
        0,
        0,
        0,
        0,
        0,
        0,
        0,
        1,
        0,
        0,
        0,
        0,
        1,
        0,
        0,
        0,
        0,
        0,
        1,
        0,
        0,
        0,
        0,
        0,
        1,
        0,
        0,
        1,
        0,
        0,
        1,
        0,
        0
    ],
    "forget_y": 0,
    "sample": {
        "age": "50-90",
        "education": " HS-grad",
        "education-num": "1-9",
        "relationship": " Not-in-family",
        "race": " White",
        "gender": " Male",
        "hours-per-week": "50-99",
        "income": "<50k"
    },
    "performance": {
        "age": {
            "17-26": {
                "loss": 0.3065579348269588,
                "acc": 0.8527397260273972
            },
            "26-33": {
                "loss": 0.3023817541240503,
                "acc": 0.8496563573883161
            },
            "33-41": {
                "loss": 0.3029631905804841,
                "acc": 0.8489857250187829
            },
            "41-50": {
                "loss": 0.29805252819301303,
                "acc": 0.8556618819776715
            },
            "50-90": {
                "loss": 0.2922795833473793,
                "acc": 0.8501152959262106
            }
        },
        "education": {
            " 10th": {
                "loss": 0.34293458843129393,
                "acc": 0.8633879781420765
            },
            " 11th": {
                "loss": 0.29343981711538575,
                "acc": 0.8711111111111111
            },
            " 12th": {
                "loss": 0.3636445873517016,
                "acc": 0.8163265306122449
            },
            " 1st-4th": {
                "loss": 0.22741305066116554,
                "acc": 0.8695652173913043
            },
            " 5th-6th": {
                "loss": 0.2512539994397889,
                "acc": 0.8387096774193549
            },
            " 7th-8th": {
                "loss": 0.262579830433658,
                "acc": 0.8723404255319149
            },
            " 9th": {
                "loss": 0.278781083963846,
                "acc": 0.8869565217391304
            },
            " Assoc-acdm": {
                "loss": 0.31865314482681517,
                "acc": 0.8333333333333334
            },
            " Assoc-voc": {
                "loss": 0.29661954926687034,
                "acc": 0.8534798534798534
            },
            " Bachelors": {
                "loss": 0.30700745987260425,
                "acc": 0.8460076045627376
            },
            " Doctorate": {
                "loss": 0.35021828062290095,
                "acc": 0.8441558441558441
            },
            " HS-grad": {
                "loss": 0.298249154526894,
                "acc": 0.8458953432549208
            },
            " Masters": {
                "loss": 0.28769839985680296,
                "acc": 0.8590785907859079
            },
            " Preschool": {
                "loss": 0.40687412431098446,
                "acc": 0.7
            },
            " Prof-school": {
                "loss": 0.284652247191989,
                "acc": 0.8620689655172413
            },
            " Some-college": {
                "loss": 0.29897869310705255,
                "acc": 0.8572390572390572
            }
        },
        "education-num": {
            "1-9": {
                "loss": 0.29919446159675167,
                "acc": 0.8503401360544217
            },
            "10-13": {
                "loss": 0.3066594270594514,
                "acc": 0.8456992777413
            },
            "13-16": {
                "loss": 0.2956355477391354,
                "acc": 0.8576512455516014
            },
            "9-10": {
                "loss": 0.29897869310705255,
                "acc": 0.8572390572390572
            }
        },
        "relationship": {
            " Husband": {
                "loss": 0.30072009191820814,
                "acc": 0.8521235521235522
            },
            " Not-in-family": {
                "loss": 0.2935510323924049,
                "acc": 0.849911712772219
            },
            " Other-relative": {
                "loss": 0.22004957688199941,
                "acc": 0.9044943820224719
            },
            " Own-child": {
                "loss": 0.31859801913618724,
                "acc": 0.8400392541707556
            },
            " Unmarried": {
                "loss": 0.30948380626462135,
                "acc": 0.8547008547008547
            },
            " Wife": {
                "loss": 0.3047157804781709,
                "acc": 0.8540372670807453
            }
        },
        "race": {
            " Amer-Indian-Eskimo": {
                "loss": 0.3040722468325802,
                "acc": 0.8169014084507042
            },
            " Asian-Pac-Islander": {
                "loss": 0.25789839121588015,
                "acc": 0.8911917098445595
            },
            " Black": {
                "loss": 0.32307412953086745,
                "acc": 0.8380634390651085
            },
            " Other": {
                "loss": 0.2792747303296479,
                "acc": 0.8545454545454545
            },
            " White": {
                "loss": 0.299813935767606,
                "acc": 0.851931330472103
            }
        },
        "gender": {
            " Female": {
                "loss": 0.3035859320349909,
                "acc": 0.8494117647058823
            },
            " Male": {
                "loss": 0.2991298645439,
                "acc": 0.8524515393386545
            }
        },
        "hours-per-week": {
            "1-35": {
                "loss": 0.27785344917607,
                "acc": 0.8687916975537435
            },
            "35-40": {
                "loss": 0.31409242010970084,
                "acc": 0.8409090909090909
            },
            "40-50": {
                "loss": 0.2914169693925229,
                "acc": 0.8549307253463733
            },
            "50-99": {
                "loss": 0.29943453042909585,
                "acc": 0.8590078328981723
            }
        }
    }
}