{
    "forget_x": [
        0,
        0,
        0,
        1,
        0,
        0,
        0,
        0,
        0,
        0,
        0,
        0,
        0,
        0,
        0,
        0,
        1,
        0,
        0,
        0,
        0,
        1,
        0,
        0,
        0,
        1,
        0,
        0,
        0,
        0,
        0,
        0,
        0,
        0,
        0,
        1,
        0,
        1,
        0,
        1,
        0,
        0
    ],
    "forget_y": 1,
    "sample": {
        "age": "50-90",
        "education": " HS-grad",
        "education-num": "1-9",
        "relationship": " Other-relative",
        "race": " Black",
        "gender": " Female",
        "hours-per-week": "35-40",
        "income": "<50k"
    },
    "performance": {
        "age": {
            "17-26": {
                "loss": 0.3014283230520018,
                "acc": 0.8527397260273972
            },
            "26-33": {
                "loss": 0.29314933636372764,
                "acc": 0.8530927835051546
            },
            "33-41": {
                "loss": 0.2925621647572226,
                "acc": 0.8549962434259955
            },
            "41-50": {
                "loss": 0.29590190517939374,
                "acc": 0.8628389154704944
            },
            "50-90": {
                "loss": 0.28744753958659625,
                "acc": 0.857033051498847
            }
        },
        "education": {
            " 10th": {
                "loss": 0.3346335346937793,
                "acc": 0.8415300546448088
            },
            " 11th": {
                "loss": 0.2982872369129452,
                "acc": 0.8755555555555555
            },
            " 12th": {
                "loss": 0.3648987937913759,
                "acc": 0.826530612244898
            },
            " 1st-4th": {
                "loss": 0.22424317280161324,
                "acc": 0.8695652173913043
            },
            " 5th-6th": {
                "loss": 0.24681283722875003,
                "acc": 0.8387096774193549
            },
            " 7th-8th": {
                "loss": 0.260864918899982,
                "acc": 0.8865248226950354
            },
            " 9th": {
                "loss": 0.2840489500813999,
                "acc": 0.8695652173913043
            },
            " Assoc-acdm": {
                "loss": 0.3117630565756982,
                "acc": 0.8484848484848485
            },
            " Assoc-voc": {
                "loss": 0.2818798313715083,
                "acc": 0.8608058608058609
            },
            " Bachelors": {
                "loss": 0.2972100386480381,
                "acc": 0.8555133079847909
            },
            " Doctorate": {
                "loss": 0.3348511454805988,
                "acc": 0.8571428571428571
            },
            " HS-grad": {
                "loss": 0.29164009663491447,
                "acc": 0.8492558809409505
            },
            " Masters": {
                "loss": 0.274873482343832,
                "acc": 0.8753387533875339
            },
            " Preschool": {
                "loss": 0.3795559559596285,
                "acc": 0.7
            },
            " Prof-school": {
                "loss": 0.27667216480631,
                "acc": 0.8620689655172413
            },
            " Some-college": {
                "loss": 0.29615252184565466,
                "acc": 0.8592592592592593
            }
        },
        "education-num": {
            "1-9": {
                "loss": 0.2943204420077996,
                "acc": 0.8520408163265306
            },
            "10-13": {
                "loss": 0.29635406423121896,
                "acc": 0.855548260013132
            },
            "13-16": {
                "loss": 0.2834623208263553,
                "acc": 0.8701067615658363
            },
            "9-10": {
                "loss": 0.29615252184565466,
                "acc": 0.8592592592592593
            }
        },
        "relationship": {
            " Husband": {
                "loss": 0.29405392639424127,
                "acc": 0.8571428571428571
            },
            " Not-in-family": {
                "loss": 0.28266144336271487,
                "acc": 0.8594117647058823
            },
            " Other-relative": {
                "loss": 0.1971571227133708,
                "acc": 0.9265536723163842
            },
            " Own-child": {
                "loss": 0.3250051695790084,
                "acc": 0.8400392541707556
            },
            " Unmarried": {
                "loss": 0.30312028555490084,
                "acc": 0.8547008547008547
            },
            " Wife": {
                "loss": 0.29425470967009154,
                "acc": 0.84472049689441
            }
        },
        "race": {
            " Amer-Indian-Eskimo": {
                "loss": 0.27895399651664765,
                "acc": 0.8450704225352113
            },
            " Asian-Pac-Islander": {
                "loss": 0.2538095443522143,
                "acc": 0.8860103626943006
            },
            " Black": {
                "loss": 0.2993932413539372,
                "acc": 0.8478260869565217
            },
            " Other": {
                "loss": 0.3104276988332377,
                "acc": 0.8363636363636363
            },
            " White": {
                "loss": 0.2951618095823616,
                "acc": 0.8562488825317361
            }
        },
        "gender": {
            " Female": {
                "loss": 0.29766266282039755,
                "acc": 0.8559322033898306
            },
            " Male": {
                "loss": 0.2926370640086095,
                "acc": 0.8561331509347925
            }
        },
        "hours-per-week": {
            "1-35": {
                "loss": 0.27097473404724803,
                "acc": 0.8739807264640475
            },
            "35-40": {
                "loss": 0.30718080150612875,
                "acc": 0.8478054941585096
            },
            "40-50": {
                "loss": 0.2860644446375938,
                "acc": 0.8598207008964955
            },
            "50-99": {
                "loss": 0.29511612829505834,
                "acc": 0.8526727509778357
            }
        }
    }
}