{
    "age": {
        "17-26": {
            "loss": 0.4771779105784216,
            "acc": 0.7684931506849315
        },
        "26-33": {
            "loss": 1.0077245356995093,
            "acc": 0.6866952789699571
        },
        "33-41": {
            "loss": 1.4414269387446954,
            "acc": 0.6123215627347859
        },
        "41-50": {
            "loss": 1.6512332851168816,
            "acc": 0.5765550239234449
        },
        "50-90": {
            "loss": 1.522546926672814,
            "acc": 0.6133743274404304
        }
    },
    "education": {
        " 10th": {
            "loss": 0.6743615526443419,
            "acc": 0.6885245901639344
        },
        " 11th": {
            "loss": 0.6482825900067593,
            "acc": 0.7244444444444444
        },
        " 12th": {
            "loss": 0.6581514783113274,
            "acc": 0.7448979591836735
        },
        " 1st-4th": {
            "loss": 0.345661712500737,
            "acc": 0.8260869565217391
        },
        " 5th-6th": {
            "loss": 0.5800537623995963,
            "acc": 0.7419354838709677
        },
        " 7th-8th": {
            "loss": 0.47862168155194157,
            "acc": 0.7730496453900709
        },
        " 9th": {
            "loss": 0.4699123377337583,
            "acc": 0.782608695652174
        },
        " Assoc-acdm": {
            "loss": 1.0032043666454828,
            "acc": 0.702020202020202
        },
        " Assoc-voc": {
            "loss": 1.1795155248108335,
            "acc": 0.6556776556776557
        },
        " Bachelors": {
            "loss": 1.8955866339487093,
            "acc": 0.5451092117758785
        },
        " Doctorate": {
            "loss": 2.9249751130339203,
            "acc": 0.38961038961038963
        },
        " HS-grad": {
            "loss": 0.948419195544656,
            "acc": 0.7009121459433509
        },
        " Masters": {
            "loss": 2.4254710418599026,
            "acc": 0.4715447154471545
        },
        " Preschool": {
            "loss": 0.49952580364136595,
            "acc": 0.6
        },
        " Prof-school": {
            "loss": 2.857791774311475,
            "acc": 0.4051724137931034
        },
        " Some-college": {
            "loss": 0.9377207710733582,
            "acc": 0.6888888888888889
        }
    },
    "education-num": {
        "1-9": {
            "loss": 0.8434565179286974,
            "acc": 0.7115646258503401
        },
        "10-13": {
            "loss": 1.6513746249456416,
            "acc": 0.5853018372703412
        },
        "13-16": {
            "loss": 2.583141893185141,
            "acc": 0.44661921708185054
        },
        "9-10": {
            "loss": 0.9377207710733582,
            "acc": 0.6888888888888889
        }
    },
    "relationship": {
        " Husband": {
            "loss": 1.899923778689401,
            "acc": 0.538996138996139
        },
        " Not-in-family": {
            "loss": 0.7268584891719593,
            "acc": 0.7354497354497355
        },
        " Other-relative": {
            "loss": 0.470118484722609,
            "acc": 0.768361581920904
        },
        " Own-child": {
            "loss": 0.5051666616906134,
            "acc": 0.7644749754661433
        },
        " Unmarried": {
            "loss": 0.5776276268519965,
            "acc": 0.7606837606837606
        },
        " Wife": {
            "loss": 2.111922078092328,
            "acc": 0.5031055900621118
        }
    },
    "race": {
        " Amer-Indian-Eskimo": {
            "loss": 0.6568202805367094,
            "acc": 0.6619718309859155
        },
        " Asian-Pac-Islander": {
            "loss": 1.5821022802482467,
            "acc": 0.5854922279792746
        },
        " Black": {
            "loss": 0.7636898136963078,
            "acc": 0.705685618729097
        },
        " Other": {
            "loss": 0.5207828586827346,
            "acc": 0.7090909090909091
        },
        " White": {
            "loss": 1.2519464845043893,
            "acc": 0.6501608866642832
        }
    },
    "gender": {
        " Female": {
            "loss": 0.7645878309207306,
            "acc": 0.7265882352941176
        },
        " Male": {
            "loss": 1.4172250431908273,
            "acc": 0.6187870497036023
        }
    },
    "hours-per-week": {
        "1-35": {
            "loss": 0.6377528502128923,
            "acc": 0.7575982209043736
        },
        "35-40": {
            "loss": 1.0389520622696662,
            "acc": 0.6666666666666666
        },
        "40-50": {
            "loss": 1.8450721936628547,
            "acc": 0.5778321108394459
        },
        "50-99": {
            "loss": 1.8579737552929536,
            "acc": 0.5410691003911343
        }
    }
}