{
    "age": {
        "17-26": {
            "loss": 0.30387412550585113,
            "acc": 0.8493150684931506
        },
        "26-33": {
            "loss": 0.28632104603148417,
            "acc": 0.8496563573883161
        },
        "33-41": {
            "loss": 0.2909884925276017,
            "acc": 0.8549962434259955
        },
        "41-50": {
            "loss": 0.2870217978258153,
            "acc": 0.8563447725458898
        },
        "50-90": {
            "loss": 0.29064809169520395,
            "acc": 0.8663594470046083
        }
    },
    "education": {
        " 10th": {
            "loss": 0.3460359992254643,
            "acc": 0.8469945355191257
        },
        " 11th": {
            "loss": 0.3026559079558484,
            "acc": 0.8482142857142857
        },
        " 12th": {
            "loss": 0.328747477866717,
            "acc": 0.826530612244898
        },
        " 1st-4th": {
            "loss": 0.2288179859433672,
            "acc": 0.8695652173913043
        },
        " 5th-6th": {
            "loss": 0.2520487997866514,
            "acc": 0.8548387096774194
        },
        " 7th-8th": {
            "loss": 0.2551239752056961,
            "acc": 0.900709219858156
        },
        " 9th": {
            "loss": 0.29706496697029755,
            "acc": 0.8608695652173913
        },
        " Assoc-acdm": {
            "loss": 0.27673737194480075,
            "acc": 0.8737373737373737
        },
        " Assoc-voc": {
            "loss": 0.2745611005426038,
            "acc": 0.8681318681318682
        },
        " Bachelors": {
            "loss": 0.29344965554583047,
            "acc": 0.8536121673003803
        },
        " Doctorate": {
            "loss": 0.32117204097845053,
            "acc": 0.8571428571428571
        },
        " HS-grad": {
            "loss": 0.29137933942346883,
            "acc": 0.8512476007677543
        },
        " Masters": {
            "loss": 0.2745283719349885,
            "acc": 0.8726287262872628
        },
        " Preschool": {
            "loss": 0.38790132738540056,
            "acc": 0.8
        },
        " Prof-school": {
            "loss": 0.29000407487301544,
            "acc": 0.853448275862069
        },
        " Some-college": {
            "loss": 0.29541866259364724,
            "acc": 0.8525252525252526
        }
    },
    "education-num": {
        "1-9": {
            "loss": 0.29437928968460175,
            "acc": 0.8527210884353742
        },
        "10-13": {
            "loss": 0.2878911475557552,
            "acc": 0.8588312541037426
        },
        "13-16": {
            "loss": 0.28411332577334764,
            "acc": 0.8665480427046264
        },
        "9-10": {
            "loss": 0.29541866259364724,
            "acc": 0.8525252525252526
        }
    },
    "relationship": {
        " Husband": {
            "loss": 0.2876925840257527,
            "acc": 0.8606177606177606
        },
        " Not-in-family": {
            "loss": 0.28736737336329954,
            "acc": 0.8552941176470589
        },
        " Other-relative": {
            "loss": 0.21482502422265629,
            "acc": 0.9213483146067416
        },
        " Own-child": {
            "loss": 0.32192507090104755,
            "acc": 0.8410206084396468
        },
        " Unmarried": {
            "loss": 0.29789601745217126,
            "acc": 0.8473609129814551
        },
        " Wife": {
            "loss": 0.29052110341071474,
            "acc": 0.8385093167701864
        }
    },
    "race": {
        " Amer-Indian-Eskimo": {
            "loss": 0.28061841187579895,
            "acc": 0.8309859154929577
        },
        " Asian-Pac-Islander": {
            "loss": 0.2650670560953482,
            "acc": 0.8652849740932642
        },
        " Black": {
            "loss": 0.2946386625075065,
            "acc": 0.8561872909698997
        },
        " Other": {
            "loss": 0.3618826126783054,
            "acc": 0.8545454545454545
        },
        " White": {
            "loss": 0.2923515858197644,
            "acc": 0.8551761129983908
        }
    },
    "gender": {
        " Female": {
            "loss": 0.2993547097130707,
            "acc": 0.847457627118644
        },
        " Male": {
            "loss": 0.2887533809862673,
            "acc": 0.8590971272229823
        }
    },
    "hours-per-week": {
        "1-35": {
            "loss": 0.2780422148231286,
            "acc": 0.8738872403560831
        },
        "35-40": {
            "loss": 0.3051299626231469,
            "acc": 0.8443813131313131
        },
        "40-50": {
            "loss": 0.27770785202190806,
            "acc": 0.8598207008964955
        },
        "50-99": {
            "loss": 0.28696423837515245,
            "acc": 0.8604954367666232
        }
    }
}