{
    "forget_x": [
        0,
        0,
        0,
        1,
        0,
        0,
        0,
        0,
        0,
        0,
        0,
        0,
        0,
        1,
        0,
        0,
        0,
        0,
        0,
        0,
        0,
        0,
        1,
        0,
        0,
        1,
        0,
        0,
        0,
        0,
        0,
        0,
        0,
        0,
        0,
        1,
        0,
        1,
        0,
        0,
        1,
        0
    ],
    "forget_y": 1,
    "sample": {
        "age": "41-50",
        "education": " 11th",
        "education-num": "1-9",
        "relationship": " Unmarried",
        "race": " Black",
        "gender": " Female",
        "hours-per-week": "1-35",
        "income": "<50k"
    },
    "performance": {
        "age": {
            "17-26": {
                "loss": 0.31201015608201427,
                "acc": 0.852054794520548
            },
            "26-33": {
                "loss": 0.3009652201838135,
                "acc": 0.8470790378006873
            },
            "33-41": {
                "loss": 0.29794505236525815,
                "acc": 0.8512396694214877
            },
            "41-50": {
                "loss": 0.30134365616455133,
                "acc": 0.859537110933759
            },
            "50-90": {
                "loss": 0.3002132151383444,
                "acc": 0.8533026113671275
            }
        },
        "education": {
            " 10th": {
                "loss": 0.35152531178723445,
                "acc": 0.8415300546448088
            },
            " 11th": {
                "loss": 0.3002560913285027,
                "acc": 0.8482142857142857
            },
            " 12th": {
                "loss": 0.37198295638479956,
                "acc": 0.8061224489795918
            },
            " 1st-4th": {
                "loss": 0.2304057902891917,
                "acc": 0.8695652173913043
            },
            " 5th-6th": {
                "loss": 0.2739675433812445,
                "acc": 0.8548387096774194
            },
            " 7th-8th": {
                "loss": 0.26898603917429154,
                "acc": 0.8936170212765957
            },
            " 9th": {
                "loss": 0.300870475176016,
                "acc": 0.8521739130434782
            },
            " Assoc-acdm": {
                "loss": 0.29780117383771587,
                "acc": 0.8383838383838383
            },
            " Assoc-voc": {
                "loss": 0.2777038692597898,
                "acc": 0.8608058608058609
            },
            " Bachelors": {
                "loss": 0.30642085565743943,
                "acc": 0.8583650190114068
            },
            " Doctorate": {
                "loss": 0.35202372779523494,
                "acc": 0.8051948051948052
            },
            " HS-grad": {
                "loss": 0.3022372202391062,
                "acc": 0.8502879078694817
            },
            " Masters": {
                "loss": 0.266991977218676,
                "acc": 0.8753387533875339
            },
            " Preschool": {
                "loss": 0.3715885123309023,
                "acc": 0.9
            },
            " Prof-school": {
                "loss": 0.3232726631562031,
                "acc": 0.8189655172413793
            },
            " Some-college": {
                "loss": 0.30585512211423066,
                "acc": 0.8525252525252526
            }
        },
        "education-num": {
            "1-9": {
                "loss": 0.3049086855024047,
                "acc": 0.8506802721088436
            },
            "10-13": {
                "loss": 0.3001526781874046,
                "acc": 0.8562048588312541
            },
            "13-16": {
                "loss": 0.2902588888968756,
                "acc": 0.8540925266903915
            },
            "9-10": {
                "loss": 0.30585512211423066,
                "acc": 0.8525252525252526
            }
        },
        "relationship": {
            " Husband": {
                "loss": 0.29648585316903686,
                "acc": 0.8575289575289575
            },
            " Not-in-family": {
                "loss": 0.3029581645979699,
                "acc": 0.8505882352941176
            },
            " Other-relative": {
                "loss": 0.2438773993804876,
                "acc": 0.898876404494382
            },
            " Own-child": {
                "loss": 0.32624255855643236,
                "acc": 0.8400392541707556
            },
            " Unmarried": {
                "loss": 0.304221248441794,
                "acc": 0.8502139800285307
            },
            " Wife": {
                "loss": 0.3069774447682666,
                "acc": 0.84472049689441
            }
        },
        "race": {
            " Amer-Indian-Eskimo": {
                "loss": 0.29283536870510357,
                "acc": 0.8309859154929577
            },
            " Asian-Pac-Islander": {
                "loss": 0.27406993159513665,
                "acc": 0.8756476683937824
            },
            " Black": {
                "loss": 0.3017736197591774,
                "acc": 0.8595317725752508
            },
            " Other": {
                "loss": 0.35589576067561834,
                "acc": 0.8181818181818182
            },
            " White": {
                "loss": 0.30344407593904815,
                "acc": 0.8517790094761308
            }
        },
        "gender": {
            " Female": {
                "loss": 0.30911461853661787,
                "acc": 0.8465160075329566
            },
            " Male": {
                "loss": 0.29966369502607987,
                "acc": 0.8556771545827634
            }
        },
        "hours-per-week": {
            "1-35": {
                "loss": 0.2886346571292868,
                "acc": 0.8672106824925816
            },
            "35-40": {
                "loss": 0.31559408437353637,
                "acc": 0.8443813131313131
            },
            "40-50": {
                "loss": 0.2849039155747676,
                "acc": 0.8590057049714751
            },
            "50-99": {
                "loss": 0.3030322485531716,
                "acc": 0.8513689700130378
            }
        }
    }
}