{
    "age": {
        "17-26": {
            "loss": 0.5792781607587285,
            "acc": 0.726027397260274
        },
        "26-33": {
            "loss": 1.1226521428654639,
            "acc": 0.6721030042918454
        },
        "33-41": {
            "loss": 1.5887037270725604,
            "acc": 0.5845229151014275
        },
        "41-50": {
            "loss": 1.8090544694513553,
            "acc": 0.5610534716679968
        },
        "50-90": {
            "loss": 1.7038178604317027,
            "acc": 0.5791090629800307
        }
    },
    "education": {
        " 10th": {
            "loss": 0.7806972460790936,
            "acc": 0.6721311475409836
        },
        " 11th": {
            "loss": 0.7573791813951013,
            "acc": 0.6830357142857143
        },
        " 12th": {
            "loss": 0.7532619339767025,
            "acc": 0.7346938775510204
        },
        " 1st-4th": {
            "loss": 0.3831241344384229,
            "acc": 0.8260869565217391
        },
        " 5th-6th": {
            "loss": 0.6138787780609446,
            "acc": 0.7096774193548387
        },
        " 7th-8th": {
            "loss": 0.5820749779029538,
            "acc": 0.7163120567375887
        },
        " 9th": {
            "loss": 0.542970666341695,
            "acc": 0.7391304347826086
        },
        " Assoc-acdm": {
            "loss": 1.061022262369102,
            "acc": 0.6565656565656566
        },
        " Assoc-voc": {
            "loss": 1.2713900569875782,
            "acc": 0.6483516483516484
        },
        " Bachelors": {
            "loss": 2.0432515846362183,
            "acc": 0.5308641975308642
        },
        " Doctorate": {
            "loss": 3.019095973735446,
            "acc": 0.38961038961038963
        },
        " HS-grad": {
            "loss": 1.108804042475909,
            "acc": 0.6597888675623801
        },
        " Masters": {
            "loss": 2.6227519950930547,
            "acc": 0.46612466124661245
        },
        " Preschool": {
            "loss": 0.6338158373560374,
            "acc": 0.5
        },
        " Prof-school": {
            "loss": 3.4204686878582162,
            "acc": 0.3275862068965517
        },
        " Some-college": {
            "loss": 1.0456215807161904,
            "acc": 0.67003367003367
        }
    },
    "education-num": {
        "1-9": {
            "loss": 0.9846301098413355,
            "acc": 0.6724489795918367
        },
        "10-13": {
            "loss": 1.7773725801368954,
            "acc": 0.568241469816273
        },
        "13-16": {
            "loss": 2.8417086191432683,
            "acc": 0.42704626334519574
        },
        "9-10": {
            "loss": 1.0456215807161904,
            "acc": 0.67003367003367
        }
    },
    "relationship": {
        " Husband": {
            "loss": 2.091399347306934,
            "acc": 0.5212355212355212
        },
        " Not-in-family": {
            "loss": 0.8313878175518429,
            "acc": 0.7042915931804821
        },
        " Other-relative": {
            "loss": 0.5252640173755417,
            "acc": 0.7415730337078652
        },
        " Own-child": {
            "loss": 0.6068109327350701,
            "acc": 0.7154072620215898
        },
        " Unmarried": {
            "loss": 0.6495378630254577,
            "acc": 0.7189728958630528
        },
        " Wife": {
            "loss": 2.3454604399777934,
            "acc": 0.5124223602484472
        }
    },
    "race": {
        " Amer-Indian-Eskimo": {
            "loss": 0.7373868329538602,
            "acc": 0.6901408450704225
        },
        " Asian-Pac-Islander": {
            "loss": 1.7743920015352888,
            "acc": 0.5595854922279793
        },
        " Black": {
            "loss": 0.9402866868688181,
            "acc": 0.6672240802675585
        },
        " Other": {
            "loss": 0.6005996795315276,
            "acc": 0.7090909090909091
        },
        " White": {
            "loss": 1.3877690532403257,
            "acc": 0.6226313907758313
        }
    },
    "gender": {
        " Female": {
            "loss": 0.885521776321021,
            "acc": 0.6927058823529412
        },
        " Male": {
            "loss": 1.5667083565212123,
            "acc": 0.5941632466940264
        }
    },
    "hours-per-week": {
        "1-35": {
            "loss": 0.7520139359073866,
            "acc": 0.7181008902077152
        },
        "35-40": {
            "loss": 1.1774503098595612,
            "acc": 0.6352161565162512
        },
        "40-50": {
            "loss": 1.9591258056220098,
            "acc": 0.5582722086389568
        },
        "50-99": {
            "loss": 2.0918050134783766,
            "acc": 0.5371577574967406
        }
    }
}