{
    "forget_x": [
        0,
        0,
        0,
        1,
        0,
        0,
        0,
        0,
        0,
        0,
        0,
        0,
        0,
        0,
        0,
        0,
        0,
        0,
        0,
        0,
        1,
        0,
        0,
        0,
        1,
        1,
        0,
        0,
        0,
        0,
        0,
        0,
        0,
        0,
        0,
        1,
        0,
        1,
        0,
        1,
        0,
        0
    ],
    "forget_y": 0,
    "sample": {
        "age": "41-50",
        "education": " HS-grad",
        "education-num": "1-9",
        "relationship": " Not-in-family",
        "race": " Amer-Indian-Eskimo",
        "gender": " Female",
        "hours-per-week": "40-50",
        "income": "<50k"
    },
    "performance": {
        "age": {
            "17-26": {
                "loss": 0.30518436507209806,
                "acc": 0.8547945205479452
            },
            "26-33": {
                "loss": 0.2961409044657259,
                "acc": 0.8479381443298969
            },
            "33-41": {
                "loss": 0.29868363935483155,
                "acc": 0.8542449286250939
            },
            "41-50": {
                "loss": 0.2976792430659486,
                "acc": 0.8547486033519553
            },
            "50-90": {
                "loss": 0.2895424471706319,
                "acc": 0.8617511520737328
            }
        },
        "education": {
            " 10th": {
                "loss": 0.34263300785177153,
                "acc": 0.8415300546448088
            },
            " 11th": {
                "loss": 0.3030127184474894,
                "acc": 0.8622222222222222
            },
            " 12th": {
                "loss": 0.3714770405160554,
                "acc": 0.8061224489795918
            },
            " 1st-4th": {
                "loss": 0.2496249601019424,
                "acc": 0.8695652173913043
            },
            " 5th-6th": {
                "loss": 0.23952073081011133,
                "acc": 0.8709677419354839
            },
            " 7th-8th": {
                "loss": 0.26569670394817213,
                "acc": 0.8865248226950354
            },
            " 9th": {
                "loss": 0.28229608377736054,
                "acc": 0.8695652173913043
            },
            " Assoc-acdm": {
                "loss": 0.30467277533225096,
                "acc": 0.8383838383838383
            },
            " Assoc-voc": {
                "loss": 0.2861976196737002,
                "acc": 0.8608058608058609
            },
            " Bachelors": {
                "loss": 0.2999967874134831,
                "acc": 0.8545627376425855
            },
            " Doctorate": {
                "loss": 0.33320602830089346,
                "acc": 0.8571428571428571
            },
            " HS-grad": {
                "loss": 0.2963828935320003,
                "acc": 0.8502160345655305
            },
            " Masters": {
                "loss": 0.2716064026461803,
                "acc": 0.8672086720867209
            },
            " Preschool": {
                "loss": 0.4261177206907461,
                "acc": 0.8
            },
            " Prof-school": {
                "loss": 0.2921434674753093,
                "acc": 0.853448275862069
            },
            " Some-college": {
                "loss": 0.29935978300212374,
                "acc": 0.8585858585858586
            }
        },
        "education-num": {
            "1-9": {
                "loss": 0.2991258982230816,
                "acc": 0.8520408163265306
            },
            "10-13": {
                "loss": 0.29813117534188394,
                "acc": 0.8535784635587655
            },
            "13-16": {
                "loss": 0.28428517612588083,
                "acc": 0.8629893238434164
            },
            "9-10": {
                "loss": 0.29935978300212374,
                "acc": 0.8585858585858586
            }
        },
        "relationship": {
            " Husband": {
                "loss": 0.29770905014827953,
                "acc": 0.8575289575289575
            },
            " Not-in-family": {
                "loss": 0.28925836357793017,
                "acc": 0.8581518540317834
            },
            " Other-relative": {
                "loss": 0.19719122712214163,
                "acc": 0.9213483146067416
            },
            " Own-child": {
                "loss": 0.3244695653820541,
                "acc": 0.8420019627085378
            },
            " Unmarried": {
                "loss": 0.3037283542006344,
                "acc": 0.8475783475783476
            },
            " Wife": {
                "loss": 0.2991715458341628,
                "acc": 0.8354037267080745
            }
        },
        "race": {
            " Amer-Indian-Eskimo": {
                "loss": 0.3036922801158633,
                "acc": 0.8142857142857143
            },
            " Asian-Pac-Islander": {
                "loss": 0.25783591611718315,
                "acc": 0.8860103626943006
            },
            " Black": {
                "loss": 0.3029121878343635,
                "acc": 0.8497495826377296
            },
            " Other": {
                "loss": 0.3188695932473842,
                "acc": 0.8363636363636363
            },
            " White": {
                "loss": 0.29819389379623384,
                "acc": 0.8549973180761666
            }
        },
        "gender": {
            " Female": {
                "loss": 0.30106716883660345,
                "acc": 0.8512241054613936
            },
            " Male": {
                "loss": 0.296017966473668,
                "acc": 0.8565891472868217
            }
        },
        "hours-per-week": {
            "1-35": {
                "loss": 0.27652360426875316,
                "acc": 0.8680504077094143
            },
            "35-40": {
                "loss": 0.31243291084485175,
                "acc": 0.8459595959595959
            },
            "40-50": {
                "loss": 0.2820811275162114,
                "acc": 0.8629690048939641
            },
            "50-99": {
                "loss": 0.2987642783735822,
                "acc": 0.8552803129074316
            }
        }
    }
}