{
    "age": {
        "17-26": {
            "loss": 0.4372588820756938,
            "acc": 0.7958904109589041
        },
        "26-33": {
            "loss": 0.9525182724361211,
            "acc": 0.7064377682403433
        },
        "33-41": {
            "loss": 1.4333507723233914,
            "acc": 0.6100676183320811
        },
        "41-50": {
            "loss": 1.6617008422234874,
            "acc": 0.578611332801277
        },
        "50-90": {
            "loss": 1.4996371595455007,
            "acc": 0.6105990783410138
        }
    },
    "education": {
        " 10th": {
            "loss": 0.630261475250497,
            "acc": 0.7213114754098361
        },
        " 11th": {
            "loss": 0.6158142808899968,
            "acc": 0.72
        },
        " 12th": {
            "loss": 0.605468046589415,
            "acc": 0.7755102040816326
        },
        " 1st-4th": {
            "loss": 0.25209778668154137,
            "acc": 0.8695652173913043
        },
        " 5th-6th": {
            "loss": 0.44668058758394663,
            "acc": 0.7903225806451613
        },
        " 7th-8th": {
            "loss": 0.43070972843849675,
            "acc": 0.7801418439716312
        },
        " 9th": {
            "loss": 0.4381108618034049,
            "acc": 0.782608695652174
        },
        " Assoc-acdm": {
            "loss": 0.9869680488654156,
            "acc": 0.702020202020202
        },
        " Assoc-voc": {
            "loss": 1.1833280462161606,
            "acc": 0.673992673992674
        },
        " Bachelors": {
            "loss": 1.8638584047943658,
            "acc": 0.5517568850902185
        },
        " Doctorate": {
            "loss": 3.021105550074224,
            "acc": 0.36363636363636365
        },
        " HS-grad": {
            "loss": 0.9188405154357329,
            "acc": 0.7109937590014402
        },
        " Masters": {
            "loss": 2.445316888465563,
            "acc": 0.4742547425474255
        },
        " Preschool": {
            "loss": 0.44753976673657503,
            "acc": 0.7
        },
        " Prof-school": {
            "loss": 2.7443594743370734,
            "acc": 0.3448275862068966
        },
        " Some-college": {
            "loss": 0.9291913077804153,
            "acc": 0.7023569023569024
        }
    },
    "education-num": {
        "1-9": {
            "loss": 0.8082508127203926,
            "acc": 0.7234693877551021
        },
        "10-13": {
            "loss": 1.628025676207895,
            "acc": 0.5931758530183727
        },
        "13-16": {
            "loss": 2.5859301747733183,
            "acc": 0.43238434163701067
        },
        "9-10": {
            "loss": 0.9291913077804153,
            "acc": 0.7023569023569024
        }
    },
    "relationship": {
        " Husband": {
            "loss": 1.9070299581382724,
            "acc": 0.5324324324324324
        },
        " Not-in-family": {
            "loss": 0.6916586610552214,
            "acc": 0.75
        },
        " Other-relative": {
            "loss": 0.410356259630251,
            "acc": 0.7808988764044944
        },
        " Own-child": {
            "loss": 0.44765377157460867,
            "acc": 0.7929342492639843
        },
        " Unmarried": {
            "loss": 0.5302131985216074,
            "acc": 0.7834757834757835
        },
        " Wife": {
            "loss": 2.0933875218398286,
            "acc": 0.515527950310559
        }
    },
    "race": {
        " Amer-Indian-Eskimo": {
            "loss": 0.6222812081846755,
            "acc": 0.6714285714285714
        },
        " Asian-Pac-Islander": {
            "loss": 1.5980724166812255,
            "acc": 0.5803108808290155
        },
        " Black": {
            "loss": 0.7584005011254018,
            "acc": 0.7295492487479132
        },
        " Other": {
            "loss": 0.5236272367898649,
            "acc": 0.7454545454545455
        },
        " White": {
            "loss": 1.2254989830220484,
            "acc": 0.657847693957812
        }
    },
    "gender": {
        " Female": {
            "loss": 0.7320729716202647,
            "acc": 0.7463529411764706
        },
        " Male": {
            "loss": 1.3987358197725128,
            "acc": 0.6226630186958504
        }
    },
    "hours-per-week": {
        "1-35": {
            "loss": 0.6067030003354748,
            "acc": 0.7768717568569311
        },
        "35-40": {
            "loss": 1.0372244630745207,
            "acc": 0.6756074471442095
        },
        "40-50": {
            "loss": 1.7937811820609306,
            "acc": 0.5783034257748777
        },
        "50-99": {
            "loss": 1.8069465059620564,
            "acc": 0.546284224250326
        }
    }
}