{
    "forget_x": [
        0,
        0,
        0,
        1,
        0,
        0,
        0,
        0,
        0,
        0,
        0,
        0,
        0,
        0,
        0,
        0,
        1,
        0,
        0,
        0,
        0,
        1,
        0,
        0,
        0,
        0,
        0,
        0,
        0,
        0,
        1,
        0,
        0,
        0,
        0,
        1,
        1,
        0,
        0,
        0,
        1,
        0
    ],
    "forget_y": 1,
    "sample": {
        "age": "41-50",
        "education": " Some-college",
        "education-num": "9-10",
        "relationship": " Husband",
        "race": " White",
        "gender": " Male",
        "hours-per-week": "50-99",
        "income": ">=50k"
    },
    "performance": {
        "age": {
            "17-26": {
                "loss": 0.3072720646748377,
                "acc": 0.8623287671232877
            },
            "26-33": {
                "loss": 0.2938720682689062,
                "acc": 0.8470790378006873
            },
            "33-41": {
                "loss": 0.299359043639472,
                "acc": 0.8519909842223892
            },
            "41-50": {
                "loss": 0.30055882441208953,
                "acc": 0.8555466879489226
            },
            "50-90": {
                "loss": 0.29696547790180644,
                "acc": 0.8525345622119815
            }
        },
        "education": {
            " 10th": {
                "loss": 0.34468594825868776,
                "acc": 0.8524590163934426
            },
            " 11th": {
                "loss": 0.30027908566635386,
                "acc": 0.8755555555555555
            },
            " 12th": {
                "loss": 0.3700440051567272,
                "acc": 0.8061224489795918
            },
            " 1st-4th": {
                "loss": 0.27858574136544445,
                "acc": 0.8695652173913043
            },
            " 5th-6th": {
                "loss": 0.259665691243555,
                "acc": 0.8709677419354839
            },
            " 7th-8th": {
                "loss": 0.2782222958932474,
                "acc": 0.8865248226950354
            },
            " 9th": {
                "loss": 0.30302136234431465,
                "acc": 0.8521739130434782
            },
            " Assoc-acdm": {
                "loss": 0.3077750479644825,
                "acc": 0.8535353535353535
            },
            " Assoc-voc": {
                "loss": 0.2886352631460296,
                "acc": 0.8644688644688645
            },
            " Bachelors": {
                "loss": 0.3001558526558391,
                "acc": 0.8574144486692015
            },
            " Doctorate": {
                "loss": 0.3343697578088237,
                "acc": 0.8441558441558441
            },
            " HS-grad": {
                "loss": 0.29765123445769276,
                "acc": 0.8478886756238004
            },
            " Masters": {
                "loss": 0.2848566051132659,
                "acc": 0.8617886178861789
            },
            " Preschool": {
                "loss": 0.3988266205929848,
                "acc": 0.7
            },
            " Prof-school": {
                "loss": 0.28647810429139176,
                "acc": 0.853448275862069
            },
            " Some-college": {
                "loss": 0.2998705975059377,
                "acc": 0.855121293800539
            }
        },
        "education-num": {
            "1-9": {
                "loss": 0.3018638624367359,
                "acc": 0.8510710642638558
            },
            "10-13": {
                "loss": 0.29908131538396376,
                "acc": 0.8581746552856205
            },
            "13-16": {
                "loss": 0.2919751223058289,
                "acc": 0.8576512455516014
            },
            "9-10": {
                "loss": 0.2998705975059377,
                "acc": 0.855121293800539
            }
        },
        "relationship": {
            " Husband": {
                "loss": 0.29975357918982753,
                "acc": 0.8524526844341445
            },
            " Not-in-family": {
                "loss": 0.28830797039157946,
                "acc": 0.86
            },
            " Other-relative": {
                "loss": 0.21036211338902266,
                "acc": 0.9269662921348315
            },
            " Own-child": {
                "loss": 0.32410123144370323,
                "acc": 0.8498527968596663
            },
            " Unmarried": {
                "loss": 0.305725504669467,
                "acc": 0.8433048433048433
            },
            " Wife": {
                "loss": 0.3225837475168084,
                "acc": 0.8354037267080745
            }
        },
        "race": {
            " Amer-Indian-Eskimo": {
                "loss": 0.3141943932988138,
                "acc": 0.8169014084507042
            },
            " Asian-Pac-Islander": {
                "loss": 0.2702794125610895,
                "acc": 0.8860103626943006
            },
            " Black": {
                "loss": 0.3032282599375524,
                "acc": 0.8447412353923205
            },
            " Other": {
                "loss": 0.3323286395167197,
                "acc": 0.8545454545454545
            },
            " White": {
                "loss": 0.30007097939313154,
                "acc": 0.8546137339055794
            }
        },
        "gender": {
            " Female": {
                "loss": 0.3069916072950166,
                "acc": 0.8536470588235294
            },
            " Male": {
                "loss": 0.2964705319701253,
                "acc": 0.8545039908779931
            }
        },
        "hours-per-week": {
            "1-35": {
                "loss": 0.27833849082750634,
                "acc": 0.8747220163083765
            },
            "35-40": {
                "loss": 0.3160010939023668,
                "acc": 0.8415404040404041
            },
            "40-50": {
                "loss": 0.28505007526992865,
                "acc": 0.863080684596577
            },
            "50-99": {
                "loss": 0.295109551208483,
                "acc": 0.856396866840731
            }
        }
    }
}