{
    "age": {
        "17-26": {
            "loss": 0.4782425140187676,
            "acc": 0.7767123287671233
        },
        "26-33": {
            "loss": 1.0881348825645987,
            "acc": 0.6927038626609442
        },
        "33-41": {
            "loss": 1.6636911094173779,
            "acc": 0.6183320811419984
        },
        "41-50": {
            "loss": 1.8844959534460688,
            "acc": 0.5794094173982443
        },
        "50-90": {
            "loss": 1.8020514450886098,
            "acc": 0.6144393241167435
        }
    },
    "education": {
        " 10th": {
            "loss": 0.7640933479323837,
            "acc": 0.6994535519125683
        },
        " 11th": {
            "loss": 0.7176197018521084,
            "acc": 0.7377777777777778
        },
        " 12th": {
            "loss": 0.6388201466645247,
            "acc": 0.7653061224489796
        },
        " 1st-4th": {
            "loss": 0.3112012722740209,
            "acc": 0.9130434782608695
        },
        " 5th-6th": {
            "loss": 0.5648917190501456,
            "acc": 0.7580645161290323
        },
        " 7th-8th": {
            "loss": 0.47278334118359355,
            "acc": 0.7801418439716312
        },
        " 9th": {
            "loss": 0.4680737935173575,
            "acc": 0.8
        },
        " Assoc-acdm": {
            "loss": 1.103343991993746,
            "acc": 0.7121212121212122
        },
        " Assoc-voc": {
            "loss": 1.3176293437133626,
            "acc": 0.663003663003663
        },
        " Bachelors": {
            "loss": 2.200528327703075,
            "acc": 0.5470085470085471
        },
        " Doctorate": {
            "loss": 3.5674050040160603,
            "acc": 0.38961038961038963
        },
        " HS-grad": {
            "loss": 1.0560845536208323,
            "acc": 0.7092130518234165
        },
        " Masters": {
            "loss": 2.798492778095389,
            "acc": 0.46883468834688347
        },
        " Preschool": {
            "loss": 0.5764684917655454,
            "acc": 0.5
        },
        " Prof-school": {
            "loss": 3.2404726819792478,
            "acc": 0.39655172413793105
        },
        " Some-college": {
            "loss": 1.0620308266693825,
            "acc": 0.6880053908355795
        }
    },
    "education-num": {
        "1-9": {
            "loss": 0.92934873778638,
            "acc": 0.7215232913974838
        },
        "10-13": {
            "loss": 1.8998236550655154,
            "acc": 0.589238845144357
        },
        "13-16": {
            "loss": 2.9950691308470256,
            "acc": 0.4430604982206406
        },
        "9-10": {
            "loss": 1.0620308266693825,
            "acc": 0.6880053908355795
        }
    },
    "relationship": {
        " Husband": {
            "loss": 2.226882523845409,
            "acc": 0.5399768250289687
        },
        " Not-in-family": {
            "loss": 0.7766680937418586,
            "acc": 0.7436801881246325
        },
        " Other-relative": {
            "loss": 0.47275754006064025,
            "acc": 0.7696629213483146
        },
        " Own-child": {
            "loss": 0.4943722849783093,
            "acc": 0.7762512266928361
        },
        " Unmarried": {
            "loss": 0.5613127258275205,
            "acc": 0.7649572649572649
        },
        " Wife": {
            "loss": 2.5445946295580977,
            "acc": 0.5031055900621118
        }
    },
    "race": {
        " Amer-Indian-Eskimo": {
            "loss": 0.6367026682486178,
            "acc": 0.704225352112676
        },
        " Asian-Pac-Islander": {
            "loss": 1.8457699417353854,
            "acc": 0.5854922279792746
        },
        " Black": {
            "loss": 0.8658112564209505,
            "acc": 0.7095158597662772
        },
        " Other": {
            "loss": 0.4855575993498937,
            "acc": 0.7272727272727273
        },
        " White": {
            "loss": 1.4198216319867678,
            "acc": 0.6547470051850528
        }
    },
    "gender": {
        " Female": {
            "loss": 0.8252005022758198,
            "acc": 0.7351834430856068
        },
        " Male": {
            "loss": 1.6267849985460856,
            "acc": 0.6218928164196124
        }
    },
    "hours-per-week": {
        "1-35": {
            "loss": 0.6999946601404817,
            "acc": 0.7575982209043736
        },
        "35-40": {
            "loss": 1.1608071929063757,
            "acc": 0.6733985484379931
        },
        "40-50": {
            "loss": 2.1293867516674907,
            "acc": 0.5778321108394459
        },
        "50-99": {
            "loss": 2.1568931479336446,
            "acc": 0.5548302872062664
        }
    }
}