{
    "forget_x": [
        0,
        0,
        0,
        0,
        1,
        0,
        0,
        0,
        0,
        0,
        0,
        0,
        0,
        0,
        0,
        0,
        0,
        0,
        0,
        0,
        1,
        0,
        0,
        0,
        1,
        0,
        1,
        0,
        0,
        0,
        0,
        0,
        0,
        1,
        0,
        0,
        0,
        1,
        1,
        0,
        0,
        0
    ],
    "forget_y": 0,
    "sample": {
        "age": "41-50",
        "education": " HS-grad",
        "education-num": "1-9",
        "relationship": " Wife",
        "race": " White",
        "gender": " Female",
        "hours-per-week": "40-50",
        "income": ">=50k"
    },
    "performance": {
        "age": {
            "17-26": {
                "loss": 0.3041700815384461,
                "acc": 0.8513698630136987
            },
            "26-33": {
                "loss": 0.2957612231099199,
                "acc": 0.8479381443298969
            },
            "33-41": {
                "loss": 0.29337746446892454,
                "acc": 0.8564988730277987
            },
            "41-50": {
                "loss": 0.29456057359150467,
                "acc": 0.8635275339185954
            },
            "50-90": {
                "loss": 0.28956282774769854,
                "acc": 0.858678955453149
            }
        },
        "education": {
            " 10th": {
                "loss": 0.3319040180277118,
                "acc": 0.8415300546448088
            },
            " 11th": {
                "loss": 0.2937988922700343,
                "acc": 0.8755555555555555
            },
            " 12th": {
                "loss": 0.36296270269377917,
                "acc": 0.8163265306122449
            },
            " 1st-4th": {
                "loss": 0.23611609615306398,
                "acc": 0.8695652173913043
            },
            " 5th-6th": {
                "loss": 0.24873432314479252,
                "acc": 0.8548387096774194
            },
            " 7th-8th": {
                "loss": 0.26461228417459126,
                "acc": 0.8794326241134752
            },
            " 9th": {
                "loss": 0.2818764898263479,
                "acc": 0.8695652173913043
            },
            " Assoc-acdm": {
                "loss": 0.3221104243358445,
                "acc": 0.8333333333333334
            },
            " Assoc-voc": {
                "loss": 0.28596540951012417,
                "acc": 0.8644688644688645
            },
            " Bachelors": {
                "loss": 0.2950069093644191,
                "acc": 0.8583650190114068
            },
            " Doctorate": {
                "loss": 0.3461216119631947,
                "acc": 0.8311688311688312
            },
            " HS-grad": {
                "loss": 0.29521296270222347,
                "acc": 0.8473355736917907
            },
            " Masters": {
                "loss": 0.2729545321359795,
                "acc": 0.8672086720867209
            },
            " Preschool": {
                "loss": 0.35097060735429164,
                "acc": 0.9
            },
            " Prof-school": {
                "loss": 0.2804159497286937,
                "acc": 0.8706896551724138
            },
            " Some-college": {
                "loss": 0.2972466648664201,
                "acc": 0.8612794612794613
            }
        },
        "education-num": {
            "1-9": {
                "loss": 0.29640481801062474,
                "acc": 0.8510204081632653
            },
            "10-13": {
                "loss": 0.2969098420657456,
                "acc": 0.8562048588312541
            },
            "13-16": {
                "loss": 0.28451928229158524,
                "acc": 0.8629893238434164
            },
            "9-10": {
                "loss": 0.2972466648664201,
                "acc": 0.8612794612794613
            }
        },
        "relationship": {
            " Husband": {
                "loss": 0.29652378404972723,
                "acc": 0.8575289575289575
            },
            " Not-in-family": {
                "loss": 0.28412580275554067,
                "acc": 0.8582352941176471
            },
            " Other-relative": {
                "loss": 0.18980206687612705,
                "acc": 0.9269662921348315
            },
            " Own-child": {
                "loss": 0.3203243149321041,
                "acc": 0.8380765456329735
            },
            " Unmarried": {
                "loss": 0.30851250021116305,
                "acc": 0.8547008547008547
            },
            " Wife": {
                "loss": 0.3026588880082854,
                "acc": 0.8442367601246106
            }
        },
        "race": {
            " Amer-Indian-Eskimo": {
                "loss": 0.2929987866911717,
                "acc": 0.8450704225352113
            },
            " Asian-Pac-Islander": {
                "loss": 0.2566903607903495,
                "acc": 0.8756476683937824
            },
            " Black": {
                "loss": 0.2986242277292116,
                "acc": 0.8514190317195326
            },
            " Other": {
                "loss": 0.31123273773275323,
                "acc": 0.8545454545454545
            },
            " White": {
                "loss": 0.29660177430600204,
                "acc": 0.8555078683834049
            }
        },
        "gender": {
            " Female": {
                "loss": 0.3021640277414793,
                "acc": 0.8540489642184558
            },
            " Male": {
                "loss": 0.2925532588848532,
                "acc": 0.8563611491108071
            }
        },
        "hours-per-week": {
            "1-35": {
                "loss": 0.27268080283837676,
                "acc": 0.8739807264640475
            },
            "35-40": {
                "loss": 0.30900393411199145,
                "acc": 0.8456439393939394
            },
            "40-50": {
                "loss": 0.2855129040430514,
                "acc": 0.8605220228384992
            },
            "50-99": {
                "loss": 0.29742542599651894,
                "acc": 0.8565840938722294
            }
        }
    }
}