{
    "age": {
        "17-26": {
            "loss": 0.5115405652205257,
            "acc": 0.7691780821917809
        },
        "26-33": {
            "loss": 1.042010479787692,
            "acc": 0.6935622317596567
        },
        "33-41": {
            "loss": 1.5368607044029223,
            "acc": 0.6100676183320811
        },
        "41-50": {
            "loss": 1.7428838465731549,
            "acc": 0.5802075019952115
        },
        "50-90": {
            "loss": 1.6253052616814951,
            "acc": 0.6052227342549923
        }
    },
    "education": {
        " 10th": {
            "loss": 0.7335416303980113,
            "acc": 0.6994535519125683
        },
        " 11th": {
            "loss": 0.6880306798512175,
            "acc": 0.72
        },
        " 12th": {
            "loss": 0.6705685345696879,
            "acc": 0.7653061224489796
        },
        " 1st-4th": {
            "loss": 0.35564297968793096,
            "acc": 0.8695652173913043
        },
        " 5th-6th": {
            "loss": 0.5852286578520158,
            "acc": 0.7419354838709677
        },
        " 7th-8th": {
            "loss": 0.531541316178075,
            "acc": 0.7730496453900709
        },
        " 9th": {
            "loss": 0.5136057444360268,
            "acc": 0.7913043478260869
        },
        " Assoc-acdm": {
            "loss": 1.0772257136869308,
            "acc": 0.696969696969697
        },
        " Assoc-voc": {
            "loss": 1.2480832285495556,
            "acc": 0.663003663003663
        },
        " Bachelors": {
            "loss": 2.003612196754527,
            "acc": 0.5498575498575499
        },
        " Doctorate": {
            "loss": 2.986853267863857,
            "acc": 0.38961038961038963
        },
        " HS-grad": {
            "loss": 1.002863989134236,
            "acc": 0.6961113778204513
        },
        " Masters": {
            "loss": 2.5530873049202145,
            "acc": 0.47696476964769646
        },
        " Preschool": {
            "loss": 0.5849989213271364,
            "acc": 0.6
        },
        " Prof-school": {
            "loss": 3.0864875465315897,
            "acc": 0.3620689655172414
        },
        " Some-college": {
            "loss": 0.9995629939172519,
            "acc": 0.6902356902356902
        }
    },
    "education-num": {
        "1-9": {
            "loss": 0.8938953631999879,
            "acc": 0.7098639455782313
        },
        "10-13": {
            "loss": 1.7479140786657192,
            "acc": 0.589238845144357
        },
        "13-16": {
            "loss": 2.72261471981982,
            "acc": 0.4412811387900356
        },
        "9-10": {
            "loss": 0.9995629939172519,
            "acc": 0.6902356902356902
        }
    },
    "relationship": {
        " Husband": {
            "loss": 2.0252176676374627,
            "acc": 0.5343629343629344
        },
        " Not-in-family": {
            "loss": 0.7715148832238038,
            "acc": 0.7407407407407407
        },
        " Other-relative": {
            "loss": 0.5032772604849634,
            "acc": 0.7640449438202247
        },
        " Own-child": {
            "loss": 0.5259384518746775,
            "acc": 0.7684003925417076
        },
        " Unmarried": {
            "loss": 0.5995438240642095,
            "acc": 0.7549857549857549
        },
        " Wife": {
            "loss": 2.1877849449719013,
            "acc": 0.514018691588785
        }
    },
    "race": {
        " Amer-Indian-Eskimo": {
            "loss": 0.6803447745680602,
            "acc": 0.676056338028169
        },
        " Asian-Pac-Islander": {
            "loss": 1.6998048331231062,
            "acc": 0.5803108808290155
        },
        " Black": {
            "loss": 0.8399921849207592,
            "acc": 0.7111853088480802
        },
        " Other": {
            "loss": 0.5539954260417638,
            "acc": 0.7272727272727273
        },
        " White": {
            "loss": 1.3224284039358951,
            "acc": 0.6493831575183264
        }
    },
    "gender": {
        " Female": {
            "loss": 0.8053166923445035,
            "acc": 0.7294117647058823
        },
        " Male": {
            "loss": 1.5036561721313997,
            "acc": 0.6174190606475148
        }
    },
    "hours-per-week": {
        "1-35": {
            "loss": 0.6691608594727261,
            "acc": 0.7561156412157154
        },
        "35-40": {
            "loss": 1.1109339687856417,
            "acc": 0.6670874092773745
        },
        "40-50": {
            "loss": 1.927512555075931,
            "acc": 0.5758564437194127
        },
        "50-99": {
            "loss": 1.9816894435031138,
            "acc": 0.5449804432855281
        }
    }
}