{
    "forget_x": [
        1,
        0,
        0,
        0,
        0,
        0,
        0,
        0,
        0,
        0,
        0,
        0,
        0,
        0,
        0,
        0,
        1,
        0,
        0,
        0,
        0,
        1,
        0,
        0,
        0,
        0,
        1,
        0,
        0,
        0,
        0,
        0,
        0,
        0,
        0,
        1,
        1,
        0,
        0,
        1,
        0,
        0
    ],
    "forget_y": 0,
    "sample": {
        "age": "50-90",
        "education": " Some-college",
        "education-num": "9-10",
        "relationship": " Not-in-family",
        "race": " Black",
        "gender": " Male",
        "hours-per-week": "1-35",
        "income": "<50k"
    },
    "performance": {
        "age": {
            "17-26": {
                "loss": 0.30553301055905374,
                "acc": 0.8465753424657534
            },
            "26-33": {
                "loss": 0.2943194875146338,
                "acc": 0.8470790378006873
            },
            "33-41": {
                "loss": 0.2981388421074993,
                "acc": 0.8489857250187829
            },
            "41-50": {
                "loss": 0.30087421265072256,
                "acc": 0.861244019138756
            },
            "50-90": {
                "loss": 0.29085597819883613,
                "acc": 0.8585703305149884
            }
        },
        "education": {
            " 10th": {
                "loss": 0.33972648626520013,
                "acc": 0.8524590163934426
            },
            " 11th": {
                "loss": 0.2964389639181138,
                "acc": 0.8711111111111111
            },
            " 12th": {
                "loss": 0.3615067695988873,
                "acc": 0.826530612244898
            },
            " 1st-4th": {
                "loss": 0.24956771708728454,
                "acc": 0.8695652173913043
            },
            " 5th-6th": {
                "loss": 0.25450194830847583,
                "acc": 0.8387096774193549
            },
            " 7th-8th": {
                "loss": 0.26662823989862416,
                "acc": 0.8865248226950354
            },
            " 9th": {
                "loss": 0.28367752874525365,
                "acc": 0.8608695652173913
            },
            " Assoc-acdm": {
                "loss": 0.3062234445802091,
                "acc": 0.8434343434343434
            },
            " Assoc-voc": {
                "loss": 0.29330173991297104,
                "acc": 0.8498168498168498
            },
            " Bachelors": {
                "loss": 0.2996827909888106,
                "acc": 0.8545627376425855
            },
            " Doctorate": {
                "loss": 0.32921021775083925,
                "acc": 0.8571428571428571
            },
            " HS-grad": {
                "loss": 0.2968106434176704,
                "acc": 0.8498080614203455
            },
            " Masters": {
                "loss": 0.27865662492374105,
                "acc": 0.8672086720867209
            },
            " Preschool": {
                "loss": 0.43094638152355885,
                "acc": 0.7
            },
            " Prof-school": {
                "loss": 0.29164273779319366,
                "acc": 0.853448275862069
            },
            " Some-college": {
                "loss": 0.2994062789972947,
                "acc": 0.8483827493261455
            }
        },
        "education-num": {
            "1-9": {
                "loss": 0.2988425358401902,
                "acc": 0.8524311458687521
            },
            "10-13": {
                "loss": 0.29938930606917397,
                "acc": 0.8522652659225214
            },
            "13-16": {
                "loss": 0.28826341449766146,
                "acc": 0.8629893238434164
            },
            "9-10": {
                "loss": 0.2994062789972947,
                "acc": 0.8483827493261455
            }
        },
        "relationship": {
            " Husband": {
                "loss": 0.29987675998090557,
                "acc": 0.8540540540540541
            },
            " Not-in-family": {
                "loss": 0.28537882599471026,
                "acc": 0.8605061801059447
            },
            " Other-relative": {
                "loss": 0.20345380853773068,
                "acc": 0.9157303370786517
            },
            " Own-child": {
                "loss": 0.32465216595401547,
                "acc": 0.831207065750736
            },
            " Unmarried": {
                "loss": 0.3062128980296038,
                "acc": 0.8404558404558404
            },
            " Wife": {
                "loss": 0.30326877288765913,
                "acc": 0.8540372670807453
            }
        },
        "race": {
            " Amer-Indian-Eskimo": {
                "loss": 0.3011702152977606,
                "acc": 0.8450704225352113
            },
            " Asian-Pac-Islander": {
                "loss": 0.27004296420914253,
                "acc": 0.8860103626943006
            },
            " Black": {
                "loss": 0.30571922151715575,
                "acc": 0.8478260869565217
            },
            " Other": {
                "loss": 0.2940725695851314,
                "acc": 0.8363636363636363
            },
            " White": {
                "loss": 0.2983538896577995,
                "acc": 0.8519578043983551
            }
        },
        "gender": {
            " Female": {
                "loss": 0.30251091657165385,
                "acc": 0.8475294117647059
            },
            " Male": {
                "loss": 0.29608963975239616,
                "acc": 0.8547320410490308
            }
        },
        "hours-per-week": {
            "1-35": {
                "loss": 0.27331845899713014,
                "acc": 0.8716617210682492
            },
            "35-40": {
                "loss": 0.3126988903837926,
                "acc": 0.8405934343434344
            },
            "40-50": {
                "loss": 0.28542841569159133,
                "acc": 0.8590057049714751
            },
            "50-99": {
                "loss": 0.3023529785025448,
                "acc": 0.8565840938722294
            }
        }
    }
}