{
    "age": {
        "17-26": {
            "loss": 0.44402034679310026,
            "acc": 0.7965753424657535
        },
        "26-33": {
            "loss": 0.9890153914609517,
            "acc": 0.7072961373390558
        },
        "33-41": {
            "loss": 1.4349779630316435,
            "acc": 0.6168294515401953
        },
        "41-50": {
            "loss": 1.649842058561186,
            "acc": 0.5821371610845295
        },
        "50-90": {
            "loss": 1.5206746143644148,
            "acc": 0.6126056879323597
        }
    },
    "education": {
        " 10th": {
            "loss": 0.7013497270395243,
            "acc": 0.6994535519125683
        },
        " 11th": {
            "loss": 0.6177007927989415,
            "acc": 0.7377777777777778
        },
        " 12th": {
            "loss": 0.6312210030702412,
            "acc": 0.7857142857142857
        },
        " 1st-4th": {
            "loss": 0.2969406096928579,
            "acc": 0.8695652173913043
        },
        " 5th-6th": {
            "loss": 0.5479978068283525,
            "acc": 0.7419354838709677
        },
        " 7th-8th": {
            "loss": 0.4476340737675871,
            "acc": 0.8014184397163121
        },
        " 9th": {
            "loss": 0.4251693625420947,
            "acc": 0.808695652173913
        },
        " Assoc-acdm": {
            "loss": 1.020658777143339,
            "acc": 0.6919191919191919
        },
        " Assoc-voc": {
            "loss": 1.1863355226125347,
            "acc": 0.6703296703296703
        },
        " Bachelors": {
            "loss": 1.8818018461569885,
            "acc": 0.5527065527065527
        },
        " Doctorate": {
            "loss": 2.888468667573352,
            "acc": 0.4025974025974026
        },
        " HS-grad": {
            "loss": 0.9330777381528288,
            "acc": 0.7149712092130518
        },
        " Masters": {
            "loss": 2.440712624015795,
            "acc": 0.4796747967479675
        },
        " Preschool": {
            "loss": 0.5090056452055507,
            "acc": 0.7
        },
        " Prof-school": {
            "loss": 2.8739512225784827,
            "acc": 0.3448275862068966
        },
        " Some-college": {
            "loss": 0.9179160210394885,
            "acc": 0.704177897574124
        }
    },
    "education-num": {
        "1-9": {
            "loss": 0.8268037329586194,
            "acc": 0.7276436586195172
        },
        "10-13": {
            "loss": 1.6453394878942984,
            "acc": 0.5918635170603674
        },
        "13-16": {
            "loss": 2.5914828958791465,
            "acc": 0.4412811387900356
        },
        "9-10": {
            "loss": 0.9179160210394885,
            "acc": 0.704177897574124
        }
    },
    "relationship": {
        " Husband": {
            "loss": 1.9233684445343135,
            "acc": 0.5339768339768339
        },
        " Not-in-family": {
            "loss": 0.6927867204207143,
            "acc": 0.7605882352941177
        },
        " Other-relative": {
            "loss": 0.4307381548104788,
            "acc": 0.7752808988764045
        },
        " Own-child": {
            "loss": 0.45505081624710203,
            "acc": 0.7909715407262021
        },
        " Unmarried": {
            "loss": 0.5280654617373095,
            "acc": 0.7863247863247863
        },
        " Wife": {
            "loss": 2.1347704887519856,
            "acc": 0.5062111801242236
        }
    },
    "race": {
        " Amer-Indian-Eskimo": {
            "loss": 0.6424689837448594,
            "acc": 0.7183098591549296
        },
        " Asian-Pac-Islander": {
            "loss": 1.6240439874862824,
            "acc": 0.6062176165803109
        },
        " Black": {
            "loss": 0.7465321072272201,
            "acc": 0.7408026755852842
        },
        " Other": {
            "loss": 0.47166404159087216,
            "acc": 0.7454545454545455
        },
        " White": {
            "loss": 1.2381666805593112,
            "acc": 0.6583839828387558
        }
    },
    "gender": {
        " Female": {
            "loss": 0.7351924083157648,
            "acc": 0.7445907808090311
        },
        " Male": {
            "loss": 1.412704415235936,
            "acc": 0.6275940706955531
        }
    },
    "hours-per-week": {
        "1-35": {
            "loss": 0.6096019945810984,
            "acc": 0.7737388724035609
        },
        "35-40": {
            "loss": 1.039704941028921,
            "acc": 0.6775007888923951
        },
        "40-50": {
            "loss": 1.8166793313867173,
            "acc": 0.58679706601467
        },
        "50-99": {
            "loss": 1.8410611922573785,
            "acc": 0.5541069100391134
        }
    }
}