{
    "age": {
        "17-26": {
            "loss": 0.44110177441614684,
            "acc": 0.7986301369863014
        },
        "26-33": {
            "loss": 1.057771685441281,
            "acc": 0.7079037800687286
        },
        "33-41": {
            "loss": 1.6255220727070643,
            "acc": 0.622839969947408
        },
        "41-50": {
            "loss": 1.8625601941749848,
            "acc": 0.5893141945773525
        },
        "50-90": {
            "loss": 1.6951071183241615,
            "acc": 0.6244239631336406
        }
    },
    "education": {
        " 10th": {
            "loss": 0.72102157499907,
            "acc": 0.73224043715847
        },
        " 11th": {
            "loss": 0.650686998326085,
            "acc": 0.7644444444444445
        },
        " 12th": {
            "loss": 0.6638774866532439,
            "acc": 0.7551020408163265
        },
        " 1st-4th": {
            "loss": 0.25086491438957415,
            "acc": 0.9130434782608695
        },
        " 5th-6th": {
            "loss": 0.5204250569926073,
            "acc": 0.7419354838709677
        },
        " 7th-8th": {
            "loss": 0.4348532456872157,
            "acc": 0.7872340425531915
        },
        " 9th": {
            "loss": 0.4425610314594497,
            "acc": 0.8
        },
        " Assoc-acdm": {
            "loss": 1.1293731353096563,
            "acc": 0.702020202020202
        },
        " Assoc-voc": {
            "loss": 1.3197850095685535,
            "acc": 0.6703296703296703
        },
        " Bachelors": {
            "loss": 2.093234982781791,
            "acc": 0.560303893637227
        },
        " Doctorate": {
            "loss": 3.572224708596033,
            "acc": 0.4025974025974026
        },
        " HS-grad": {
            "loss": 0.9979112900837511,
            "acc": 0.7196351416226596
        },
        " Masters": {
            "loss": 2.7877081974455558,
            "acc": 0.4715447154471545
        },
        " Preschool": {
            "loss": 0.4627823550086682,
            "acc": 0.7
        },
        " Prof-school": {
            "loss": 3.4351518530384193,
            "acc": 0.3448275862068966
        },
        " Some-college": {
            "loss": 1.0197132424406095,
            "acc": 0.7124579124579125
        }
    },
    "education-num": {
        "1-9": {
            "loss": 0.8765080374690452,
            "acc": 0.7333333333333333
        },
        "10-13": {
            "loss": 1.8294577593653214,
            "acc": 0.5984251968503937
        },
        "13-16": {
            "loss": 3.0288313921205736,
            "acc": 0.4359430604982206
        },
        "9-10": {
            "loss": 1.0197132424406095,
            "acc": 0.7124579124579125
        }
    },
    "relationship": {
        " Husband": {
            "loss": 2.1770417728602593,
            "acc": 0.5416988416988417
        },
        " Not-in-family": {
            "loss": 0.7495539913345292,
            "acc": 0.7613168724279835
        },
        " Other-relative": {
            "loss": 0.43409641778366764,
            "acc": 0.7796610169491526
        },
        " Own-child": {
            "loss": 0.44871736315944455,
            "acc": 0.7988223748773308
        },
        " Unmarried": {
            "loss": 0.5342968063818162,
            "acc": 0.7849002849002849
        },
        " Wife": {
            "loss": 2.356586070722002,
            "acc": 0.5279503105590062
        }
    },
    "race": {
        " Amer-Indian-Eskimo": {
            "loss": 0.6879564405420325,
            "acc": 0.676056338028169
        },
        " Asian-Pac-Islander": {
            "loss": 1.9000512089619432,
            "acc": 0.5958549222797928
        },
        " Black": {
            "loss": 0.7977482786345711,
            "acc": 0.7312186978297162
        },
        " Other": {
            "loss": 0.4509247565004906,
            "acc": 0.7636363636363637
        },
        " White": {
            "loss": 1.370158732649743,
            "acc": 0.6665474700518506
        }
    },
    "gender": {
        " Female": {
            "loss": 0.7834845615743975,
            "acc": 0.753527751646284
        },
        " Male": {
            "loss": 1.5771531322509984,
            "acc": 0.6314709236031927
        }
    },
    "hours-per-week": {
        "1-35": {
            "loss": 0.6325927490025971,
            "acc": 0.7857672349888807
        },
        "35-40": {
            "loss": 1.1388078633841359,
            "acc": 0.6843434343434344
        },
        "40-50": {
            "loss": 2.020965275035345,
            "acc": 0.58679706601467
        },
        "50-99": {
            "loss": 2.1390734560025977,
            "acc": 0.5514993481095176
        }
    }
}