{
    "forget_x": [
        0,
        0,
        0,
        1,
        0,
        0,
        0,
        0,
        0,
        0,
        0,
        0,
        0,
        0,
        0,
        0,
        1,
        0,
        0,
        0,
        0,
        1,
        0,
        0,
        0,
        0,
        0,
        0,
        0,
        1,
        0,
        0,
        0,
        1,
        0,
        0,
        1,
        0,
        0,
        1,
        0,
        0
    ],
    "forget_y": 0,
    "sample": {
        "age": "26-33",
        "education": " HS-grad",
        "education-num": "1-9",
        "relationship": " Other-relative",
        "race": " White",
        "gender": " Male",
        "hours-per-week": "35-40",
        "income": "<50k"
    },
    "performance": {
        "age": {
            "17-26": {
                "loss": 0.30622173055986474,
                "acc": 0.8534246575342466
            },
            "26-33": {
                "loss": 0.29440915633374326,
                "acc": 0.8486672398968186
            },
            "33-41": {
                "loss": 0.29601328453080344,
                "acc": 0.8519909842223892
            },
            "41-50": {
                "loss": 0.29951287295839163,
                "acc": 0.8572567783094099
            },
            "50-90": {
                "loss": 0.2891242923315633,
                "acc": 0.8602150537634409
            }
        },
        "education": {
            " 10th": {
                "loss": 0.337372237611693,
                "acc": 0.8469945355191257
            },
            " 11th": {
                "loss": 0.3045396282015193,
                "acc": 0.8622222222222222
            },
            " 12th": {
                "loss": 0.3571128583556247,
                "acc": 0.7959183673469388
            },
            " 1st-4th": {
                "loss": 0.24877193700454678,
                "acc": 0.8695652173913043
            },
            " 5th-6th": {
                "loss": 0.25166257308328727,
                "acc": 0.8548387096774194
            },
            " 7th-8th": {
                "loss": 0.2716680056748239,
                "acc": 0.8865248226950354
            },
            " 9th": {
                "loss": 0.2923110375028749,
                "acc": 0.8608695652173913
            },
            " Assoc-acdm": {
                "loss": 0.29907994497301227,
                "acc": 0.8484848484848485
            },
            " Assoc-voc": {
                "loss": 0.29156073039746894,
                "acc": 0.8571428571428571
            },
            " Bachelors": {
                "loss": 0.29578567048828797,
                "acc": 0.8583650190114068
            },
            " Doctorate": {
                "loss": 0.33020350723794184,
                "acc": 0.8701298701298701
            },
            " HS-grad": {
                "loss": 0.2942490654000995,
                "acc": 0.8502160345655305
            },
            " Masters": {
                "loss": 0.27518118734518465,
                "acc": 0.8644986449864499
            },
            " Preschool": {
                "loss": 0.40574854057796533,
                "acc": 0.8
            },
            " Prof-school": {
                "loss": 0.27439585849290443,
                "acc": 0.853448275862069
            },
            " Some-college": {
                "loss": 0.3038684646756085,
                "acc": 0.8545454545454545
            }
        },
        "education-num": {
            "1-9": {
                "loss": 0.29778288325733693,
                "acc": 0.851360544217687
            },
            "10-13": {
                "loss": 0.29545662104848613,
                "acc": 0.8568614576493763
            },
            "13-16": {
                "loss": 0.2825577362506609,
                "acc": 0.8629893238434164
            },
            "9-10": {
                "loss": 0.3038684646756085,
                "acc": 0.8545454545454545
            }
        },
        "relationship": {
            " Husband": {
                "loss": 0.2966487602534363,
                "acc": 0.8567567567567568
            },
            " Not-in-family": {
                "loss": 0.28548791583239336,
                "acc": 0.86
            },
            " Other-relative": {
                "loss": 0.20135598179981787,
                "acc": 0.9209039548022598
            },
            " Own-child": {
                "loss": 0.329437227938556,
                "acc": 0.8380765456329735
            },
            " Unmarried": {
                "loss": 0.3036416697261335,
                "acc": 0.8447293447293447
            },
            " Wife": {
                "loss": 0.3023648642310376,
                "acc": 0.8416149068322981
            }
        },
        "race": {
            " Amer-Indian-Eskimo": {
                "loss": 0.28530223992011194,
                "acc": 0.8309859154929577
            },
            " Asian-Pac-Islander": {
                "loss": 0.2577213686666659,
                "acc": 0.8860103626943006
            },
            " Black": {
                "loss": 0.2994370404244711,
                "acc": 0.8564273789649416
            },
            " Other": {
                "loss": 0.3016354642589127,
                "acc": 0.8363636363636363
            },
            " White": {
                "loss": 0.298561303203519,
                "acc": 0.8535407725321889
            }
        },
        "gender": {
            " Female": {
                "loss": 0.3030209790426945,
                "acc": 0.8489411764705882
            },
            " Male": {
                "loss": 0.294546099882291,
                "acc": 0.8570125427594071
            }
        },
        "hours-per-week": {
            "1-35": {
                "loss": 0.27184034513870947,
                "acc": 0.8702742772424018
            },
            "35-40": {
                "loss": 0.31317225205039584,
                "acc": 0.8452794442690243
            },
            "40-50": {
                "loss": 0.2843164193993509,
                "acc": 0.8598207008964955
            },
            "50-99": {
                "loss": 0.2974169934952287,
                "acc": 0.8552803129074316
            }
        }
    }
}