{
    "age": {
        "17-26": {
            "loss": 0.4725937706875826,
            "acc": 0.7821917808219178
        },
        "26-33": {
            "loss": 1.0817201558489342,
            "acc": 0.7004291845493562
        },
        "33-41": {
            "loss": 1.6515575126739508,
            "acc": 0.6115702479338843
        },
        "41-50": {
            "loss": 1.9034565239659478,
            "acc": 0.5865921787709497
        },
        "50-90": {
            "loss": 1.795646507590832,
            "acc": 0.6075268817204301
        }
    },
    "education": {
        " 10th": {
            "loss": 0.7133895295296498,
            "acc": 0.7213114754098361
        },
        " 11th": {
            "loss": 0.6709611806851619,
            "acc": 0.7288888888888889
        },
        " 12th": {
            "loss": 0.6326011817192956,
            "acc": 0.7755102040816326
        },
        " 1st-4th": {
            "loss": 0.2769130785872853,
            "acc": 0.8695652173913043
        },
        " 5th-6th": {
            "loss": 0.6087092428313815,
            "acc": 0.7419354838709677
        },
        " 7th-8th": {
            "loss": 0.5007824818537066,
            "acc": 0.7801418439716312
        },
        " 9th": {
            "loss": 0.4650835019591832,
            "acc": 0.8173913043478261
        },
        " Assoc-acdm": {
            "loss": 1.0837793085144225,
            "acc": 0.7070707070707071
        },
        " Assoc-voc": {
            "loss": 1.3653588416291647,
            "acc": 0.6703296703296703
        },
        " Bachelors": {
            "loss": 2.2009180667606345,
            "acc": 0.5593542260208927
        },
        " Doctorate": {
            "loss": 3.464857814337964,
            "acc": 0.4025974025974026
        },
        " HS-grad": {
            "loss": 1.0454575949012521,
            "acc": 0.7004320691310609
        },
        " Masters": {
            "loss": 2.800656111619397,
            "acc": 0.47696476964769646
        },
        " Preschool": {
            "loss": 0.5338905034940614,
            "acc": 0.7
        },
        " Prof-school": {
            "loss": 3.397771526588195,
            "acc": 0.3620689655172414
        },
        " Some-college": {
            "loss": 1.0621943577869113,
            "acc": 0.692929292929293
        }
    },
    "education-num": {
        "1-9": {
            "loss": 0.9165790636430491,
            "acc": 0.7170068027210884
        },
        "10-13": {
            "loss": 1.9061010440613964,
            "acc": 0.5984251968503937
        },
        "13-16": {
            "loss": 3.0149068576082048,
            "acc": 0.4430604982206406
        },
        "9-10": {
            "loss": 1.0621943577869113,
            "acc": 0.692929292929293
        }
    },
    "relationship": {
        " Husband": {
            "loss": 2.2277821191011338,
            "acc": 0.5382239382239382
        },
        " Not-in-family": {
            "loss": 0.7776570838001704,
            "acc": 0.746031746031746
        },
        " Other-relative": {
            "loss": 0.4620116001699949,
            "acc": 0.7752808988764045
        },
        " Own-child": {
            "loss": 0.4911101849496676,
            "acc": 0.7831207065750736
        },
        " Unmarried": {
            "loss": 0.5708852613003724,
            "acc": 0.7674750356633381
        },
        " Wife": {
            "loss": 2.471293211391091,
            "acc": 0.5
        }
    },
    "race": {
        " Amer-Indian-Eskimo": {
            "loss": 0.6198170077010104,
            "acc": 0.6901408450704225
        },
        " Asian-Pac-Islander": {
            "loss": 1.886274481161402,
            "acc": 0.5906735751295337
        },
        " Black": {
            "loss": 0.8860267636600093,
            "acc": 0.7140468227424749
        },
        " Other": {
            "loss": 0.5077521732491059,
            "acc": 0.7454545454545455
        },
        " White": {
            "loss": 1.4132192271972037,
            "acc": 0.6555237754737219
        }
    },
    "gender": {
        " Female": {
            "loss": 0.8160178430443553,
            "acc": 0.7355294117647059
        },
        " Male": {
            "loss": 1.6273002273324724,
            "acc": 0.6235750113999088
        }
    },
    "hours-per-week": {
        "1-35": {
            "loss": 0.6863207514159355,
            "acc": 0.7642698295033358
        },
        "35-40": {
            "loss": 1.1705409519814498,
            "acc": 0.6739267676767676
        },
        "40-50": {
            "loss": 2.1115013835367664,
            "acc": 0.5802770986145069
        },
        "50-99": {
            "loss": 2.146602459468791,
            "acc": 0.5475880052151239
        }
    }
}