{
    "forget_x": [
        1,
        0,
        0,
        0,
        0,
        0,
        1,
        0,
        0,
        0,
        0,
        0,
        0,
        0,
        0,
        0,
        0,
        0,
        0,
        0,
        0,
        1,
        0,
        0,
        0,
        0,
        0,
        0,
        1,
        0,
        0,
        0,
        0,
        0,
        0,
        1,
        1,
        0,
        1,
        0,
        0,
        0
    ],
    "forget_y": 0,
    "sample": {
        "age": "41-50",
        "education": " HS-grad",
        "education-num": "1-9",
        "relationship": " Unmarried",
        "race": " Black",
        "gender": " Female",
        "hours-per-week": "35-40",
        "income": "<50k"
    },
    "performance": {
        "age": {
            "17-26": {
                "loss": 0.2976283569381102,
                "acc": 0.8554794520547945
            },
            "26-33": {
                "loss": 0.2969522000607186,
                "acc": 0.8479381443298969
            },
            "33-41": {
                "loss": 0.3004684422275687,
                "acc": 0.8474830954169797
            },
            "41-50": {
                "loss": 0.2986123435517029,
                "acc": 0.8539505187549881
            },
            "50-90": {
                "loss": 0.28558304272050056,
                "acc": 0.8663594470046083
            }
        },
        "education": {
            " 10th": {
                "loss": 0.3357107819218055,
                "acc": 0.8524590163934426
            },
            " 11th": {
                "loss": 0.2998331877754229,
                "acc": 0.8488888888888889
            },
            " 12th": {
                "loss": 0.36088339893334676,
                "acc": 0.8163265306122449
            },
            " 1st-4th": {
                "loss": 0.23872492397893189,
                "acc": 0.9130434782608695
            },
            " 5th-6th": {
                "loss": 0.23945619879525773,
                "acc": 0.8870967741935484
            },
            " 7th-8th": {
                "loss": 0.2657997632732078,
                "acc": 0.8936170212765957
            },
            " 9th": {
                "loss": 0.2793262820627372,
                "acc": 0.8608695652173913
            },
            " Assoc-acdm": {
                "loss": 0.3090093507380234,
                "acc": 0.8383838383838383
            },
            " Assoc-voc": {
                "loss": 0.2796340299336476,
                "acc": 0.8717948717948718
            },
            " Bachelors": {
                "loss": 0.2977716129539733,
                "acc": 0.8536121673003803
            },
            " Doctorate": {
                "loss": 0.3431516201439745,
                "acc": 0.8311688311688312
            },
            " HS-grad": {
                "loss": 0.29456984903336647,
                "acc": 0.8492558809409505
            },
            " Masters": {
                "loss": 0.28445563405261637,
                "acc": 0.8726287262872628
            },
            " Preschool": {
                "loss": 0.39537033238019365,
                "acc": 0.7
            },
            " Prof-school": {
                "loss": 0.2809719563810015,
                "acc": 0.8706896551724138
            },
            " Some-college": {
                "loss": 0.29602717755070973,
                "acc": 0.8545454545454545
            }
        },
        "education-num": {
            "1-9": {
                "loss": 0.29651158467091593,
                "acc": 0.8517006802721089
            },
            "10-13": {
                "loss": 0.2959814041008496,
                "acc": 0.8548916611950098
            },
            "13-16": {
                "loss": 0.29177855988736245,
                "acc": 0.8665480427046264
            },
            "9-10": {
                "loss": 0.29602717755070973,
                "acc": 0.8545454545454545
            }
        },
        "relationship": {
            " Husband": {
                "loss": 0.2969969756343952,
                "acc": 0.8567567567567568
            },
            " Not-in-family": {
                "loss": 0.2860671229047416,
                "acc": 0.8564705882352941
            },
            " Other-relative": {
                "loss": 0.21472640836997414,
                "acc": 0.9213483146067416
            },
            " Own-child": {
                "loss": 0.31676901698641885,
                "acc": 0.8439646712463199
            },
            " Unmarried": {
                "loss": 0.2989228174980801,
                "acc": 0.8516405135520685
            },
            " Wife": {
                "loss": 0.310601077022593,
                "acc": 0.8260869565217391
            }
        },
        "race": {
            " Amer-Indian-Eskimo": {
                "loss": 0.2823509794667499,
                "acc": 0.8450704225352113
            },
            " Asian-Pac-Islander": {
                "loss": 0.2627400878291446,
                "acc": 0.8756476683937824
            },
            " Black": {
                "loss": 0.3066005744891597,
                "acc": 0.8494983277591973
            },
            " Other": {
                "loss": 0.2761137289801257,
                "acc": 0.8909090909090909
            },
            " White": {
                "loss": 0.29623001815948535,
                "acc": 0.8539245485428214
            }
        },
        "gender": {
            " Female": {
                "loss": 0.29983553041282845,
                "acc": 0.85075329566855
            },
            " Male": {
                "loss": 0.29394732788434663,
                "acc": 0.8561331509347925
            }
        },
        "hours-per-week": {
            "1-35": {
                "loss": 0.2734818524098787,
                "acc": 0.8717568569310601
            },
            "35-40": {
                "loss": 0.3076536389892953,
                "acc": 0.843700663088096
            },
            "40-50": {
                "loss": 0.2875917658955121,
                "acc": 0.8606356968215159
            },
            "50-99": {
                "loss": 0.29982067322525896,
                "acc": 0.8578878748370273
            }
        }
    }
}