{
    "forget_x": [
        0,
        0,
        1,
        0,
        0,
        0,
        0,
        0,
        0,
        0,
        0,
        0,
        0,
        0,
        0,
        0,
        0,
        0,
        0,
        0,
        1,
        0,
        0,
        0,
        1,
        0,
        1,
        0,
        0,
        0,
        0,
        0,
        0,
        0,
        0,
        1,
        0,
        1,
        0,
        1,
        0,
        0
    ],
    "forget_y": 0,
    "sample": {
        "age": "26-33",
        "education": " Some-college",
        "education-num": "9-10",
        "relationship": " Not-in-family",
        "race": " Other",
        "gender": " Male",
        "hours-per-week": "35-40",
        "income": "<50k"
    },
    "performance": {
        "age": {
            "17-26": {
                "loss": 0.30385310226231793,
                "acc": 0.8575342465753425
            },
            "26-33": {
                "loss": 0.2962510833447929,
                "acc": 0.8529664660361135
            },
            "33-41": {
                "loss": 0.29860392516474626,
                "acc": 0.8557475582268971
            },
            "41-50": {
                "loss": 0.30183928062993687,
                "acc": 0.8596491228070176
            },
            "50-90": {
                "loss": 0.291740559785242,
                "acc": 0.8563748079877113
            }
        },
        "education": {
            " 10th": {
                "loss": 0.34508553612008586,
                "acc": 0.8415300546448088
            },
            " 11th": {
                "loss": 0.30187233042276096,
                "acc": 0.8755555555555555
            },
            " 12th": {
                "loss": 0.3552296770651961,
                "acc": 0.826530612244898
            },
            " 1st-4th": {
                "loss": 0.2501977897294607,
                "acc": 0.8695652173913043
            },
            " 5th-6th": {
                "loss": 0.2455765595429175,
                "acc": 0.8548387096774194
            },
            " 7th-8th": {
                "loss": 0.2649429909721451,
                "acc": 0.8865248226950354
            },
            " 9th": {
                "loss": 0.2901911960884137,
                "acc": 0.8695652173913043
            },
            " Assoc-acdm": {
                "loss": 0.30953258952156854,
                "acc": 0.8383838383838383
            },
            " Assoc-voc": {
                "loss": 0.2824071516685881,
                "acc": 0.8608058608058609
            },
            " Bachelors": {
                "loss": 0.2969098207852186,
                "acc": 0.8583650190114068
            },
            " Doctorate": {
                "loss": 0.33487875159708086,
                "acc": 0.8571428571428571
            },
            " HS-grad": {
                "loss": 0.2979571738401785,
                "acc": 0.8512476007677543
            },
            " Masters": {
                "loss": 0.28548083558444654,
                "acc": 0.8726287262872628
            },
            " Preschool": {
                "loss": 0.4060699512788039,
                "acc": 0.7
            },
            " Prof-school": {
                "loss": 0.2915157088349059,
                "acc": 0.8706896551724138
            },
            " Some-college": {
                "loss": 0.3003269869382521,
                "acc": 0.8571428571428571
            }
        },
        "education-num": {
            "1-9": {
                "loss": 0.3001010305120316,
                "acc": 0.8537912274736484
            },
            "10-13": {
                "loss": 0.2959512387372591,
                "acc": 0.8562048588312541
            },
            "13-16": {
                "loss": 0.2934945096592261,
                "acc": 0.8701067615658363
            },
            "9-10": {
                "loss": 0.3003269869382521,
                "acc": 0.8571428571428571
            }
        },
        "relationship": {
            " Husband": {
                "loss": 0.2991030525353086,
                "acc": 0.855984555984556
            },
            " Not-in-family": {
                "loss": 0.29103817741006444,
                "acc": 0.8616833431430253
            },
            " Other-relative": {
                "loss": 0.21758567728479558,
                "acc": 0.9213483146067416
            },
            " Own-child": {
                "loss": 0.3218125407084895,
                "acc": 0.8400392541707556
            },
            " Unmarried": {
                "loss": 0.29698611619623805,
                "acc": 0.8589743589743589
            },
            " Wife": {
                "loss": 0.30952726019574983,
                "acc": 0.84472049689441
            }
        },
        "race": {
            " Amer-Indian-Eskimo": {
                "loss": 0.28953789202485464,
                "acc": 0.8450704225352113
            },
            " Asian-Pac-Islander": {
                "loss": 0.2728474373028257,
                "acc": 0.8911917098445595
            },
            " Black": {
                "loss": 0.2994611087982943,
                "acc": 0.8497495826377296
            },
            " Other": {
                "loss": 0.32087521415570414,
                "acc": 0.8333333333333334
            },
            " White": {
                "loss": 0.29930964042727853,
                "acc": 0.8564276774539603
            }
        },
        "gender": {
            " Female": {
                "loss": 0.3015266624459366,
                "acc": 0.8531764705882353
            },
            " Male": {
                "loss": 0.29719860266361714,
                "acc": 0.8581527936145952
            }
        },
        "hours-per-week": {
            "1-35": {
                "loss": 0.27811714882292754,
                "acc": 0.8732394366197183
            },
            "35-40": {
                "loss": 0.3098841105708634,
                "acc": 0.847489737922324
            },
            "40-50": {
                "loss": 0.2918456178684994,
                "acc": 0.8622656886715566
            },
            "50-99": {
                "loss": 0.2989340877612513,
                "acc": 0.8552803129074316
            }
        }
    }
}