{
    "age": {
        "17-26": {
            "loss": 0.4639579517390237,
            "acc": 0.7821917808219178
        },
        "26-33": {
            "loss": 1.1118001808867715,
            "acc": 0.6941580756013745
        },
        "33-41": {
            "loss": 1.6539409615403666,
            "acc": 0.6115702479338843
        },
        "41-50": {
            "loss": 1.8632918233025149,
            "acc": 0.5797448165869219
        },
        "50-90": {
            "loss": 1.7392683374736633,
            "acc": 0.6129032258064516
        }
    },
    "education": {
        " 10th": {
            "loss": 0.7726009880915795,
            "acc": 0.7049180327868853
        },
        " 11th": {
            "loss": 0.6813907963988901,
            "acc": 0.7422222222222222
        },
        " 12th": {
            "loss": 0.6674917439115754,
            "acc": 0.7857142857142857
        },
        " 1st-4th": {
            "loss": 0.2823166120736876,
            "acc": 0.8695652173913043
        },
        " 5th-6th": {
            "loss": 0.4971644439811841,
            "acc": 0.7741935483870968
        },
        " 7th-8th": {
            "loss": 0.48224698039840064,
            "acc": 0.7872340425531915
        },
        " 9th": {
            "loss": 0.44262257665029286,
            "acc": 0.8
        },
        " Assoc-acdm": {
            "loss": 1.1397165375483393,
            "acc": 0.6919191919191919
        },
        " Assoc-voc": {
            "loss": 1.3859597366805758,
            "acc": 0.6593406593406593
        },
        " Bachelors": {
            "loss": 2.1341912381041594,
            "acc": 0.5432098765432098
        },
        " Doctorate": {
            "loss": 3.6315335715627106,
            "acc": 0.4025974025974026
        },
        " HS-grad": {
            "loss": 1.038146635611285,
            "acc": 0.7053742802303263
        },
        " Masters": {
            "loss": 2.836997155091054,
            "acc": 0.47696476964769646
        },
        " Preschool": {
            "loss": 0.46406126670662273,
            "acc": 0.7
        },
        " Prof-school": {
            "loss": 3.2830950095102813,
            "acc": 0.35344827586206895
        },
        " Some-college": {
            "loss": 1.0315931595343577,
            "acc": 0.694743935309973
        }
    },
    "education-num": {
        "1-9": {
            "loss": 0.912773614535978,
            "acc": 0.7211832709962598
        },
        "10-13": {
            "loss": 1.8709542363989797,
            "acc": 0.5833333333333334
        },
        "13-16": {
            "loss": 3.0379342639539497,
            "acc": 0.4412811387900356
        },
        "9-10": {
            "loss": 1.0315931595343577,
            "acc": 0.694743935309973
        }
    },
    "relationship": {
        " Husband": {
            "loss": 2.224620421913363,
            "acc": 0.5335907335907336
        },
        " Not-in-family": {
            "loss": 0.7486435729745589,
            "acc": 0.7470588235294118
        },
        " Other-relative": {
            "loss": 0.42010208778074176,
            "acc": 0.7808988764044944
        },
        " Own-child": {
            "loss": 0.4846727376755986,
            "acc": 0.7772325809617272
        },
        " Unmarried": {
            "loss": 0.5720011121328171,
            "acc": 0.7706552706552706
        },
        " Wife": {
            "loss": 2.3892525554890156,
            "acc": 0.5124223602484472
        }
    },
    "race": {
        " Amer-Indian-Eskimo": {
            "loss": 0.6736946763326666,
            "acc": 0.676056338028169
        },
        " Asian-Pac-Islander": {
            "loss": 1.8584551848237965,
            "acc": 0.5803108808290155
        },
        " Black": {
            "loss": 0.8336010016298783,
            "acc": 0.7245409015025042
        },
        " Other": {
            "loss": 0.5046019308177274,
            "acc": 0.7222222222222222
        },
        " White": {
            "loss": 1.4016651921312824,
            "acc": 0.653557382910261
        }
    },
    "gender": {
        " Female": {
            "loss": 0.8056182288854883,
            "acc": 0.7384760112888052
        },
        " Male": {
            "loss": 1.610321643581051,
            "acc": 0.6200684150513113
        }
    },
    "hours-per-week": {
        "1-35": {
            "loss": 0.6710698812938637,
            "acc": 0.7664936990363233
        },
        "35-40": {
            "loss": 1.1608286365957896,
            "acc": 0.6701388888888888
        },
        "40-50": {
            "loss": 2.0561967893274486,
            "acc": 0.582722086389568
        },
        "50-99": {
            "loss": 2.1750624649384704,
            "acc": 0.5436766623207301
        }
    }
}