{
    "age": {
        "17-26": {
            "loss": 0.4602617078913976,
            "acc": 0.7773972602739726
        },
        "26-33": {
            "loss": 1.0307319512575028,
            "acc": 0.7047210300429184
        },
        "33-41": {
            "loss": 1.5396719254796607,
            "acc": 0.6097744360902255
        },
        "41-50": {
            "loss": 1.775657736396408,
            "acc": 0.5829346092503987
        },
        "50-90": {
            "loss": 1.6523479696872414,
            "acc": 0.609062980030722
        }
    },
    "education": {
        " 10th": {
            "loss": 0.674999958974595,
            "acc": 0.6994535519125683
        },
        " 11th": {
            "loss": 0.629327237048139,
            "acc": 0.7111111111111111
        },
        " 12th": {
            "loss": 0.6340387764912401,
            "acc": 0.7755102040816326
        },
        " 1st-4th": {
            "loss": 0.28653587860023866,
            "acc": 0.8695652173913043
        },
        " 5th-6th": {
            "loss": 0.5081982665989523,
            "acc": 0.7258064516129032
        },
        " 7th-8th": {
            "loss": 0.4626931841750781,
            "acc": 0.7730496453900709
        },
        " 9th": {
            "loss": 0.4606669886911055,
            "acc": 0.8
        },
        " Assoc-acdm": {
            "loss": 1.0354905176573173,
            "acc": 0.6818181818181818
        },
        " Assoc-voc": {
            "loss": 1.226249870999143,
            "acc": 0.6776556776556777
        },
        " Bachelors": {
            "loss": 2.0289922627043953,
            "acc": 0.5517568850902185
        },
        " Doctorate": {
            "loss": 3.230286234023279,
            "acc": 0.4155844155844156
        },
        " HS-grad": {
            "loss": 0.9922199861822484,
            "acc": 0.7033125300048008
        },
        " Masters": {
            "loss": 2.6765207738789254,
            "acc": 0.4932249322493225
        },
        " Preschool": {
            "loss": 0.5212803424688551,
            "acc": 0.6
        },
        " Prof-school": {
            "loss": 3.145879672697521,
            "acc": 0.33620689655172414
        },
        " Some-college": {
            "loss": 0.9867921765022551,
            "acc": 0.6976430976430976
        }
    },
    "education-num": {
        "1-9": {
            "loss": 0.869245413595832,
            "acc": 0.714625850340136
        },
        "10-13": {
            "loss": 1.7561169225109217,
            "acc": 0.5912073490813649
        },
        "13-16": {
            "loss": 2.8492709032278074,
            "acc": 0.4501779359430605
        },
        "9-10": {
            "loss": 0.9867921765022551,
            "acc": 0.6976430976430976
        }
    },
    "relationship": {
        " Husband": {
            "loss": 2.0662959922467867,
            "acc": 0.5347490347490348
        },
        " Not-in-family": {
            "loss": 0.7434478747668857,
            "acc": 0.7454438565549677
        },
        " Other-relative": {
            "loss": 0.44928610010941206,
            "acc": 0.7696629213483146
        },
        " Own-child": {
            "loss": 0.47268681193382944,
            "acc": 0.774288518155054
        },
        " Unmarried": {
            "loss": 0.5392634671726613,
            "acc": 0.7763532763532763
        },
        " Wife": {
            "loss": 2.311729406745669,
            "acc": 0.5202492211838006
        }
    },
    "race": {
        " Amer-Indian-Eskimo": {
            "loss": 0.6566378792240328,
            "acc": 0.6619718309859155
        },
        " Asian-Pac-Islander": {
            "loss": 1.7539771515384457,
            "acc": 0.5906735751295337
        },
        " Black": {
            "loss": 0.80654334360545,
            "acc": 0.7278797996661102
        },
        " Other": {
            "loss": 0.4673487244788524,
            "acc": 0.7454545454545455
        },
        " White": {
            "loss": 1.3239080660218923,
            "acc": 0.6531378508850348
        }
    },
    "gender": {
        " Female": {
            "loss": 0.7804671759312329,
            "acc": 0.739764705882353
        },
        " Male": {
            "loss": 1.5139278583548552,
            "acc": 0.6199270405836753
        }
    },
    "hours-per-week": {
        "1-35": {
            "loss": 0.6539149594220898,
            "acc": 0.7679762787249814
        },
        "35-40": {
            "loss": 1.105571284529752,
            "acc": 0.6695075757575758
        },
        "40-50": {
            "loss": 1.9572972421358978,
            "acc": 0.5802770986145069
        },
        "50-99": {
            "loss": 1.9718324769842017,
            "acc": 0.5501955671447197
        }
    }
}