{
    "forget_x": [
        0,
        0,
        0,
        0,
        1,
        0,
        0,
        0,
        0,
        0,
        0,
        0,
        0,
        0,
        0,
        0,
        0,
        0,
        0,
        0,
        1,
        0,
        0,
        0,
        1,
        1,
        0,
        0,
        0,
        0,
        0,
        0,
        0,
        0,
        0,
        1,
        0,
        1,
        0,
        1,
        0,
        0
    ],
    "forget_y": 0,
    "sample": {
        "age": "33-41",
        "education": " HS-grad",
        "education-num": "1-9",
        "relationship": " Wife",
        "race": " White",
        "gender": " Female",
        "hours-per-week": "35-40",
        "income": ">=50k"
    },
    "performance": {
        "age": {
            "17-26": {
                "loss": 0.31075099855782295,
                "acc": 0.852054794520548
            },
            "26-33": {
                "loss": 0.3042024203663021,
                "acc": 0.8462199312714777
            },
            "33-41": {
                "loss": 0.3005499523733615,
                "acc": 0.856390977443609
            },
            "41-50": {
                "loss": 0.3093903737724068,
                "acc": 0.8604465709728868
            },
            "50-90": {
                "loss": 0.29808757773769506,
                "acc": 0.8571428571428571
            }
        },
        "education": {
            " 10th": {
                "loss": 0.34607516780909026,
                "acc": 0.8469945355191257
            },
            " 11th": {
                "loss": 0.3085143569465342,
                "acc": 0.8533333333333334
            },
            " 12th": {
                "loss": 0.36817787757145204,
                "acc": 0.8061224489795918
            },
            " 1st-4th": {
                "loss": 0.2688380398730419,
                "acc": 0.8260869565217391
            },
            " 5th-6th": {
                "loss": 0.24010371680757256,
                "acc": 0.8709677419354839
            },
            " 7th-8th": {
                "loss": 0.26884932725043015,
                "acc": 0.8865248226950354
            },
            " 9th": {
                "loss": 0.29371347952368176,
                "acc": 0.8608695652173913
            },
            " Assoc-acdm": {
                "loss": 0.29886329356979124,
                "acc": 0.8484848484848485
            },
            " Assoc-voc": {
                "loss": 0.28857747229696235,
                "acc": 0.8498168498168498
            },
            " Bachelors": {
                "loss": 0.2992723011964956,
                "acc": 0.8612167300380228
            },
            " Doctorate": {
                "loss": 0.34429180342296245,
                "acc": 0.8441558441558441
            },
            " HS-grad": {
                "loss": 0.3057016580159476,
                "acc": 0.8506961113778204
            },
            " Masters": {
                "loss": 0.27897004611707915,
                "acc": 0.8753387533875339
            },
            " Preschool": {
                "loss": 0.4028079683670175,
                "acc": 0.8
            },
            " Prof-school": {
                "loss": 0.3235856428437248,
                "acc": 0.8362068965517241
            },
            " Some-college": {
                "loss": 0.3107337450556178,
                "acc": 0.8545454545454545
            }
        },
        "education-num": {
            "1-9": {
                "loss": 0.30693471496653246,
                "acc": 0.851360544217687
            },
            "10-13": {
                "loss": 0.29730206363926587,
                "acc": 0.8575180564674983
            },
            "13-16": {
                "loss": 0.2971287374566593,
                "acc": 0.8629893238434164
            },
            "9-10": {
                "loss": 0.3107337450556178,
                "acc": 0.8545454545454545
            }
        },
        "relationship": {
            " Husband": {
                "loss": 0.306062696251692,
                "acc": 0.8525096525096525
            },
            " Not-in-family": {
                "loss": 0.29131681720610725,
                "acc": 0.861764705882353
            },
            " Other-relative": {
                "loss": 0.21106087886767538,
                "acc": 0.9157303370786517
            },
            " Own-child": {
                "loss": 0.3354309472737461,
                "acc": 0.8361138370951914
            },
            " Unmarried": {
                "loss": 0.30521195802619694,
                "acc": 0.8589743589743589
            },
            " Wife": {
                "loss": 0.31785771961182646,
                "acc": 0.8473520249221184
            }
        },
        "race": {
            " Amer-Indian-Eskimo": {
                "loss": 0.29009089348380496,
                "acc": 0.8450704225352113
            },
            " Asian-Pac-Islander": {
                "loss": 0.2813650094289951,
                "acc": 0.8808290155440415
            },
            " Black": {
                "loss": 0.29206876776130297,
                "acc": 0.8731218697829716
            },
            " Other": {
                "loss": 0.34042735372365446,
                "acc": 0.8363636363636363
            },
            " White": {
                "loss": 0.3066939324358876,
                "acc": 0.851931330472103
            }
        },
        "gender": {
            " Female": {
                "loss": 0.3085605293667099,
                "acc": 0.8554613935969868
            },
            " Male": {
                "loss": 0.30283230789045895,
                "acc": 0.8540811673506612
            }
        },
        "hours-per-week": {
            "1-35": {
                "loss": 0.28673665090032396,
                "acc": 0.8724981467753892
            },
            "35-40": {
                "loss": 0.31642768099302326,
                "acc": 0.8459109567413956
            },
            "40-50": {
                "loss": 0.29289206103184173,
                "acc": 0.8557457212713936
            },
            "50-99": {
                "loss": 0.3067696220690095,
                "acc": 0.8565840938722294
            }
        }
    }
}