{
    "age": {
        "17-26": {
            "loss": 0.516208333294386,
            "acc": 0.7520547945205479
        },
        "26-33": {
            "loss": 0.9940965237497019,
            "acc": 0.6849785407725322
        },
        "33-41": {
            "loss": 1.427316112265199,
            "acc": 0.6018031555221638
        },
        "41-50": {
            "loss": 1.6303247711248985,
            "acc": 0.5709728867623605
        },
        "50-90": {
            "loss": 1.5094986491971984,
            "acc": 0.5995388162951576
        }
    },
    "education": {
        " 10th": {
            "loss": 0.702623843092408,
            "acc": 0.6994535519125683
        },
        " 11th": {
            "loss": 0.6726458658859124,
            "acc": 0.6977777777777778
        },
        " 12th": {
            "loss": 0.6689831803359699,
            "acc": 0.7448979591836735
        },
        " 1st-4th": {
            "loss": 0.34472377742883537,
            "acc": 0.8695652173913043
        },
        " 5th-6th": {
            "loss": 0.5685166928442562,
            "acc": 0.7096774193548387
        },
        " 7th-8th": {
            "loss": 0.5011323983167663,
            "acc": 0.7588652482269503
        },
        " 9th": {
            "loss": 0.4899539431342971,
            "acc": 0.7739130434782608
        },
        " Assoc-acdm": {
            "loss": 1.0427383524949003,
            "acc": 0.6666666666666666
        },
        " Assoc-voc": {
            "loss": 1.1494366334782617,
            "acc": 0.6593406593406593
        },
        " Bachelors": {
            "loss": 1.839099732625978,
            "acc": 0.5365622032288699
        },
        " Doctorate": {
            "loss": 3.038645092014354,
            "acc": 0.38961038961038963
        },
        " HS-grad": {
            "loss": 0.9632827873670222,
            "acc": 0.6871401151631478
        },
        " Masters": {
            "loss": 2.3426628739548283,
            "acc": 0.4742547425474255
        },
        " Preschool": {
            "loss": 0.5951196204506128,
            "acc": 0.6
        },
        " Prof-school": {
            "loss": 2.936302288046466,
            "acc": 0.3217391304347826
        },
        " Some-college": {
            "loss": 0.9412838421481549,
            "acc": 0.6855218855218855
        }
    },
    "education-num": {
        "1-9": {
            "loss": 0.8599453972529312,
            "acc": 0.699081944916695
        },
        "10-13": {
            "loss": 1.6120934469742205,
            "acc": 0.5754593175853019
        },
        "13-16": {
            "loss": 2.5598806340459546,
            "acc": 0.43137254901960786
        },
        "9-10": {
            "loss": 0.9412838421481549,
            "acc": 0.6855218855218855
        }
    },
    "relationship": {
        " Husband": {
            "loss": 1.88896830700168,
            "acc": 0.5264580919273851
        },
        " Not-in-family": {
            "loss": 0.733967409638886,
            "acc": 0.7283950617283951
        },
        " Other-relative": {
            "loss": 0.4707721997338464,
            "acc": 0.7584269662921348
        },
        " Own-child": {
            "loss": 0.520844413388195,
            "acc": 0.7477919528949951
        },
        " Unmarried": {
            "loss": 0.5832150004344145,
            "acc": 0.7507122507122507
        },
        " Wife": {
            "loss": 2.039928627565565,
            "acc": 0.5186335403726708
        }
    },
    "race": {
        " Amer-Indian-Eskimo": {
            "loss": 0.7001915971901731,
            "acc": 0.6619718309859155
        },
        " Asian-Pac-Islander": {
            "loss": 1.6256741952033296,
            "acc": 0.5699481865284974
        },
        " Black": {
            "loss": 0.8024288497519843,
            "acc": 0.7011686143572621
        },
        " Other": {
            "loss": 0.546517618712982,
            "acc": 0.7090909090909091
        },
        " White": {
            "loss": 1.2418464678515952,
            "acc": 0.639549436795995
        }
    },
    "gender": {
        " Female": {
            "loss": 0.7778213467665115,
            "acc": 0.7177798682972719
        },
        " Male": {
            "loss": 1.40619867379105,
            "acc": 0.6082098061573546
        }
    },
    "hours-per-week": {
        "1-35": {
            "loss": 0.6580914779093121,
            "acc": 0.7435137138621201
        },
        "35-40": {
            "loss": 1.0646877717999945,
            "acc": 0.6556186868686869
        },
        "40-50": {
            "loss": 1.7571653628029313,
            "acc": 0.5729421352893236
        },
        "50-99": {
            "loss": 1.8293236021879216,
            "acc": 0.5345501955671447
        }
    }
}