{
    "age": {
        "17-26": {
            "loss": 0.30653539749121783,
            "acc": 0.85
        },
        "26-33": {
            "loss": 0.2972527100429182,
            "acc": 0.8539518900343642
        },
        "33-41": {
            "loss": 0.2954809855288852,
            "acc": 0.8549962434259955
        },
        "41-50": {
            "loss": 0.2985024925874425,
            "acc": 0.8588516746411483
        },
        "50-90": {
            "loss": 0.2943004159381316,
            "acc": 0.8585703305149884
        }
    },
    "education": {
        " 10th": {
            "loss": 0.3375965263997674,
            "acc": 0.8415300546448088
        },
        " 11th": {
            "loss": 0.30051830876612007,
            "acc": 0.88
        },
        " 12th": {
            "loss": 0.36509168596198865,
            "acc": 0.826530612244898
        },
        " 1st-4th": {
            "loss": 0.27423466531298674,
            "acc": 0.8695652173913043
        },
        " 5th-6th": {
            "loss": 0.25855397438377803,
            "acc": 0.8387096774193549
        },
        " 7th-8th": {
            "loss": 0.2673925251735245,
            "acc": 0.8865248226950354
        },
        " 9th": {
            "loss": 0.29390780034496816,
            "acc": 0.8521739130434782
        },
        " Assoc-acdm": {
            "loss": 0.30570140191854944,
            "acc": 0.8383838383838383
        },
        " Assoc-voc": {
            "loss": 0.2703208096652432,
            "acc": 0.8644688644688645
        },
        " Bachelors": {
            "loss": 0.30343644907566697,
            "acc": 0.8526615969581749
        },
        " Doctorate": {
            "loss": 0.33952037908904875,
            "acc": 0.8441558441558441
        },
        " HS-grad": {
            "loss": 0.29435265216229056,
            "acc": 0.8541266794625719
        },
        " Masters": {
            "loss": 0.28456003749135217,
            "acc": 0.8617886178861789
        },
        " Preschool": {
            "loss": 0.469071645484631,
            "acc": 0.7
        },
        " Prof-school": {
            "loss": 0.28447160786026493,
            "acc": 0.8695652173913043
        },
        " Some-college": {
            "loss": 0.3026919414411174,
            "acc": 0.8552188552188552
        }
    },
    "education-num": {
        "1-9": {
            "loss": 0.29824444045970716,
            "acc": 0.8551513090785448
        },
        "10-13": {
            "loss": 0.2977948805292753,
            "acc": 0.8529218647406435
        },
        "13-16": {
            "loss": 0.29208548650284516,
            "acc": 0.8609625668449198
        },
        "9-10": {
            "loss": 0.3026919414411174,
            "acc": 0.8552188552188552
        }
    },
    "relationship": {
        " Husband": {
            "loss": 0.2932284681336704,
            "acc": 0.857860177674778
        },
        " Not-in-family": {
            "loss": 0.29727318373846706,
            "acc": 0.8588235294117647
        },
        " Other-relative": {
            "loss": 0.22401718305132964,
            "acc": 0.9044943820224719
        },
        " Own-child": {
            "loss": 0.32467072854677587,
            "acc": 0.8410206084396468
        },
        " Unmarried": {
            "loss": 0.3039268517052758,
            "acc": 0.8447293447293447
        },
        " Wife": {
            "loss": 0.2963723483955622,
            "acc": 0.8540372670807453
        }
    },
    "race": {
        " Amer-Indian-Eskimo": {
            "loss": 0.3083479326318329,
            "acc": 0.8169014084507042
        },
        " Asian-Pac-Islander": {
            "loss": 0.2650500828296145,
            "acc": 0.9015544041450777
        },
        " Black": {
            "loss": 0.3061082171865574,
            "acc": 0.8447412353923205
        },
        " Other": {
            "loss": 0.3240328183495799,
            "acc": 0.8181818181818182
        },
        " White": {
            "loss": 0.2986065803110342,
            "acc": 0.8555078683834049
        }
    },
    "gender": {
        " Female": {
            "loss": 0.30528646783923075,
            "acc": 0.8498823529411764
        },
        " Male": {
            "loss": 0.29539389948640327,
            "acc": 0.85769669327252
        }
    },
    "hours-per-week": {
        "1-35": {
            "loss": 0.28330151406577353,
            "acc": 0.8680504077094143
        },
        "35-40": {
            "loss": 0.3098062706763878,
            "acc": 0.8471739816861383
        },
        "40-50": {
            "loss": 0.28613096910128905,
            "acc": 0.8590057049714751
        },
        "50-99": {
            "loss": 0.2993782172257012,
            "acc": 0.8591916558018253
        }
    }
}