{
    "forget_x": [
        0,
        0,
        1,
        0,
        0,
        0,
        0,
        0,
        0,
        0,
        0,
        0,
        1,
        0,
        0,
        0,
        0,
        0,
        0,
        0,
        0,
        0,
        1,
        0,
        0,
        0,
        0,
        0,
        0,
        0,
        1,
        0,
        0,
        0,
        0,
        1,
        1,
        0,
        1,
        0,
        0,
        0
    ],
    "forget_y": 1,
    "sample": {
        "age": "50-90",
        "education": " Prof-school",
        "education-num": "13-16",
        "relationship": " Husband",
        "race": " White",
        "gender": " Male",
        "hours-per-week": "35-40",
        "income": "<50k"
    },
    "performance": {
        "age": {
            "17-26": {
                "loss": 0.30316262872302335,
                "acc": 0.8547945205479452
            },
            "26-33": {
                "loss": 0.29283454390861074,
                "acc": 0.8539518900343642
            },
            "33-41": {
                "loss": 0.2971625124839654,
                "acc": 0.8474830954169797
            },
            "41-50": {
                "loss": 0.2964316645171689,
                "acc": 0.8596491228070176
            },
            "50-90": {
                "loss": 0.29621895622005984,
                "acc": 0.8531898539584934
            }
        },
        "education": {
            " 10th": {
                "loss": 0.33832130911120295,
                "acc": 0.8415300546448088
            },
            " 11th": {
                "loss": 0.2933331577135976,
                "acc": 0.8666666666666667
            },
            " 12th": {
                "loss": 0.3476695644619932,
                "acc": 0.8469387755102041
            },
            " 1st-4th": {
                "loss": 0.24164255110555838,
                "acc": 0.8695652173913043
            },
            " 5th-6th": {
                "loss": 0.2580920425052986,
                "acc": 0.8387096774193549
            },
            " 7th-8th": {
                "loss": 0.26356696403396557,
                "acc": 0.8794326241134752
            },
            " 9th": {
                "loss": 0.29811082404622735,
                "acc": 0.8521739130434782
            },
            " Assoc-acdm": {
                "loss": 0.304889141760679,
                "acc": 0.8383838383838383
            },
            " Assoc-voc": {
                "loss": 0.2804838303264256,
                "acc": 0.8608058608058609
            },
            " Bachelors": {
                "loss": 0.3004014224529601,
                "acc": 0.8526615969581749
            },
            " Doctorate": {
                "loss": 0.3204769726008828,
                "acc": 0.8441558441558441
            },
            " HS-grad": {
                "loss": 0.2948584073913149,
                "acc": 0.8526871401151631
            },
            " Masters": {
                "loss": 0.27998559554235847,
                "acc": 0.8672086720867209
            },
            " Preschool": {
                "loss": 0.397118255862851,
                "acc": 0.7
            },
            " Prof-school": {
                "loss": 0.29216942234172283,
                "acc": 0.8695652173913043
            },
            " Some-college": {
                "loss": 0.30175578463845526,
                "acc": 0.8518518518518519
            }
        },
        "education-num": {
            "1-9": {
                "loss": 0.29698934135912103,
                "acc": 0.8534512070724244
            },
            "10-13": {
                "loss": 0.297414597615393,
                "acc": 0.8522652659225214
            },
            "13-16": {
                "loss": 0.2880408114343967,
                "acc": 0.8645276292335116
            },
            "9-10": {
                "loss": 0.30175578463845526,
                "acc": 0.8518518518518519
            }
        },
        "relationship": {
            " Husband": {
                "loss": 0.29439393662346924,
                "acc": 0.8574739281575898
            },
            " Not-in-family": {
                "loss": 0.29232277639133175,
                "acc": 0.8541176470588235
            },
            " Other-relative": {
                "loss": 0.2183536073473023,
                "acc": 0.898876404494382
            },
            " Own-child": {
                "loss": 0.3226349436941382,
                "acc": 0.8380765456329735
            },
            " Unmarried": {
                "loss": 0.30568211039121945,
                "acc": 0.8518518518518519
            },
            " Wife": {
                "loss": 0.2942574767018992,
                "acc": 0.8509316770186336
            }
        },
        "race": {
            " Amer-Indian-Eskimo": {
                "loss": 0.2964328854521549,
                "acc": 0.8450704225352113
            },
            " Asian-Pac-Islander": {
                "loss": 0.2691281231700112,
                "acc": 0.8860103626943006
            },
            " Black": {
                "loss": 0.308008147364198,
                "acc": 0.8430717863105175
            },
            " Other": {
                "loss": 0.34970568890115666,
                "acc": 0.8181818181818182
            },
            " White": {
                "loss": 0.29674305520539823,
                "acc": 0.8542560801144492
            }
        },
        "gender": {
            " Female": {
                "loss": 0.30256560465946036,
                "acc": 0.8527058823529412
            },
            " Male": {
                "loss": 0.29490408451696,
                "acc": 0.8542759407069556
            }
        },
        "hours-per-week": {
            "1-35": {
                "loss": 0.28448398594595864,
                "acc": 0.8687916975537435
            },
            "35-40": {
                "loss": 0.3076891323721842,
                "acc": 0.8459109567413956
            },
            "40-50": {
                "loss": 0.28629831214454743,
                "acc": 0.8573757131214343
            },
            "50-99": {
                "loss": 0.29543404464544387,
                "acc": 0.8539765319426337
            }
        }
    }
}