{
    "age": {
        "17-26": {
            "loss": 0.4192024243273395,
            "acc": 0.797945205479452
        },
        "26-33": {
            "loss": 1.0018216670970845,
            "acc": 0.7081545064377682
        },
        "33-41": {
            "loss": 1.5189306376594316,
            "acc": 0.6175807663410969
        },
        "41-50": {
            "loss": 1.7269043295231703,
            "acc": 0.5826017557861133
        },
        "50-90": {
            "loss": 1.5978874408228967,
            "acc": 0.6228878648233487
        }
    },
    "education": {
        " 10th": {
            "loss": 0.6823260317511002,
            "acc": 0.73224043715847
        },
        " 11th": {
            "loss": 0.603391071892733,
            "acc": 0.7422222222222222
        },
        " 12th": {
            "loss": 0.6515682918554847,
            "acc": 0.7755102040816326
        },
        " 1st-4th": {
            "loss": 0.27922057171005205,
            "acc": 0.8695652173913043
        },
        " 5th-6th": {
            "loss": 0.5270631597452905,
            "acc": 0.7741935483870968
        },
        " 7th-8th": {
            "loss": 0.4707123578335403,
            "acc": 0.8014184397163121
        },
        " 9th": {
            "loss": 0.41586057260616427,
            "acc": 0.8173913043478261
        },
        " Assoc-acdm": {
            "loss": 1.065735621680995,
            "acc": 0.7222222222222222
        },
        " Assoc-voc": {
            "loss": 1.2892551544889308,
            "acc": 0.6703296703296703
        },
        " Bachelors": {
            "loss": 1.9727492745779616,
            "acc": 0.5498575498575499
        },
        " Doctorate": {
            "loss": 3.081293932100724,
            "acc": 0.38961038961038963
        },
        " HS-grad": {
            "loss": 0.947217087878177,
            "acc": 0.716890595009597
        },
        " Masters": {
            "loss": 2.615985988202364,
            "acc": 0.4742547425474255
        },
        " Preschool": {
            "loss": 0.40755629619275846,
            "acc": 0.7
        },
        " Prof-school": {
            "loss": 2.9898306751513406,
            "acc": 0.3739130434782609
        },
        " Some-college": {
            "loss": 0.9445023755885174,
            "acc": 0.705050505050505
        }
    },
    "education-num": {
        "1-9": {
            "loss": 0.8350400268772452,
            "acc": 0.7320639238354302
        },
        "10-13": {
            "loss": 1.7324719792643752,
            "acc": 0.5938320209973753
        },
        "13-16": {
            "loss": 2.75648661329917,
            "acc": 0.44206773618538325
        },
        "9-10": {
            "loss": 0.9445023755885174,
            "acc": 0.705050505050505
        }
    },
    "relationship": {
        " Husband": {
            "loss": 2.0402698002627306,
            "acc": 0.5393822393822394
        },
        " Not-in-family": {
            "loss": 0.7029473158199478,
            "acc": 0.7619047619047619
        },
        " Other-relative": {
            "loss": 0.4278254911257758,
            "acc": 0.7921348314606742
        },
        " Own-child": {
            "loss": 0.4248915679017646,
            "acc": 0.7958783120706575
        },
        " Unmarried": {
            "loss": 0.5122434521279989,
            "acc": 0.7845934379457917
        },
        " Wife": {
            "loss": 2.1642942897840256,
            "acc": 0.4906832298136646
        }
    },
    "race": {
        " Amer-Indian-Eskimo": {
            "loss": 0.6259730149090752,
            "acc": 0.6901408450704225
        },
        " Asian-Pac-Islander": {
            "loss": 1.7056740575317706,
            "acc": 0.5906735751295337
        },
        " Black": {
            "loss": 0.76015784585351,
            "acc": 0.7312186978297162
        },
        " Other": {
            "loss": 0.46591119014116067,
            "acc": 0.7636363636363637
        },
        " White": {
            "loss": 1.285627783116128,
            "acc": 0.6633291614518148
        }
    },
    "gender": {
        " Female": {
            "loss": 0.7247623875465502,
            "acc": 0.7478833490122295
        },
        " Male": {
            "loss": 1.48329993097622,
            "acc": 0.6301026225769669
        }
    },
    "hours-per-week": {
        "1-35": {
            "loss": 0.5981375705565326,
            "acc": 0.7783543365455893
        },
        "35-40": {
            "loss": 1.0667471119204108,
            "acc": 0.681918586304828
        },
        "40-50": {
            "loss": 1.9081708327613087,
            "acc": 0.5843520782396088
        },
        "50-99": {
            "loss": 1.979608669843342,
            "acc": 0.5548302872062664
        }
    }
}