{
    "forget_x": [
        1,
        0,
        0,
        0,
        0,
        0,
        0,
        0,
        0,
        0,
        0,
        0,
        0,
        0,
        0,
        0,
        0,
        0,
        0,
        0,
        1,
        0,
        0,
        0,
        1,
        0,
        0,
        0,
        0,
        1,
        0,
        0,
        0,
        0,
        0,
        1,
        1,
        0,
        0,
        1,
        0,
        0
    ],
    "forget_y": 0,
    "sample": {
        "age": "41-50",
        "education": " Prof-school",
        "education-num": "13-16",
        "relationship": " Unmarried",
        "race": " White",
        "gender": " Male",
        "hours-per-week": "50-99",
        "income": ">=50k"
    },
    "performance": {
        "age": {
            "17-26": {
                "loss": 0.29836727317160855,
                "acc": 0.8561643835616438
            },
            "26-33": {
                "loss": 0.2945353789427506,
                "acc": 0.8479381443298969
            },
            "33-41": {
                "loss": 0.2937841775690171,
                "acc": 0.8527422990232908
            },
            "41-50": {
                "loss": 0.2917546181591973,
                "acc": 0.8619313647246608
            },
            "50-90": {
                "loss": 0.2869213746175785,
                "acc": 0.8632872503840245
            }
        },
        "education": {
            " 10th": {
                "loss": 0.3343003280887973,
                "acc": 0.8524590163934426
            },
            " 11th": {
                "loss": 0.2975821287715472,
                "acc": 0.8666666666666667
            },
            " 12th": {
                "loss": 0.3314408790477195,
                "acc": 0.826530612244898
            },
            " 1st-4th": {
                "loss": 0.2523660777910168,
                "acc": 0.8695652173913043
            },
            " 5th-6th": {
                "loss": 0.23506788768187795,
                "acc": 0.8709677419354839
            },
            " 7th-8th": {
                "loss": 0.2654749603425119,
                "acc": 0.900709219858156
            },
            " 9th": {
                "loss": 0.2913453364139436,
                "acc": 0.8521739130434782
            },
            " Assoc-acdm": {
                "loss": 0.2901288345817005,
                "acc": 0.8484848484848485
            },
            " Assoc-voc": {
                "loss": 0.28121775316094066,
                "acc": 0.8644688644688645
            },
            " Bachelors": {
                "loss": 0.296478582633377,
                "acc": 0.8545627376425855
            },
            " Doctorate": {
                "loss": 0.3415255573921355,
                "acc": 0.8571428571428571
            },
            " HS-grad": {
                "loss": 0.29152678682948063,
                "acc": 0.8502879078694817
            },
            " Masters": {
                "loss": 0.26865724637136895,
                "acc": 0.8753387533875339
            },
            " Preschool": {
                "loss": 0.3911228489470235,
                "acc": 0.8
            },
            " Prof-school": {
                "loss": 0.29866251640734365,
                "acc": 0.8608695652173913
            },
            " Some-college": {
                "loss": 0.29585736783726224,
                "acc": 0.857912457912458
            }
        },
        "education-num": {
            "1-9": {
                "loss": 0.29356766723019423,
                "acc": 0.8537912274736484
            },
            "10-13": {
                "loss": 0.2929175474658079,
                "acc": 0.855548260013132
            },
            "13-16": {
                "loss": 0.28480959218729773,
                "acc": 0.8698752228163993
            },
            "9-10": {
                "loss": 0.29585736783726224,
                "acc": 0.857912457912458
            }
        },
        "relationship": {
            " Husband": {
                "loss": 0.29238307291019205,
                "acc": 0.8598455598455599
            },
            " Not-in-family": {
                "loss": 0.2859024066885537,
                "acc": 0.8582352941176471
            },
            " Other-relative": {
                "loss": 0.19952864359997907,
                "acc": 0.9325842696629213
            },
            " Own-child": {
                "loss": 0.31775859626846115,
                "acc": 0.8410206084396468
            },
            " Unmarried": {
                "loss": 0.2987082811780239,
                "acc": 0.8516405135520685
            },
            " Wife": {
                "loss": 0.30002932639050756,
                "acc": 0.8385093167701864
            }
        },
        "race": {
            " Amer-Indian-Eskimo": {
                "loss": 0.2850264241933564,
                "acc": 0.8309859154929577
            },
            " Asian-Pac-Islander": {
                "loss": 0.2660644862728753,
                "acc": 0.8756476683937824
            },
            " Black": {
                "loss": 0.29517618725011907,
                "acc": 0.8547579298831386
            },
            " Other": {
                "loss": 0.2836701087525632,
                "acc": 0.8727272727272727
            },
            " White": {
                "loss": 0.2941027525853416,
                "acc": 0.8562231759656652
            }
        },
        "gender": {
            " Female": {
                "loss": 0.29631421357909554,
                "acc": 0.8522352941176471
            },
            " Male": {
                "loss": 0.2916658158983483,
                "acc": 0.8586088939566705
            }
        },
        "hours-per-week": {
            "1-35": {
                "loss": 0.27113138394320724,
                "acc": 0.8724981467753892
            },
            "35-40": {
                "loss": 0.30718858795014864,
                "acc": 0.8469065656565656
            },
            "40-50": {
                "loss": 0.2790613951643056,
                "acc": 0.863080684596577
            },
            "50-99": {
                "loss": 0.29671578477516464,
                "acc": 0.8577023498694517
            }
        }
    }
}