{
    "forget_x": [
        0,
        0,
        1,
        0,
        0,
        0,
        0,
        0,
        0,
        0,
        0,
        0,
        0,
        0,
        0,
        0,
        0,
        0,
        0,
        0,
        1,
        0,
        0,
        0,
        1,
        1,
        0,
        0,
        0,
        0,
        0,
        1,
        0,
        0,
        0,
        0,
        0,
        1,
        0,
        0,
        1,
        0
    ],
    "forget_y": 1,
    "sample": {
        "age": "41-50",
        "education": " HS-grad",
        "education-num": "1-9",
        "relationship": " Husband",
        "race": " White",
        "gender": " Male",
        "hours-per-week": "50-99",
        "income": ">=50k"
    },
    "performance": {
        "age": {
            "17-26": {
                "loss": 0.30304148486465016,
                "acc": 0.8575342465753425
            },
            "26-33": {
                "loss": 0.2968832986499701,
                "acc": 0.8479381443298969
            },
            "33-41": {
                "loss": 0.29518854222084134,
                "acc": 0.8602554470323065
            },
            "41-50": {
                "loss": 0.29588387075647987,
                "acc": 0.8579409417398244
            },
            "50-90": {
                "loss": 0.29164805181760295,
                "acc": 0.857910906298003
            }
        },
        "education": {
            " 10th": {
                "loss": 0.3399296173445275,
                "acc": 0.8469945355191257
            },
            " 11th": {
                "loss": 0.2962512936065852,
                "acc": 0.8622222222222222
            },
            " 12th": {
                "loss": 0.3434119127803506,
                "acc": 0.8163265306122449
            },
            " 1st-4th": {
                "loss": 0.22329496905138776,
                "acc": 0.8695652173913043
            },
            " 5th-6th": {
                "loss": 0.2619537948705753,
                "acc": 0.8548387096774194
            },
            " 7th-8th": {
                "loss": 0.26402458744179885,
                "acc": 0.8865248226950354
            },
            " 9th": {
                "loss": 0.297364631369461,
                "acc": 0.8521739130434782
            },
            " Assoc-acdm": {
                "loss": 0.2976211005190348,
                "acc": 0.8535353535353535
            },
            " Assoc-voc": {
                "loss": 0.2797427578649609,
                "acc": 0.8608058608058609
            },
            " Bachelors": {
                "loss": 0.29967393541299664,
                "acc": 0.8536121673003803
            },
            " Doctorate": {
                "loss": 0.3299125901415279,
                "acc": 0.8701298701298701
            },
            " HS-grad": {
                "loss": 0.29431874522315604,
                "acc": 0.8540566490638503
            },
            " Masters": {
                "loss": 0.2735872652869184,
                "acc": 0.8753387533875339
            },
            " Preschool": {
                "loss": 0.4273936457785343,
                "acc": 0.8
            },
            " Prof-school": {
                "loss": 0.2945281213500961,
                "acc": 0.8620689655172413
            },
            " Some-college": {
                "loss": 0.3014409004955967,
                "acc": 0.8565656565656565
            }
        },
        "education-num": {
            "1-9": {
                "loss": 0.2968228674328446,
                "acc": 0.854421768707483
            },
            "10-13": {
                "loss": 0.29583436037713384,
                "acc": 0.8548916611950098
            },
            "13-16": {
                "loss": 0.28562674805761873,
                "acc": 0.8718861209964412
            },
            "9-10": {
                "loss": 0.3014409004955967,
                "acc": 0.8565656565656565
            }
        },
        "relationship": {
            " Husband": {
                "loss": 0.29618924220604487,
                "acc": 0.8574739281575898
            },
            " Not-in-family": {
                "loss": 0.28874346914673493,
                "acc": 0.8623529411764705
            },
            " Other-relative": {
                "loss": 0.21488052257489032,
                "acc": 0.9269662921348315
            },
            " Own-child": {
                "loss": 0.31907066144545265,
                "acc": 0.8429833169774289
            },
            " Unmarried": {
                "loss": 0.3014143910448453,
                "acc": 0.8518518518518519
            },
            " Wife": {
                "loss": 0.30653554529706173,
                "acc": 0.8322981366459627
            }
        },
        "race": {
            " Amer-Indian-Eskimo": {
                "loss": 0.2848011040377058,
                "acc": 0.8169014084507042
            },
            " Asian-Pac-Islander": {
                "loss": 0.2602315303536556,
                "acc": 0.8963730569948186
            },
            " Black": {
                "loss": 0.2957043949565362,
                "acc": 0.8597662771285476
            },
            " Other": {
                "loss": 0.30979596268783455,
                "acc": 0.8181818181818182
            },
            " White": {
                "loss": 0.2980625279827511,
                "acc": 0.85568669527897
            }
        },
        "gender": {
            " Female": {
                "loss": 0.3021799835234472,
                "acc": 0.8494117647058823
            },
            " Male": {
                "loss": 0.29401242092678476,
                "acc": 0.8599771949828963
            }
        },
        "hours-per-week": {
            "1-35": {
                "loss": 0.2773189504716985,
                "acc": 0.8717568569310601
            },
            "35-40": {
                "loss": 0.310209093316836,
                "acc": 0.8462752525252525
            },
            "40-50": {
                "loss": 0.28192504754981207,
                "acc": 0.8622656886715566
            },
            "50-99": {
                "loss": 0.2984454642214163,
                "acc": 0.8629242819843342
            }
        }
    }
}