{
    "age": {
        "17-26": {
            "loss": 0.48311662686572004,
            "acc": 0.7821917808219178
        },
        "26-33": {
            "loss": 1.0411774570833554,
            "acc": 0.6909871244635193
        },
        "33-41": {
            "loss": 1.5258996648202694,
            "acc": 0.6100676183320811
        },
        "41-50": {
            "loss": 1.742662192792704,
            "acc": 0.578611332801277
        },
        "50-90": {
            "loss": 1.5775480730376177,
            "acc": 0.6036866359447005
        }
    },
    "education": {
        " 10th": {
            "loss": 0.7608679705847742,
            "acc": 0.7049180327868853
        },
        " 11th": {
            "loss": 0.6814766519612411,
            "acc": 0.7155555555555555
        },
        " 12th": {
            "loss": 0.6470813620822,
            "acc": 0.7857142857142857
        },
        " 1st-4th": {
            "loss": 0.3440847888728112,
            "acc": 0.8695652173913043
        },
        " 5th-6th": {
            "loss": 0.5550904610196371,
            "acc": 0.7258064516129032
        },
        " 7th-8th": {
            "loss": 0.5165503652382939,
            "acc": 0.7588652482269503
        },
        " 9th": {
            "loss": 0.4754009277177044,
            "acc": 0.782608695652174
        },
        " Assoc-acdm": {
            "loss": 1.0686319768403583,
            "acc": 0.6818181818181818
        },
        " Assoc-voc": {
            "loss": 1.228134175315683,
            "acc": 0.6666666666666666
        },
        " Bachelors": {
            "loss": 1.97713824041168,
            "acc": 0.5508072174738842
        },
        " Doctorate": {
            "loss": 3.105467867595493,
            "acc": 0.4155844155844156
        },
        " HS-grad": {
            "loss": 0.9841228691151939,
            "acc": 0.6985117618819011
        },
        " Masters": {
            "loss": 2.553305017371666,
            "acc": 0.47696476964769646
        },
        " Preschool": {
            "loss": 0.46506605611420004,
            "acc": 0.8
        },
        " Prof-school": {
            "loss": 2.9437229216921583,
            "acc": 0.33620689655172414
        },
        " Some-college": {
            "loss": 0.9797044431460225,
            "acc": 0.6962962962962963
        }
    },
    "education-num": {
        "1-9": {
            "loss": 0.8776863682428098,
            "acc": 0.7115646258503401
        },
        "10-13": {
            "loss": 1.7249319740348226,
            "acc": 0.5885826771653543
        },
        "13-16": {
            "loss": 2.7095417013012226,
            "acc": 0.4395017793594306
        },
        "9-10": {
            "loss": 0.9797044431460225,
            "acc": 0.6962962962962963
        }
    },
    "relationship": {
        " Husband": {
            "loss": 2.0310724607727497,
            "acc": 0.52954808806489
        },
        " Not-in-family": {
            "loss": 0.7404494294857648,
            "acc": 0.7425044091710759
        },
        " Other-relative": {
            "loss": 0.44829358589187146,
            "acc": 0.7696629213483146
        },
        " Own-child": {
            "loss": 0.501176854285716,
            "acc": 0.774288518155054
        },
        " Unmarried": {
            "loss": 0.5638379558543718,
            "acc": 0.7706552706552706
        },
        " Wife": {
            "loss": 2.119742195510795,
            "acc": 0.5248447204968945
        }
    },
    "race": {
        " Amer-Indian-Eskimo": {
            "loss": 0.6609325024740551,
            "acc": 0.6619718309859155
        },
        " Asian-Pac-Islander": {
            "loss": 1.7141925571576024,
            "acc": 0.5751295336787565
        },
        " Black": {
            "loss": 0.8448871894060721,
            "acc": 0.7295492487479132
        },
        " Other": {
            "loss": 0.5309500965207603,
            "acc": 0.7454545454545455
        },
        " White": {
            "loss": 1.3005118419982336,
            "acc": 0.6497407473627749
        }
    },
    "gender": {
        " Female": {
            "loss": 0.772423178199325,
            "acc": 0.738005644402634
        },
        " Male": {
            "loss": 1.4925076644046331,
            "acc": 0.615963511972634
        }
    },
    "hours-per-week": {
        "1-35": {
            "loss": 0.6654978986461398,
            "acc": 0.7613046701260193
        },
        "35-40": {
            "loss": 1.1023864110942743,
            "acc": 0.6683496371094982
        },
        "40-50": {
            "loss": 1.9100266374478962,
            "acc": 0.5753871230643847
        },
        "50-99": {
            "loss": 1.8955560040288453,
            "acc": 0.5469973890339426
        }
    }
}