{
    "age": {
        "17-26": {
            "loss": 0.4612990782970063,
            "acc": 0.7828767123287671
        },
        "26-33": {
            "loss": 0.9975934828615854,
            "acc": 0.6927038626609442
        },
        "33-41": {
            "loss": 1.4186651120871843,
            "acc": 0.6112781954887218
        },
        "41-50": {
            "loss": 1.6178047827235347,
            "acc": 0.5757575757575758
        },
        "50-90": {
            "loss": 1.4726523345514038,
            "acc": 0.6105990783410138
        }
    },
    "education": {
        " 10th": {
            "loss": 0.6346445753166513,
            "acc": 0.6939890710382514
        },
        " 11th": {
            "loss": 0.6405527878335454,
            "acc": 0.72
        },
        " 12th": {
            "loss": 0.619136737902221,
            "acc": 0.7857142857142857
        },
        " 1st-4th": {
            "loss": 0.33201738335281616,
            "acc": 0.8695652173913043
        },
        " 5th-6th": {
            "loss": 0.5466736796622299,
            "acc": 0.7258064516129032
        },
        " 7th-8th": {
            "loss": 0.46747219023645986,
            "acc": 0.7730496453900709
        },
        " 9th": {
            "loss": 0.47416836889459074,
            "acc": 0.7652173913043478
        },
        " Assoc-acdm": {
            "loss": 1.0038256390259048,
            "acc": 0.6919191919191919
        },
        " Assoc-voc": {
            "loss": 1.181862305343036,
            "acc": 0.663003663003663
        },
        " Bachelors": {
            "loss": 1.8592046024994604,
            "acc": 0.5517568850902185
        },
        " Doctorate": {
            "loss": 2.8446603515760227,
            "acc": 0.4025974025974026
        },
        " HS-grad": {
            "loss": 0.9116369720892343,
            "acc": 0.7000959692898272
        },
        " Masters": {
            "loss": 2.386330361844256,
            "acc": 0.4878048780487805
        },
        " Preschool": {
            "loss": 0.5081208096586698,
            "acc": 0.7
        },
        " Prof-school": {
            "loss": 2.7527147932581553,
            "acc": 0.3448275862068966
        },
        " Some-college": {
            "loss": 0.931761925285832,
            "acc": 0.6981132075471698
        }
    },
    "education-num": {
        "1-9": {
            "loss": 0.8119161856487097,
            "acc": 0.7120027201632098
        },
        "10-13": {
            "loss": 1.6267377508646417,
            "acc": 0.5898950131233596
        },
        "13-16": {
            "loss": 2.5247502964587714,
            "acc": 0.44661921708185054
        },
        "9-10": {
            "loss": 0.931761925285832,
            "acc": 0.6981132075471698
        }
    },
    "relationship": {
        " Husband": {
            "loss": 1.882349627815652,
            "acc": 0.5330243337195828
        },
        " Not-in-family": {
            "loss": 0.6986251918271055,
            "acc": 0.7442680776014109
        },
        " Other-relative": {
            "loss": 0.4288122483638762,
            "acc": 0.7696629213483146
        },
        " Own-child": {
            "loss": 0.482888824509106,
            "acc": 0.7733071638861629
        },
        " Unmarried": {
            "loss": 0.5386098708051973,
            "acc": 0.7749287749287749
        },
        " Wife": {
            "loss": 2.0508606790159596,
            "acc": 0.5124223602484472
        }
    },
    "race": {
        " Amer-Indian-Eskimo": {
            "loss": 0.5773167206917508,
            "acc": 0.6714285714285714
        },
        " Asian-Pac-Islander": {
            "loss": 1.6637686216186225,
            "acc": 0.5906735751295337
        },
        " Black": {
            "loss": 0.7716214404106003,
            "acc": 0.7245409015025042
        },
        " Other": {
            "loss": 0.5188965320189786,
            "acc": 0.7272727272727273
        },
        " White": {
            "loss": 1.2185159334209437,
            "acc": 0.6515909903468001
        }
    },
    "gender": {
        " Female": {
            "loss": 0.7363018063952564,
            "acc": 0.7370649106302917
        },
        " Male": {
            "loss": 1.3918496140588958,
            "acc": 0.6187001140250855
        }
    },
    "hours-per-week": {
        "1-35": {
            "loss": 0.6101695713838282,
            "acc": 0.7687175685693106
        },
        "35-40": {
            "loss": 1.0373324939223174,
            "acc": 0.6677185231934364
        },
        "40-50": {
            "loss": 1.7777231035242849,
            "acc": 0.5774877650897227
        },
        "50-99": {
            "loss": 1.7975544303613813,
            "acc": 0.546284224250326
        }
    }
}