{
    "forget_x": [
        0,
        1,
        0,
        0,
        0,
        0,
        0,
        0,
        0,
        0,
        0,
        0,
        0,
        0,
        1,
        0,
        0,
        0,
        0,
        0,
        0,
        0,
        1,
        0,
        0,
        0,
        1,
        0,
        0,
        0,
        0,
        0,
        0,
        0,
        0,
        1,
        1,
        0,
        0,
        1,
        0,
        0
    ],
    "forget_y": 0,
    "sample": {
        "age": "33-41",
        "education": " Some-college",
        "education-num": "9-10",
        "relationship": " Husband",
        "race": " Amer-Indian-Eskimo",
        "gender": " Male",
        "hours-per-week": "40-50",
        "income": ">=50k"
    },
    "performance": {
        "age": {
            "17-26": {
                "loss": 0.3005912585284334,
                "acc": 0.8623287671232877
            },
            "26-33": {
                "loss": 0.2938766400775976,
                "acc": 0.8436426116838488
            },
            "33-41": {
                "loss": 0.29186387231140043,
                "acc": 0.862406015037594
            },
            "41-50": {
                "loss": 0.30525669893910967,
                "acc": 0.8492822966507177
            },
            "50-90": {
                "loss": 0.29528793348766075,
                "acc": 0.8563748079877113
            }
        },
        "education": {
            " 10th": {
                "loss": 0.3466357911274966,
                "acc": 0.8469945355191257
            },
            " 11th": {
                "loss": 0.29615466069612073,
                "acc": 0.8577777777777778
            },
            " 12th": {
                "loss": 0.35296413680365546,
                "acc": 0.8163265306122449
            },
            " 1st-4th": {
                "loss": 0.25282476022249795,
                "acc": 0.8695652173913043
            },
            " 5th-6th": {
                "loss": 0.2374514336147866,
                "acc": 0.8709677419354839
            },
            " 7th-8th": {
                "loss": 0.2664381716978322,
                "acc": 0.8936170212765957
            },
            " 9th": {
                "loss": 0.28648865142816166,
                "acc": 0.8608695652173913
            },
            " Assoc-acdm": {
                "loss": 0.3045532739000346,
                "acc": 0.8585858585858586
            },
            " Assoc-voc": {
                "loss": 0.2802510059055193,
                "acc": 0.8681318681318682
            },
            " Bachelors": {
                "loss": 0.2952350397420563,
                "acc": 0.8564638783269962
            },
            " Doctorate": {
                "loss": 0.3530927907756496,
                "acc": 0.8311688311688312
            },
            " HS-grad": {
                "loss": 0.3013043750933708,
                "acc": 0.8464491362763915
            },
            " Masters": {
                "loss": 0.2725759963591207,
                "acc": 0.8726287262872628
            },
            " Preschool": {
                "loss": 0.36674306717080096,
                "acc": 0.9
            },
            " Prof-school": {
                "loss": 0.29774901727979536,
                "acc": 0.8620689655172413
            },
            " Some-college": {
                "loss": 0.2960715368220664,
                "acc": 0.8584905660377359
            }
        },
        "education-num": {
            "1-9": {
                "loss": 0.3016988499486163,
                "acc": 0.8500510030601837
            },
            "10-13": {
                "loss": 0.29376056116418725,
                "acc": 0.8588312541037426
            },
            "13-16": {
                "loss": 0.28880351165604423,
                "acc": 0.8647686832740213
            },
            "9-10": {
                "loss": 0.2960715368220664,
                "acc": 0.8584905660377359
            }
        },
        "relationship": {
            " Husband": {
                "loss": 0.3004793423258231,
                "acc": 0.8524526844341445
            },
            " Not-in-family": {
                "loss": 0.2845378391821615,
                "acc": 0.8641176470588235
            },
            " Other-relative": {
                "loss": 0.20272399619988288,
                "acc": 0.9157303370786517
            },
            " Own-child": {
                "loss": 0.3221122426287359,
                "acc": 0.8478900883218842
            },
            " Unmarried": {
                "loss": 0.29855034010498155,
                "acc": 0.8490028490028491
            },
            " Wife": {
                "loss": 0.3130945880105315,
                "acc": 0.8354037267080745
            }
        },
        "race": {
            " Amer-Indian-Eskimo": {
                "loss": 0.3024340364727787,
                "acc": 0.8285714285714286
            },
            " Asian-Pac-Islander": {
                "loss": 0.2623513288988617,
                "acc": 0.8860103626943006
            },
            " Black": {
                "loss": 0.2931805891331065,
                "acc": 0.8564273789649416
            },
            " Other": {
                "loss": 0.31540519402536893,
                "acc": 0.8545454545454545
            },
            " White": {
                "loss": 0.29887443929087776,
                "acc": 0.854460933309494
            }
        },
        "gender": {
            " Female": {
                "loss": 0.2985909506820419,
                "acc": 0.8550588235294118
            },
            " Male": {
                "loss": 0.2968906764759952,
                "acc": 0.8554161915621437
            }
        },
        "hours-per-week": {
            "1-35": {
                "loss": 0.2720441820816856,
                "acc": 0.8799110452186805
            },
            "35-40": {
                "loss": 0.31309197562530405,
                "acc": 0.84375
            },
            "40-50": {
                "loss": 0.28242894763341164,
                "acc": 0.8572593800978793
            },
            "50-99": {
                "loss": 0.30150002130229686,
                "acc": 0.8565840938722294
            }
        }
    }
}