{
    "age": {
        "17-26": {
            "loss": 0.46097278413990267,
            "acc": 0.791095890410959
        },
        "26-33": {
            "loss": 1.1026583895417352,
            "acc": 0.7072961373390558
        },
        "33-41": {
            "loss": 1.6680042840680673,
            "acc": 0.613824192336589
        },
        "41-50": {
            "loss": 1.8459205999604311,
            "acc": 0.5849960095770151
        },
        "50-90": {
            "loss": 1.728631677727117,
            "acc": 0.6159754224270353
        }
    },
    "education": {
        " 10th": {
            "loss": 0.7043607989619577,
            "acc": 0.726775956284153
        },
        " 11th": {
            "loss": 0.6811760708393937,
            "acc": 0.7377777777777778
        },
        " 12th": {
            "loss": 0.6539200107307991,
            "acc": 0.7755102040816326
        },
        " 1st-4th": {
            "loss": 0.29517497938544046,
            "acc": 0.8695652173913043
        },
        " 5th-6th": {
            "loss": 0.5496157324580045,
            "acc": 0.7580645161290323
        },
        " 7th-8th": {
            "loss": 0.48937300496055425,
            "acc": 0.7801418439716312
        },
        " 9th": {
            "loss": 0.4632548789295473,
            "acc": 0.8
        },
        " Assoc-acdm": {
            "loss": 1.1384224768811888,
            "acc": 0.7121212121212122
        },
        " Assoc-voc": {
            "loss": 1.3381341327666392,
            "acc": 0.673992673992674
        },
        " Bachelors": {
            "loss": 2.1978985416115506,
            "acc": 0.5570342205323194
        },
        " Doctorate": {
            "loss": 3.54339918111479,
            "acc": 0.36363636363636365
        },
        " HS-grad": {
            "loss": 1.0113043294787394,
            "acc": 0.708253358925144
        },
        " Masters": {
            "loss": 2.838120819878887,
            "acc": 0.4742547425474255
        },
        " Preschool": {
            "loss": 0.5434424048583635,
            "acc": 0.6
        },
        " Prof-school": {
            "loss": 3.1598284144657267,
            "acc": 0.3706896551724138
        },
        " Some-college": {
            "loss": 1.0299066951558375,
            "acc": 0.7057239057239058
        }
    },
    "education-num": {
        "1-9": {
            "loss": 0.8916628883364108,
            "acc": 0.7228833730023801
        },
        "10-13": {
            "loss": 1.9060456562331696,
            "acc": 0.5981615233092581
        },
        "13-16": {
            "loss": 3.001153764340166,
            "acc": 0.4377224199288256
        },
        "9-10": {
            "loss": 1.0299066951558375,
            "acc": 0.7057239057239058
        }
    },
    "relationship": {
        " Husband": {
            "loss": 2.2032482751283102,
            "acc": 0.5365005793742758
        },
        " Not-in-family": {
            "loss": 0.7508243515647631,
            "acc": 0.7583774250440917
        },
        " Other-relative": {
            "loss": 0.4221065551599618,
            "acc": 0.7921348314606742
        },
        " Own-child": {
            "loss": 0.4852558392611836,
            "acc": 0.788027477919529
        },
        " Unmarried": {
            "loss": 0.5589397181672903,
            "acc": 0.7763532763532763
        },
        " Wife": {
            "loss": 2.478259600646587,
            "acc": 0.5062111801242236
        }
    },
    "race": {
        " Amer-Indian-Eskimo": {
            "loss": 0.5826901045641222,
            "acc": 0.6619718309859155
        },
        " Asian-Pac-Islander": {
            "loss": 1.8927542456246085,
            "acc": 0.5885416666666666
        },
        " Black": {
            "loss": 0.8434165537623087,
            "acc": 0.7328881469115192
        },
        " Other": {
            "loss": 0.45939728057118634,
            "acc": 0.7818181818181819
        },
        " White": {
            "loss": 1.3954406092576177,
            "acc": 0.6594565606006435
        }
    },
    "gender": {
        " Female": {
            "loss": 0.8146667810509854,
            "acc": 0.7469426152398871
        },
        " Male": {
            "loss": 1.5984871996332348,
            "acc": 0.6255416191562143
        }
    },
    "hours-per-week": {
        "1-35": {
            "loss": 0.6591439120495659,
            "acc": 0.7783543365455893
        },
        "35-40": {
            "loss": 1.1664077646336384,
            "acc": 0.6770833333333334
        },
        "40-50": {
            "loss": 2.0802171284365945,
            "acc": 0.5843520782396088
        },
        "50-99": {
            "loss": 2.0919903449806543,
            "acc": 0.546284224250326
        }
    }
}