{
    "forget_x": [
        0,
        0,
        0,
        1,
        0,
        0,
        0,
        0,
        0,
        0,
        0,
        0,
        0,
        1,
        0,
        0,
        0,
        0,
        0,
        0,
        0,
        0,
        1,
        0,
        0,
        0,
        1,
        0,
        0,
        0,
        0,
        0,
        0,
        0,
        0,
        1,
        0,
        1,
        0,
        0,
        1,
        0
    ],
    "forget_y": 0,
    "sample": {
        "age": "41-50",
        "education": " Bachelors",
        "education-num": "10-13",
        "relationship": " Husband",
        "race": " Asian-Pac-Islander",
        "gender": " Male",
        "hours-per-week": "35-40",
        "income": ">=50k"
    },
    "performance": {
        "age": {
            "17-26": {
                "loss": 0.2975937417709494,
                "acc": 0.8547945205479452
            },
            "26-33": {
                "loss": 0.29305911873918483,
                "acc": 0.8487972508591065
            },
            "33-41": {
                "loss": 0.29876648468910477,
                "acc": 0.8572501878287002
            },
            "41-50": {
                "loss": 0.2967162393520267,
                "acc": 0.8635275339185954
            },
            "50-90": {
                "loss": 0.29357293292913766,
                "acc": 0.857910906298003
            }
        },
        "education": {
            " 10th": {
                "loss": 0.34037701075203464,
                "acc": 0.8524590163934426
            },
            " 11th": {
                "loss": 0.296297528965834,
                "acc": 0.8755555555555555
            },
            " 12th": {
                "loss": 0.3392176474265692,
                "acc": 0.826530612244898
            },
            " 1st-4th": {
                "loss": 0.2595841777735509,
                "acc": 0.8695652173913043
            },
            " 5th-6th": {
                "loss": 0.23779619278853134,
                "acc": 0.8548387096774194
            },
            " 7th-8th": {
                "loss": 0.2687168969969019,
                "acc": 0.8865248226950354
            },
            " 9th": {
                "loss": 0.2940426321741979,
                "acc": 0.8695652173913043
            },
            " Assoc-acdm": {
                "loss": 0.3036396480345379,
                "acc": 0.8383838383838383
            },
            " Assoc-voc": {
                "loss": 0.28124487840366397,
                "acc": 0.8534798534798534
            },
            " Bachelors": {
                "loss": 0.29546079347783266,
                "acc": 0.8610846812559467
            },
            " Doctorate": {
                "loss": 0.33180314179690074,
                "acc": 0.8311688311688312
            },
            " HS-grad": {
                "loss": 0.29724796259223163,
                "acc": 0.8507677543186181
            },
            " Masters": {
                "loss": 0.2814254208897315,
                "acc": 0.8672086720867209
            },
            " Preschool": {
                "loss": 0.3658214141500284,
                "acc": 0.9
            },
            " Prof-school": {
                "loss": 0.2917521409512084,
                "acc": 0.8706896551724138
            },
            " Some-college": {
                "loss": 0.2955389821071001,
                "acc": 0.8572390572390572
            }
        },
        "education-num": {
            "1-9": {
                "loss": 0.29844951371462947,
                "acc": 0.8548112886773206
            },
            "10-13": {
                "loss": 0.2939748988569257,
                "acc": 0.8567674113009198
            },
            "13-16": {
                "loss": 0.29045920031496875,
                "acc": 0.8629893238434164
            },
            "9-10": {
                "loss": 0.2955389821071001,
                "acc": 0.8572390572390572
            }
        },
        "relationship": {
            " Husband": {
                "loss": 0.29826406931687865,
                "acc": 0.8563151796060255
            },
            " Not-in-family": {
                "loss": 0.28527738793663476,
                "acc": 0.8658823529411764
            },
            " Other-relative": {
                "loss": 0.2076388037901144,
                "acc": 0.9101123595505618
            },
            " Own-child": {
                "loss": 0.31768349838923976,
                "acc": 0.8400392541707556
            },
            " Unmarried": {
                "loss": 0.30005914489799124,
                "acc": 0.8518518518518519
            },
            " Wife": {
                "loss": 0.3067867338375163,
                "acc": 0.8416149068322981
            }
        },
        "race": {
            " Amer-Indian-Eskimo": {
                "loss": 0.2896095676698871,
                "acc": 0.8450704225352113
            },
            " Asian-Pac-Islander": {
                "loss": 0.26447910594434015,
                "acc": 0.890625
            },
            " Black": {
                "loss": 0.2971770989169908,
                "acc": 0.8480801335559266
            },
            " Other": {
                "loss": 0.30320833090708943,
                "acc": 0.8545454545454545
            },
            " White": {
                "loss": 0.2970240419817623,
                "acc": 0.8564276774539603
            }
        },
        "gender": {
            " Female": {
                "loss": 0.2956649935853409,
                "acc": 0.8555294117647059
            },
            " Male": {
                "loss": 0.2962360692205655,
                "acc": 0.8570125427594071
            }
        },
        "hours-per-week": {
            "1-35": {
                "loss": 0.27450494958920135,
                "acc": 0.8739807264640475
            },
            "35-40": {
                "loss": 0.30902458565118335,
                "acc": 0.8478054941585096
            },
            "40-50": {
                "loss": 0.2874126221139638,
                "acc": 0.8581907090464548
            },
            "50-99": {
                "loss": 0.2941850688579627,
                "acc": 0.8591916558018253
            }
        }
    }
}