{
    "age": {
        "17-26": {
            "loss": 0.30682223791105384,
            "acc": 0.8568493150684932
        },
        "26-33": {
            "loss": 0.2876381890099093,
            "acc": 0.8513745704467354
        },
        "33-41": {
            "loss": 0.2935817969712255,
            "acc": 0.8533834586466166
        },
        "41-50": {
            "loss": 0.29501237881704523,
            "acc": 0.8580542264752791
        },
        "50-90": {
            "loss": 0.28830575398488917,
            "acc": 0.8625192012288786
        }
    },
    "education": {
        " 10th": {
            "loss": 0.3352878298873369,
            "acc": 0.8360655737704918
        },
        " 11th": {
            "loss": 0.3110094065749374,
            "acc": 0.8577777777777778
        },
        " 12th": {
            "loss": 0.3446426787132811,
            "acc": 0.8163265306122449
        },
        " 1st-4th": {
            "loss": 0.26670761436570417,
            "acc": 0.8695652173913043
        },
        " 5th-6th": {
            "loss": 0.25420637878519187,
            "acc": 0.8548387096774194
        },
        " 7th-8th": {
            "loss": 0.25788349910595454,
            "acc": 0.900709219858156
        },
        " 9th": {
            "loss": 0.2895387708938159,
            "acc": 0.8608695652173913
        },
        " Assoc-acdm": {
            "loss": 0.30480447869482485,
            "acc": 0.8477157360406091
        },
        " Assoc-voc": {
            "loss": 0.274937396095033,
            "acc": 0.8644688644688645
        },
        " Bachelors": {
            "loss": 0.29676914567129953,
            "acc": 0.8564638783269962
        },
        " Doctorate": {
            "loss": 0.3191075322205841,
            "acc": 0.8441558441558441
        },
        " HS-grad": {
            "loss": 0.29221329500468074,
            "acc": 0.8555662188099808
        },
        " Masters": {
            "loss": 0.2659969344059389,
            "acc": 0.8726287262872628
        },
        " Preschool": {
            "loss": 0.3968814596592421,
            "acc": 0.8
        },
        " Prof-school": {
            "loss": 0.28691832905455217,
            "acc": 0.8620689655172413
        },
        " Some-college": {
            "loss": 0.3000928084399696,
            "acc": 0.8545454545454545
        }
    },
    "education-num": {
        "1-9": {
            "loss": 0.295683337603134,
            "acc": 0.8554913294797688
        },
        "10-13": {
            "loss": 0.293893254062439,
            "acc": 0.8567674113009198
        },
        "13-16": {
            "loss": 0.27759194830445644,
            "acc": 0.8665480427046264
        },
        "9-10": {
            "loss": 0.3000928084399696,
            "acc": 0.8545454545454545
        }
    },
    "relationship": {
        " Husband": {
            "loss": 0.290476733466353,
            "acc": 0.859073359073359
        },
        " Not-in-family": {
            "loss": 0.28945615491210536,
            "acc": 0.8588235294117647
        },
        " Other-relative": {
            "loss": 0.2128004654451983,
            "acc": 0.9101123595505618
        },
        " Own-child": {
            "loss": 0.3281685707338592,
            "acc": 0.8439646712463199
        },
        " Unmarried": {
            "loss": 0.29818398351041336,
            "acc": 0.8504273504273504
        },
        " Wife": {
            "loss": 0.2882775955592421,
            "acc": 0.8473520249221184
        }
    },
    "race": {
        " Amer-Indian-Eskimo": {
            "loss": 0.2972164280333727,
            "acc": 0.8169014084507042
        },
        " Asian-Pac-Islander": {
            "loss": 0.2576528799533988,
            "acc": 0.8911917098445595
        },
        " Black": {
            "loss": 0.299738938343714,
            "acc": 0.8447412353923205
        },
        " Other": {
            "loss": 0.3272895579191146,
            "acc": 0.8181818181818182
        },
        " White": {
            "loss": 0.29509670995699117,
            "acc": 0.8574749642346209
        }
    },
    "gender": {
        " Female": {
            "loss": 0.29960603348518666,
            "acc": 0.8549905838041432
        },
        " Male": {
            "loss": 0.29233732533784273,
            "acc": 0.8572731418148655
        }
    },
    "hours-per-week": {
        "1-35": {
            "loss": 0.2855088631631777,
            "acc": 0.8716617210682492
        },
        "35-40": {
            "loss": 0.303534788435907,
            "acc": 0.8494318181818182
        },
        "40-50": {
            "loss": 0.2823206466567058,
            "acc": 0.8606356968215159
        },
        "50-99": {
            "loss": 0.29424137326937866,
            "acc": 0.8526727509778357
        }
    }
}