{
    "forget_x": [
        0,
        1,
        0,
        0,
        0,
        0,
        0,
        0,
        0,
        0,
        0,
        0,
        0,
        0,
        1,
        0,
        0,
        0,
        0,
        0,
        0,
        0,
        1,
        0,
        0,
        0,
        0,
        0,
        0,
        1,
        0,
        0,
        0,
        1,
        0,
        0,
        1,
        0,
        1,
        0,
        0,
        0
    ],
    "forget_y": 0,
    "sample": {
        "age": "33-41",
        "education": " Assoc-acdm",
        "education-num": "10-13",
        "relationship": " Wife",
        "race": " White",
        "gender": " Female",
        "hours-per-week": "1-35",
        "income": ">=50k"
    },
    "performance": {
        "age": {
            "17-26": {
                "loss": 0.30310556851402143,
                "acc": 0.8602739726027397
            },
            "26-33": {
                "loss": 0.2902104238282235,
                "acc": 0.8436426116838488
            },
            "33-41": {
                "loss": 0.29584518908499713,
                "acc": 0.8533834586466166
            },
            "41-50": {
                "loss": 0.29497283325416096,
                "acc": 0.8628389154704944
            },
            "50-90": {
                "loss": 0.29426149579690475,
                "acc": 0.8594470046082949
            }
        },
        "education": {
            " 10th": {
                "loss": 0.34363805761060146,
                "acc": 0.8360655737704918
            },
            " 11th": {
                "loss": 0.30564468774611875,
                "acc": 0.8533333333333334
            },
            " 12th": {
                "loss": 0.3527013521448356,
                "acc": 0.8163265306122449
            },
            " 1st-4th": {
                "loss": 0.2499482543888343,
                "acc": 0.8695652173913043
            },
            " 5th-6th": {
                "loss": 0.25891647429640957,
                "acc": 0.8548387096774194
            },
            " 7th-8th": {
                "loss": 0.2554007802569938,
                "acc": 0.8936170212765957
            },
            " 9th": {
                "loss": 0.2811011092133689,
                "acc": 0.8608695652173913
            },
            " Assoc-acdm": {
                "loss": 0.3019189332838079,
                "acc": 0.8426395939086294
            },
            " Assoc-voc": {
                "loss": 0.28038478849897275,
                "acc": 0.8498168498168498
            },
            " Bachelors": {
                "loss": 0.2986821937888825,
                "acc": 0.8593155893536122
            },
            " Doctorate": {
                "loss": 0.3372578776873271,
                "acc": 0.8441558441558441
            },
            " HS-grad": {
                "loss": 0.2931311486407135,
                "acc": 0.8555662188099808
            },
            " Masters": {
                "loss": 0.2737245849869971,
                "acc": 0.8753387533875339
            },
            " Preschool": {
                "loss": 0.37341062946707365,
                "acc": 0.8
            },
            " Prof-school": {
                "loss": 0.28847620406996755,
                "acc": 0.853448275862069
            },
            " Some-college": {
                "loss": 0.2997876171648212,
                "acc": 0.8558922558922559
            }
        },
        "education-num": {
            "1-9": {
                "loss": 0.2961508808877326,
                "acc": 0.8548112886773206
            },
            "10-13": {
                "loss": 0.29581914913471313,
                "acc": 0.8554533508541393
            },
            "13-16": {
                "loss": 0.28547414255203274,
                "acc": 0.8665480427046264
            },
            "9-10": {
                "loss": 0.2997876171648212,
                "acc": 0.8558922558922559
            }
        },
        "relationship": {
            " Husband": {
                "loss": 0.29116185302437037,
                "acc": 0.861003861003861
            },
            " Not-in-family": {
                "loss": 0.2900433634103022,
                "acc": 0.8535294117647059
            },
            " Other-relative": {
                "loss": 0.20761182151090427,
                "acc": 0.9269662921348315
            },
            " Own-child": {
                "loss": 0.3251657520048611,
                "acc": 0.844946025515211
            },
            " Unmarried": {
                "loss": 0.3046826613609239,
                "acc": 0.8532763532763533
            },
            " Wife": {
                "loss": 0.3036405431462987,
                "acc": 0.8348909657320872
            }
        },
        "race": {
            " Amer-Indian-Eskimo": {
                "loss": 0.3031513854977245,
                "acc": 0.8169014084507042
            },
            " Asian-Pac-Islander": {
                "loss": 0.26362767859614056,
                "acc": 0.8860103626943006
            },
            " Black": {
                "loss": 0.3018561522914766,
                "acc": 0.8430717863105175
            },
            " Other": {
                "loss": 0.3275730948964865,
                "acc": 0.8363636363636363
            },
            " White": {
                "loss": 0.29606675956662504,
                "acc": 0.8572961373390557
            }
        },
        "gender": {
            " Female": {
                "loss": 0.3021089804730912,
                "acc": 0.8516949152542372
            },
            " Male": {
                "loss": 0.2930137005820817,
                "acc": 0.8584131326949385
            }
        },
        "hours-per-week": {
            "1-35": {
                "loss": 0.2792491541431586,
                "acc": 0.8746290801186943
            },
            "35-40": {
                "loss": 0.3065271099651881,
                "acc": 0.8469065656565656
            },
            "40-50": {
                "loss": 0.2848573777711732,
                "acc": 0.8590057049714751
            },
            "50-99": {
                "loss": 0.2996242745735755,
                "acc": 0.8578878748370273
            }
        }
    }
}