{
    "age": {
        "17-26": {
            "loss": 0.5726525397087106,
            "acc": 0.726027397260274
        },
        "26-33": {
            "loss": 1.023135586862108,
            "acc": 0.6678111587982832
        },
        "33-41": {
            "loss": 1.4261298427540632,
            "acc": 0.5887218045112782
        },
        "41-50": {
            "loss": 1.6177946476406473,
            "acc": 0.5614035087719298
        },
        "50-90": {
            "loss": 1.5122959049560722,
            "acc": 0.5944700460829493
        }
    },
    "education": {
        " 10th": {
            "loss": 0.7819991248411506,
            "acc": 0.644808743169399
        },
        " 11th": {
            "loss": 0.7058167108457317,
            "acc": 0.6844444444444444
        },
        " 12th": {
            "loss": 0.7399405423775451,
            "acc": 0.7346938775510204
        },
        " 1st-4th": {
            "loss": 0.39320071864641937,
            "acc": 0.8695652173913043
        },
        " 5th-6th": {
            "loss": 0.6825647366583848,
            "acc": 0.7096774193548387
        },
        " 7th-8th": {
            "loss": 0.5644162637404155,
            "acc": 0.7304964539007093
        },
        " 9th": {
            "loss": 0.5424686614948656,
            "acc": 0.7652173913043478
        },
        " Assoc-acdm": {
            "loss": 0.9998881777676061,
            "acc": 0.649746192893401
        },
        " Assoc-voc": {
            "loss": 1.1786883418770187,
            "acc": 0.6373626373626373
        },
        " Bachelors": {
            "loss": 1.8372012494965624,
            "acc": 0.5270655270655271
        },
        " Doctorate": {
            "loss": 2.8522640335869585,
            "acc": 0.38961038961038963
        },
        " HS-grad": {
            "loss": 0.9848030036368998,
            "acc": 0.6737044145873321
        },
        " Masters": {
            "loss": 2.3568809166707947,
            "acc": 0.46612466124661245
        },
        " Preschool": {
            "loss": 0.6763521500098186,
            "acc": 0.6
        },
        " Prof-school": {
            "loss": 2.7500630496847016,
            "acc": 0.3620689655172414
        },
        " Some-college": {
            "loss": 0.9656549722376261,
            "acc": 0.665993265993266
        }
    },
    "education-num": {
        "1-9": {
            "loss": 0.8931829219583859,
            "acc": 0.6831009860591636
        },
        "10-13": {
            "loss": 1.6108554196142617,
            "acc": 0.5627051871306632
        },
        "13-16": {
            "loss": 2.5059087234895823,
            "acc": 0.43416370106761565
        },
        "9-10": {
            "loss": 0.9656549722376261,
            "acc": 0.665993265993266
        }
    },
    "relationship": {
        " Husband": {
            "loss": 1.8576445551049927,
            "acc": 0.5212355212355212
        },
        " Not-in-family": {
            "loss": 0.7747600565983807,
            "acc": 0.7042915931804821
        },
        " Other-relative": {
            "loss": 0.5206394638110097,
            "acc": 0.7415730337078652
        },
        " Own-child": {
            "loss": 0.5886642274198446,
            "acc": 0.7262021589793916
        },
        " Unmarried": {
            "loss": 0.6291725124471912,
            "acc": 0.7336182336182336
        },
        " Wife": {
            "loss": 2.0533772083901805,
            "acc": 0.5109034267912772
        }
    },
    "race": {
        " Amer-Indian-Eskimo": {
            "loss": 0.6597289793280102,
            "acc": 0.6338028169014085
        },
        " Asian-Pac-Islander": {
            "loss": 1.6143055444871015,
            "acc": 0.5595854922279793
        },
        " Black": {
            "loss": 0.8452458260671352,
            "acc": 0.6878130217028381
        },
        " Other": {
            "loss": 0.5844276293665142,
            "acc": 0.6727272727272727
        },
        " White": {
            "loss": 1.2561513707989318,
            "acc": 0.6252458430180583
        }
    },
    "gender": {
        " Female": {
            "loss": 0.8145454799863324,
            "acc": 0.7030588235294117
        },
        " Male": {
            "loss": 1.4116719035465486,
            "acc": 0.5939352485180118
        }
    },
    "hours-per-week": {
        "1-35": {
            "loss": 0.7003091010096201,
            "acc": 0.7203264094955489
        },
        "35-40": {
            "loss": 1.0776891018224033,
            "acc": 0.6390028400126223
        },
        "40-50": {
            "loss": 1.767405075269385,
            "acc": 0.560717196414018
        },
        "50-99": {
            "loss": 1.8183606971766044,
            "acc": 0.5410691003911343
        }
    }
}