{
    "age": {
        "17-26": {
            "loss": 0.47985001148973006,
            "acc": 0.7787671232876713
        },
        "26-33": {
            "loss": 1.0589836481034574,
            "acc": 0.7036082474226805
        },
        "33-41": {
            "loss": 1.5864472877193672,
            "acc": 0.6100676183320811
        },
        "41-50": {
            "loss": 1.7897865918083804,
            "acc": 0.5797448165869219
        },
        "50-90": {
            "loss": 1.636808958200632,
            "acc": 0.6121351766513057
        }
    },
    "education": {
        " 10th": {
            "loss": 0.771245544532449,
            "acc": 0.7103825136612022
        },
        " 11th": {
            "loss": 0.69657841149466,
            "acc": 0.7288888888888889
        },
        " 12th": {
            "loss": 0.705824069095534,
            "acc": 0.7551020408163265
        },
        " 1st-4th": {
            "loss": 0.3007088991208163,
            "acc": 0.8695652173913043
        },
        " 5th-6th": {
            "loss": 0.47853788171573375,
            "acc": 0.7258064516129032
        },
        " 7th-8th": {
            "loss": 0.5141534537125276,
            "acc": 0.7659574468085106
        },
        " 9th": {
            "loss": 0.4529393443438086,
            "acc": 0.8
        },
        " Assoc-acdm": {
            "loss": 1.0664268197067752,
            "acc": 0.6919191919191919
        },
        " Assoc-voc": {
            "loss": 1.2952210422683696,
            "acc": 0.663003663003663
        },
        " Bachelors": {
            "loss": 2.044838592786826,
            "acc": 0.5532319391634981
        },
        " Doctorate": {
            "loss": 3.253389357623413,
            "acc": 0.38961038961038963
        },
        " HS-grad": {
            "loss": 1.003228819888635,
            "acc": 0.7020153550863724
        },
        " Masters": {
            "loss": 2.7000416401195033,
            "acc": 0.4878048780487805
        },
        " Preschool": {
            "loss": 0.5195953651221175,
            "acc": 0.6
        },
        " Prof-school": {
            "loss": 3.138840805526208,
            "acc": 0.3706896551724138
        },
        " Some-college": {
            "loss": 0.9894505548595035,
            "acc": 0.6983164983164983
        }
    },
    "education-num": {
        "1-9": {
            "loss": 0.8922587437012587,
            "acc": 0.7147228833730024
        },
        "10-13": {
            "loss": 1.783268584670353,
            "acc": 0.5909389363099147
        },
        "13-16": {
            "loss": 2.866426831284948,
            "acc": 0.4501779359430605
        },
        "9-10": {
            "loss": 0.9894505548595035,
            "acc": 0.6983164983164983
        }
    },
    "relationship": {
        " Husband": {
            "loss": 2.104057924120204,
            "acc": 0.5328185328185329
        },
        " Not-in-family": {
            "loss": 0.7524279612237532,
            "acc": 0.7505882352941177
        },
        " Other-relative": {
            "loss": 0.4526828573071486,
            "acc": 0.7808988764044944
        },
        " Own-child": {
            "loss": 0.4868259843130163,
            "acc": 0.774288518155054
        },
        " Unmarried": {
            "loss": 0.5486165038269681,
            "acc": 0.7720797720797721
        },
        " Wife": {
            "loss": 2.2667621210340303,
            "acc": 0.515527950310559
        }
    },
    "race": {
        " Amer-Indian-Eskimo": {
            "loss": 0.6796868153917246,
            "acc": 0.6619718309859155
        },
        " Asian-Pac-Islander": {
            "loss": 1.759923015029133,
            "acc": 0.5958549222797928
        },
        " Black": {
            "loss": 0.8233882477869178,
            "acc": 0.7245409015025042
        },
        " Other": {
            "loss": 0.5214545205386864,
            "acc": 0.7636363636363637
        },
        " White": {
            "loss": 1.3428400693687403,
            "acc": 0.6533166458072591
        }
    },
    "gender": {
        " Female": {
            "loss": 0.7868651129022981,
            "acc": 0.7370649106302917
        },
        " Male": {
            "loss": 1.538755243511176,
            "acc": 0.621436716077537
        }
    },
    "hours-per-week": {
        "1-35": {
            "loss": 0.6546107749491601,
            "acc": 0.765752409191994
        },
        "35-40": {
            "loss": 1.1121234060148666,
            "acc": 0.6721363206058694
        },
        "40-50": {
            "loss": 2.003779792108682,
            "acc": 0.5794621026894865
        },
        "50-99": {
            "loss": 2.029099424075681,
            "acc": 0.5456919060052219
        }
    }
}