{
    "forget_x": [
        0,
        0,
        0,
        0,
        1,
        0,
        0,
        0,
        0,
        0,
        0,
        0,
        0,
        0,
        1,
        0,
        0,
        0,
        0,
        0,
        0,
        0,
        1,
        0,
        0,
        1,
        0,
        0,
        0,
        0,
        0,
        0,
        0,
        0,
        0,
        1,
        0,
        1,
        0,
        1,
        0,
        0
    ],
    "forget_y": 0,
    "sample": {
        "age": "26-33",
        "education": " Bachelors",
        "education-num": "10-13",
        "relationship": " Not-in-family",
        "race": " White",
        "gender": " Male",
        "hours-per-week": "50-99",
        "income": "<50k"
    },
    "performance": {
        "age": {
            "17-26": {
                "loss": 0.3015878711895968,
                "acc": 0.8602739726027397
            },
            "26-33": {
                "loss": 0.29583375986013644,
                "acc": 0.8460877042132416
            },
            "33-41": {
                "loss": 0.29385885636185777,
                "acc": 0.8602554470323065
            },
            "41-50": {
                "loss": 0.2958879103444995,
                "acc": 0.8588516746411483
            },
            "50-90": {
                "loss": 0.2906347555217509,
                "acc": 0.8548387096774194
            }
        },
        "education": {
            " 10th": {
                "loss": 0.33300121907697816,
                "acc": 0.8469945355191257
            },
            " 11th": {
                "loss": 0.2980742752278835,
                "acc": 0.8533333333333334
            },
            " 12th": {
                "loss": 0.3478169239662904,
                "acc": 0.826530612244898
            },
            " 1st-4th": {
                "loss": 0.2349497954118607,
                "acc": 0.8695652173913043
            },
            " 5th-6th": {
                "loss": 0.23970504053382505,
                "acc": 0.8709677419354839
            },
            " 7th-8th": {
                "loss": 0.2605761569370054,
                "acc": 0.8936170212765957
            },
            " 9th": {
                "loss": 0.28859027457791575,
                "acc": 0.8608695652173913
            },
            " Assoc-acdm": {
                "loss": 0.3017281499356204,
                "acc": 0.8434343434343434
            },
            " Assoc-voc": {
                "loss": 0.2795611579105961,
                "acc": 0.8681318681318682
            },
            " Bachelors": {
                "loss": 0.2933520896881269,
                "acc": 0.8610846812559467
            },
            " Doctorate": {
                "loss": 0.34301480714182225,
                "acc": 0.8441558441558441
            },
            " HS-grad": {
                "loss": 0.2974245021465486,
                "acc": 0.8512476007677543
            },
            " Masters": {
                "loss": 0.2764265426342723,
                "acc": 0.8726287262872628
            },
            " Preschool": {
                "loss": 0.3804978697569962,
                "acc": 0.8
            },
            " Prof-school": {
                "loss": 0.28355916338182197,
                "acc": 0.8620689655172413
            },
            " Some-college": {
                "loss": 0.298547379185588,
                "acc": 0.8552188552188552
            }
        },
        "education-num": {
            "1-9": {
                "loss": 0.2978321360928877,
                "acc": 0.8531111866712002
            },
            "10-13": {
                "loss": 0.2919680788824358,
                "acc": 0.8600525624178712
            },
            "13-16": {
                "loss": 0.2870220593136266,
                "acc": 0.8665480427046264
            },
            "9-10": {
                "loss": 0.298547379185588,
                "acc": 0.8552188552188552
            }
        },
        "relationship": {
            " Husband": {
                "loss": 0.2975484270759497,
                "acc": 0.855984555984556
            },
            " Not-in-family": {
                "loss": 0.284604570326165,
                "acc": 0.8622719246615657
            },
            " Other-relative": {
                "loss": 0.21245887341920422,
                "acc": 0.9269662921348315
            },
            " Own-child": {
                "loss": 0.32030537548877536,
                "acc": 0.8439646712463199
            },
            " Unmarried": {
                "loss": 0.2995059714633542,
                "acc": 0.8504273504273504
            },
            " Wife": {
                "loss": 0.2990476508176577,
                "acc": 0.8416149068322981
            }
        },
        "race": {
            " Amer-Indian-Eskimo": {
                "loss": 0.2769541436241688,
                "acc": 0.8309859154929577
            },
            " Asian-Pac-Islander": {
                "loss": 0.2607765495586479,
                "acc": 0.8860103626943006
            },
            " Black": {
                "loss": 0.3013104727578916,
                "acc": 0.8580968280467446
            },
            " Other": {
                "loss": 0.28824369145213435,
                "acc": 0.8545454545454545
            },
            " White": {
                "loss": 0.2966053271207332,
                "acc": 0.8555078683834049
            }
        },
        "gender": {
            " Female": {
                "loss": 0.2973268197274861,
                "acc": 0.856
            },
            " Male": {
                "loss": 0.2948984017815743,
                "acc": 0.8565564424173319
            }
        },
        "hours-per-week": {
            "1-35": {
                "loss": 0.27659603190968135,
                "acc": 0.876945885841364
            },
            "35-40": {
                "loss": 0.3072175239018444,
                "acc": 0.8462752525252525
            },
            "40-50": {
                "loss": 0.2840337773381156,
                "acc": 0.8557457212713936
            },
            "50-99": {
                "loss": 0.3003216399112719,
                "acc": 0.8629242819843342
            }
        }
    }
}