{
    "age": {
        "17-26": {
            "loss": 0.47280927039927706,
            "acc": 0.7698630136986301
        },
        "26-33": {
            "loss": 0.9858345178964197,
            "acc": 0.6909871244635193
        },
        "33-41": {
            "loss": 1.4597807679484809,
            "acc": 0.6055597295266717
        },
        "41-50": {
            "loss": 1.6435237578100172,
            "acc": 0.5797448165869219
        },
        "50-90": {
            "loss": 1.5286955052859708,
            "acc": 0.6072252113758647
        }
    },
    "education": {
        " 10th": {
            "loss": 0.723330649770932,
            "acc": 0.6885245901639344
        },
        " 11th": {
            "loss": 0.6559378313755613,
            "acc": 0.7155555555555555
        },
        " 12th": {
            "loss": 0.6877856559113699,
            "acc": 0.7551020408163265
        },
        " 1st-4th": {
            "loss": 0.3368618100213458,
            "acc": 0.8695652173913043
        },
        " 5th-6th": {
            "loss": 0.5384041901609272,
            "acc": 0.7258064516129032
        },
        " 7th-8th": {
            "loss": 0.48096391837548313,
            "acc": 0.7659574468085106
        },
        " 9th": {
            "loss": 0.4691398430133016,
            "acc": 0.782608695652174
        },
        " Assoc-acdm": {
            "loss": 1.0090306613945517,
            "acc": 0.696969696969697
        },
        " Assoc-voc": {
            "loss": 1.2388109909734526,
            "acc": 0.6556776556776557
        },
        " Bachelors": {
            "loss": 1.8818081199195715,
            "acc": 0.5527065527065527
        },
        " Doctorate": {
            "loss": 3.003693888065151,
            "acc": 0.4025974025974026
        },
        " HS-grad": {
            "loss": 0.9345507590606292,
            "acc": 0.6951512241958714
        },
        " Masters": {
            "loss": 2.391078327154996,
            "acc": 0.46883468834688347
        },
        " Preschool": {
            "loss": 0.4660717223563206,
            "acc": 0.7
        },
        " Prof-school": {
            "loss": 2.785755632956927,
            "acc": 0.3620689655172414
        },
        " Some-college": {
            "loss": 0.9520046115821004,
            "acc": 0.6922558922558922
        }
    },
    "education-num": {
        "1-9": {
            "loss": 0.8372735848475122,
            "acc": 0.7071428571428572
        },
        "10-13": {
            "loss": 1.653233216382667,
            "acc": 0.5898950131233596
        },
        "13-16": {
            "loss": 2.5564768425697753,
            "acc": 0.4377224199288256
        },
        "9-10": {
            "loss": 0.9520046115821004,
            "acc": 0.6922558922558922
        }
    },
    "relationship": {
        " Husband": {
            "loss": 1.9276823391141142,
            "acc": 0.5335907335907336
        },
        " Not-in-family": {
            "loss": 0.7171096686903891,
            "acc": 0.7366255144032922
        },
        " Other-relative": {
            "loss": 0.44365499432698535,
            "acc": 0.7696629213483146
        },
        " Own-child": {
            "loss": 0.48875939509357125,
            "acc": 0.7664376840039254
        },
        " Unmarried": {
            "loss": 0.553142317487281,
            "acc": 0.7592592592592593
        },
        " Wife": {
            "loss": 2.0366214041370307,
            "acc": 0.5171339563862928
        }
    },
    "race": {
        " Amer-Indian-Eskimo": {
            "loss": 0.6212224108411837,
            "acc": 0.676056338028169
        },
        " Asian-Pac-Islander": {
            "loss": 1.6515437760582132,
            "acc": 0.5751295336787565
        },
        " Black": {
            "loss": 0.7738758208850626,
            "acc": 0.7161936560934892
        },
        " Other": {
            "loss": 0.5002110808008281,
            "acc": 0.7454545454545455
        },
        " White": {
            "loss": 1.2475702894402603,
            "acc": 0.6477740032183086
        }
    },
    "gender": {
        " Female": {
            "loss": 0.7509301441749405,
            "acc": 0.7303529411764705
        },
        " Male": {
            "loss": 1.4217628906910145,
            "acc": 0.615595075239398
        }
    },
    "hours-per-week": {
        "1-35": {
            "loss": 0.6385003328479012,
            "acc": 0.7561156412157154
        },
        "35-40": {
            "loss": 1.0512014033951578,
            "acc": 0.6660353535353535
        },
        "40-50": {
            "loss": 1.8190337418066238,
            "acc": 0.5770171149144254
        },
        "50-99": {
            "loss": 1.8358294638567132,
            "acc": 0.5397653194263363
        }
    }
}