{
    "forget_x": [
        1,
        0,
        0,
        0,
        0,
        0,
        0,
        0,
        0,
        0,
        0,
        0,
        0,
        0,
        0,
        0,
        0,
        0,
        0,
        0,
        1,
        0,
        0,
        0,
        1,
        0,
        0,
        1,
        0,
        0,
        0,
        0,
        0,
        1,
        0,
        0,
        0,
        1,
        1,
        0,
        0,
        0
    ],
    "forget_y": 0,
    "sample": {
        "age": "50-90",
        "education": " HS-grad",
        "education-num": "1-9",
        "relationship": " Wife",
        "race": " White",
        "gender": " Female",
        "hours-per-week": "35-40",
        "income": ">=50k"
    },
    "performance": {
        "age": {
            "17-26": {
                "loss": 0.3012527137544287,
                "acc": 0.8568493150684932
            },
            "26-33": {
                "loss": 0.302638111318116,
                "acc": 0.8487972508591065
            },
            "33-41": {
                "loss": 0.3074474642889101,
                "acc": 0.8534936138241923
            },
            "41-50": {
                "loss": 0.30959997514632387,
                "acc": 0.8564593301435407
            },
            "50-90": {
                "loss": 0.3027463488338699,
                "acc": 0.851652574942352
            }
        },
        "education": {
            " 10th": {
                "loss": 0.3498264630391785,
                "acc": 0.8306010928961749
            },
            " 11th": {
                "loss": 0.30808964667761435,
                "acc": 0.8533333333333334
            },
            " 12th": {
                "loss": 0.35643640806107757,
                "acc": 0.8061224489795918
            },
            " 1st-4th": {
                "loss": 0.24412301776237086,
                "acc": 0.8695652173913043
            },
            " 5th-6th": {
                "loss": 0.2551359997618208,
                "acc": 0.8709677419354839
            },
            " 7th-8th": {
                "loss": 0.2880754076225838,
                "acc": 0.8723404255319149
            },
            " 9th": {
                "loss": 0.2959071198797864,
                "acc": 0.8521739130434782
            },
            " Assoc-acdm": {
                "loss": 0.31584593818350354,
                "acc": 0.8434343434343434
            },
            " Assoc-voc": {
                "loss": 0.2965246575106596,
                "acc": 0.8461538461538461
            },
            " Bachelors": {
                "loss": 0.305524585904122,
                "acc": 0.8564638783269962
            },
            " Doctorate": {
                "loss": 0.33955847716779897,
                "acc": 0.8571428571428571
            },
            " HS-grad": {
                "loss": 0.3010581787239152,
                "acc": 0.8502160345655305
            },
            " Masters": {
                "loss": 0.28686767877122393,
                "acc": 0.8834688346883469
            },
            " Preschool": {
                "loss": 0.3997531312372462,
                "acc": 0.8
            },
            " Prof-school": {
                "loss": 0.30219014831207347,
                "acc": 0.853448275862069
            },
            " Some-college": {
                "loss": 0.30708197358143374,
                "acc": 0.8552188552188552
            }
        },
        "education-num": {
            "1-9": {
                "loss": 0.30457554812164384,
                "acc": 0.8493197278911565
            },
            "10-13": {
                "loss": 0.3052531790097707,
                "acc": 0.8529218647406435
            },
            "13-16": {
                "loss": 0.29724952564537827,
                "acc": 0.8736654804270463
            },
            "9-10": {
                "loss": 0.30708197358143374,
                "acc": 0.8552188552188552
            }
        },
        "relationship": {
            " Husband": {
                "loss": 0.3061674529151827,
                "acc": 0.8536679536679537
            },
            " Not-in-family": {
                "loss": 0.2946183864256959,
                "acc": 0.86
            },
            " Other-relative": {
                "loss": 0.22274941902092676,
                "acc": 0.9213483146067416
            },
            " Own-child": {
                "loss": 0.3233392248551765,
                "acc": 0.8380765456329735
            },
            " Unmarried": {
                "loss": 0.30990921305384583,
                "acc": 0.8518518518518519
            },
            " Wife": {
                "loss": 0.32059306242893426,
                "acc": 0.8348909657320872
            }
        },
        "race": {
            " Amer-Indian-Eskimo": {
                "loss": 0.2876422671587499,
                "acc": 0.8028169014084507
            },
            " Asian-Pac-Islander": {
                "loss": 0.2814051280141383,
                "acc": 0.8756476683937824
            },
            " Black": {
                "loss": 0.30171532073931734,
                "acc": 0.8514190317195326
            },
            " Other": {
                "loss": 0.332291797406203,
                "acc": 0.8181818181818182
            },
            " White": {
                "loss": 0.30573790247415145,
                "acc": 0.8540772532188842
            }
        },
        "gender": {
            " Female": {
                "loss": 0.30804257823794706,
                "acc": 0.8516949152542372
            },
            " Male": {
                "loss": 0.3030417763596079,
                "acc": 0.8545371637026904
            }
        },
        "hours-per-week": {
            "1-35": {
                "loss": 0.2842120556838176,
                "acc": 0.8724981467753892
            },
            "35-40": {
                "loss": 0.3182418435277153,
                "acc": 0.8424376381433534
            },
            "40-50": {
                "loss": 0.29131931723701504,
                "acc": 0.8598207008964955
            },
            "50-99": {
                "loss": 0.305998544290848,
                "acc": 0.8565840938722294
            }
        }
    }
}