{
    "forget_x": [
        0,
        0,
        1,
        0,
        0,
        0,
        0,
        0,
        0,
        0,
        0,
        0,
        0,
        0,
        1,
        0,
        0,
        0,
        0,
        0,
        0,
        0,
        1,
        0,
        0,
        0,
        1,
        0,
        0,
        0,
        0,
        0,
        0,
        0,
        0,
        1,
        0,
        1,
        0,
        1,
        0,
        0
    ],
    "forget_y": 1,
    "sample": {
        "age": "17-26",
        "education": " Some-college",
        "education-num": "9-10",
        "relationship": " Other-relative",
        "race": " Black",
        "gender": " Male",
        "hours-per-week": "1-35",
        "income": "<50k"
    },
    "performance": {
        "age": {
            "17-26": {
                "loss": 0.2964770695677853,
                "acc": 0.8560657984921178
            },
            "26-33": {
                "loss": 0.2888296948755725,
                "acc": 0.8496563573883161
            },
            "33-41": {
                "loss": 0.2923051560312405,
                "acc": 0.8580015026296018
            },
            "41-50": {
                "loss": 0.2995796792017464,
                "acc": 0.854066985645933
            },
            "50-90": {
                "loss": 0.2874117996090441,
                "acc": 0.8602150537634409
            }
        },
        "education": {
            " 10th": {
                "loss": 0.3313242581972894,
                "acc": 0.8469945355191257
            },
            " 11th": {
                "loss": 0.29787606821262097,
                "acc": 0.8666666666666667
            },
            " 12th": {
                "loss": 0.35389235240178746,
                "acc": 0.826530612244898
            },
            " 1st-4th": {
                "loss": 0.24818117208214177,
                "acc": 0.8695652173913043
            },
            " 5th-6th": {
                "loss": 0.2381261937143774,
                "acc": 0.8548387096774194
            },
            " 7th-8th": {
                "loss": 0.2505767910298219,
                "acc": 0.8936170212765957
            },
            " 9th": {
                "loss": 0.28290781693689854,
                "acc": 0.8782608695652174
            },
            " Assoc-acdm": {
                "loss": 0.31468526202553243,
                "acc": 0.8333333333333334
            },
            " Assoc-voc": {
                "loss": 0.2839231762242676,
                "acc": 0.8644688644688645
            },
            " Bachelors": {
                "loss": 0.29356562717385826,
                "acc": 0.8602661596958175
            },
            " Doctorate": {
                "loss": 0.3340799520957075,
                "acc": 0.8311688311688312
            },
            " HS-grad": {
                "loss": 0.2924348031706177,
                "acc": 0.8474088291746641
            },
            " Masters": {
                "loss": 0.2778068978231236,
                "acc": 0.8644986449864499
            },
            " Preschool": {
                "loss": 0.39821441125533386,
                "acc": 0.8
            },
            " Prof-school": {
                "loss": 0.28777759583618645,
                "acc": 0.8620689655172413
            },
            " Some-college": {
                "loss": 0.29200963936338625,
                "acc": 0.860512129380054
            }
        },
        "education-num": {
            "1-9": {
                "loss": 0.29380819330315205,
                "acc": 0.851751105066304
            },
            "10-13": {
                "loss": 0.2945828947978852,
                "acc": 0.8575180564674983
            },
            "13-16": {
                "loss": 0.2875749158809601,
                "acc": 0.8594306049822064
            },
            "9-10": {
                "loss": 0.29200963936338625,
                "acc": 0.860512129380054
            }
        },
        "relationship": {
            " Husband": {
                "loss": 0.2968002763290938,
                "acc": 0.8536679536679537
            },
            " Not-in-family": {
                "loss": 0.27956697759119836,
                "acc": 0.8647058823529412
            },
            " Other-relative": {
                "loss": 0.19716861350208423,
                "acc": 0.9096045197740112
            },
            " Own-child": {
                "loss": 0.3180043260966524,
                "acc": 0.8420019627085378
            },
            " Unmarried": {
                "loss": 0.2937858845053715,
                "acc": 0.8575498575498576
            },
            " Wife": {
                "loss": 0.3060233895018482,
                "acc": 0.8354037267080745
            }
        },
        "race": {
            " Amer-Indian-Eskimo": {
                "loss": 0.2855017429027619,
                "acc": 0.8309859154929577
            },
            " Asian-Pac-Islander": {
                "loss": 0.2718924105058137,
                "acc": 0.8756476683937824
            },
            " Black": {
                "loss": 0.2928827974196618,
                "acc": 0.8528428093645485
            },
            " Other": {
                "loss": 0.30002059837034284,
                "acc": 0.8545454545454545
            },
            " White": {
                "loss": 0.29381515252656176,
                "acc": 0.8557124977650634
            }
        },
        "gender": {
            " Female": {
                "loss": 0.2945790938168498,
                "acc": 0.856
            },
            " Male": {
                "loss": 0.29229611823518986,
                "acc": 0.8556442417331813
            }
        },
        "hours-per-week": {
            "1-35": {
                "loss": 0.2681343977645297,
                "acc": 0.8783382789317508
            },
            "35-40": {
                "loss": 0.3071729831300062,
                "acc": 0.8459595959595959
            },
            "40-50": {
                "loss": 0.2824930825774982,
                "acc": 0.856560717196414
            },
            "50-99": {
                "loss": 0.2953205498788483,
                "acc": 0.8552803129074316
            }
        }
    }
}