{
    "age": {
        "17-26": {
            "loss": 0.5227294765236921,
            "acc": 0.7690198766278272
        },
        "26-33": {
            "loss": 1.068383215218524,
            "acc": 0.7004291845493562
        },
        "33-41": {
            "loss": 1.5591555454542991,
            "acc": 0.6100676183320811
        },
        "41-50": {
            "loss": 1.7478385078952061,
            "acc": 0.5853269537480064
        },
        "50-90": {
            "loss": 1.6355089471398683,
            "acc": 0.6036866359447005
        }
    },
    "education": {
        " 10th": {
            "loss": 0.7449415221883257,
            "acc": 0.7049180327868853
        },
        " 11th": {
            "loss": 0.7103544824589308,
            "acc": 0.72
        },
        " 12th": {
            "loss": 0.6668452221755743,
            "acc": 0.7755102040816326
        },
        " 1st-4th": {
            "loss": 0.3376480545934803,
            "acc": 0.8695652173913043
        },
        " 5th-6th": {
            "loss": 0.526260102447109,
            "acc": 0.7419354838709677
        },
        " 7th-8th": {
            "loss": 0.5593040952324142,
            "acc": 0.7659574468085106
        },
        " 9th": {
            "loss": 0.5140470912746724,
            "acc": 0.8
        },
        " Assoc-acdm": {
            "loss": 1.1267195045499199,
            "acc": 0.696969696969697
        },
        " Assoc-voc": {
            "loss": 1.3020749946956962,
            "acc": 0.663003663003663
        },
        " Bachelors": {
            "loss": 2.0291003170387136,
            "acc": 0.5527065527065527
        },
        " Doctorate": {
            "loss": 3.037875695849594,
            "acc": 0.4155844155844156
        },
        " HS-grad": {
            "loss": 1.0071443835682656,
            "acc": 0.6986564299424184
        },
        " Masters": {
            "loss": 2.55841940693862,
            "acc": 0.4742547425474255
        },
        " Preschool": {
            "loss": 0.589753056954183,
            "acc": 0.6
        },
        " Prof-school": {
            "loss": 2.9108873488465687,
            "acc": 0.3879310344827586
        },
        " Some-college": {
            "loss": 1.0298440634824833,
            "acc": 0.6886792452830188
        }
    },
    "education-num": {
        "1-9": {
            "loss": 0.8992392517322231,
            "acc": 0.7123427405644339
        },
        "10-13": {
            "loss": 1.781627013972817,
            "acc": 0.5912073490813649
        },
        "13-16": {
            "loss": 2.6968614274145413,
            "acc": 0.4483985765124555
        },
        "9-10": {
            "loss": 1.0298440634824833,
            "acc": 0.6886792452830188
        }
    },
    "relationship": {
        " Husband": {
            "loss": 2.0528420540373267,
            "acc": 0.537065637065637
        },
        " Not-in-family": {
            "loss": 0.7775116720965511,
            "acc": 0.7407407407407407
        },
        " Other-relative": {
            "loss": 0.47259895966210014,
            "acc": 0.7627118644067796
        },
        " Own-child": {
            "loss": 0.5373682269006632,
            "acc": 0.7703631010794897
        },
        " Unmarried": {
            "loss": 0.5886984661450171,
            "acc": 0.7663817663817664
        },
        " Wife": {
            "loss": 2.2356648588674695,
            "acc": 0.5
        }
    },
    "race": {
        " Amer-Indian-Eskimo": {
            "loss": 0.6883189707980367,
            "acc": 0.6901408450704225
        },
        " Asian-Pac-Islander": {
            "loss": 1.757424527643153,
            "acc": 0.5958549222797928
        },
        " Black": {
            "loss": 0.8731285115708832,
            "acc": 0.7157190635451505
        },
        " Other": {
            "loss": 0.5771766141901771,
            "acc": 0.7272727272727273
        },
        " White": {
            "loss": 1.33390378559034,
            "acc": 0.6503396496245978
        }
    },
    "gender": {
        " Female": {
            "loss": 0.8110407726492824,
            "acc": 0.7333019755409219
        },
        " Male": {
            "loss": 1.5232643645157635,
            "acc": 0.6182440136830103
        }
    },
    "hours-per-week": {
        "1-35": {
            "loss": 0.6933966629579987,
            "acc": 0.7566765578635015
        },
        "35-40": {
            "loss": 1.1291787246708207,
            "acc": 0.6680340801514674
        },
        "40-50": {
            "loss": 1.9494225856817535,
            "acc": 0.5778321108394459
        },
        "50-99": {
            "loss": 1.9540799586353343,
            "acc": 0.5528031290743155
        }
    }
}