{
    "age": {
        "17-26": {
            "loss": 0.3049293833749948,
            "acc": 0.8568493150684932
        },
        "26-33": {
            "loss": 0.29322232945945914,
            "acc": 0.8538263112639725
        },
        "33-41": {
            "loss": 0.30346249440626566,
            "acc": 0.8459804658151766
        },
        "41-50": {
            "loss": 0.3025042535693087,
            "acc": 0.8580542264752791
        },
        "50-90": {
            "loss": 0.2925453423098871,
            "acc": 0.8609831029185868
        }
    },
    "education": {
        " 10th": {
            "loss": 0.3388914209283389,
            "acc": 0.8524590163934426
        },
        " 11th": {
            "loss": 0.311718113910939,
            "acc": 0.8577777777777778
        },
        " 12th": {
            "loss": 0.35832159289854626,
            "acc": 0.8163265306122449
        },
        " 1st-4th": {
            "loss": 0.25729129810395174,
            "acc": 0.8695652173913043
        },
        " 5th-6th": {
            "loss": 0.2631171848351787,
            "acc": 0.8548387096774194
        },
        " 7th-8th": {
            "loss": 0.2672885672564398,
            "acc": 0.8865248226950354
        },
        " 9th": {
            "loss": 0.27637333337207914,
            "acc": 0.8608695652173913
        },
        " Assoc-acdm": {
            "loss": 0.32019585101829245,
            "acc": 0.8333333333333334
        },
        " Assoc-voc": {
            "loss": 0.28433979988001346,
            "acc": 0.8644688644688645
        },
        " Bachelors": {
            "loss": 0.30250383426516897,
            "acc": 0.8544243577545195
        },
        " Doctorate": {
            "loss": 0.3362553746636679,
            "acc": 0.8311688311688312
        },
        " HS-grad": {
            "loss": 0.2955193800716851,
            "acc": 0.8526871401151631
        },
        " Masters": {
            "loss": 0.27817457561009395,
            "acc": 0.8753387533875339
        },
        " Preschool": {
            "loss": 0.4023963977518224,
            "acc": 0.7
        },
        " Prof-school": {
            "loss": 0.2905366175793463,
            "acc": 0.8620689655172413
        },
        " Some-college": {
            "loss": 0.30323559231585456,
            "acc": 0.8558922558922559
        }
    },
    "education-num": {
        "1-9": {
            "loss": 0.2988293643141556,
            "acc": 0.8534512070724244
        },
        "10-13": {
            "loss": 0.30154735458709475,
            "acc": 0.8534822601839684
        },
        "13-16": {
            "loss": 0.28868386101144355,
            "acc": 0.8665480427046264
        },
        "9-10": {
            "loss": 0.30323559231585456,
            "acc": 0.8558922558922559
        }
    },
    "relationship": {
        " Husband": {
            "loss": 0.29472184486894026,
            "acc": 0.8594594594594595
        },
        " Not-in-family": {
            "loss": 0.29472915215814477,
            "acc": 0.8558823529411764
        },
        " Other-relative": {
            "loss": 0.21776162344346825,
            "acc": 0.9157303370786517
        },
        " Own-child": {
            "loss": 0.32884431404015707,
            "acc": 0.8390578999018645
        },
        " Unmarried": {
            "loss": 0.3044872533399731,
            "acc": 0.8530670470756063
        },
        " Wife": {
            "loss": 0.3064869321626897,
            "acc": 0.8385093167701864
        }
    },
    "race": {
        " Amer-Indian-Eskimo": {
            "loss": 0.30275043768425736,
            "acc": 0.8309859154929577
        },
        " Asian-Pac-Islander": {
            "loss": 0.264714415196852,
            "acc": 0.8911917098445595
        },
        " Black": {
            "loss": 0.3075487300653148,
            "acc": 0.8411371237458194
        },
        " Other": {
            "loss": 0.3456545625638623,
            "acc": 0.8181818181818182
        },
        " White": {
            "loss": 0.29945415946331416,
            "acc": 0.8560700876095119
        }
    },
    "gender": {
        " Female": {
            "loss": 0.3063592363642792,
            "acc": 0.8531073446327684
        },
        " Male": {
            "loss": 0.29631792078641933,
            "acc": 0.8561331509347925
        }
    },
    "hours-per-week": {
        "1-35": {
            "loss": 0.2816312130987729,
            "acc": 0.8731454005934718
        },
        "35-40": {
            "loss": 0.31193322953486763,
            "acc": 0.8469065656565656
        },
        "40-50": {
            "loss": 0.2867872245354639,
            "acc": 0.8573757131214343
        },
        "50-99": {
            "loss": 0.3006859813276966,
            "acc": 0.8539765319426337
        }
    }
}