{
    "forget_x": [
        0,
        0,
        1,
        0,
        0,
        0,
        0,
        0,
        0,
        0,
        0,
        1,
        0,
        0,
        0,
        0,
        0,
        0,
        0,
        0,
        0,
        1,
        0,
        0,
        0,
        1,
        0,
        0,
        0,
        0,
        0,
        0,
        0,
        0,
        0,
        1,
        0,
        1,
        0,
        1,
        0,
        0
    ],
    "forget_y": 0,
    "sample": {
        "age": "26-33",
        "education": " Bachelors",
        "education-num": "10-13",
        "relationship": " Unmarried",
        "race": " Black",
        "gender": " Female",
        "hours-per-week": "1-35",
        "income": "<50k"
    },
    "performance": {
        "age": {
            "17-26": {
                "loss": 0.3096354743956513,
                "acc": 0.8513698630136987
            },
            "26-33": {
                "loss": 0.29794887929218733,
                "acc": 0.8469475494411006
            },
            "33-41": {
                "loss": 0.30270294726280345,
                "acc": 0.8474830954169797
            },
            "41-50": {
                "loss": 0.30106716250224264,
                "acc": 0.8556618819776715
            },
            "50-90": {
                "loss": 0.28943984573035203,
                "acc": 0.8648233486943164
            }
        },
        "education": {
            " 10th": {
                "loss": 0.34503124647827876,
                "acc": 0.8415300546448088
            },
            " 11th": {
                "loss": 0.31525855541440345,
                "acc": 0.8711111111111111
            },
            " 12th": {
                "loss": 0.36530565349921273,
                "acc": 0.826530612244898
            },
            " 1st-4th": {
                "loss": 0.23091210154838873,
                "acc": 0.8695652173913043
            },
            " 5th-6th": {
                "loss": 0.2573556282140703,
                "acc": 0.8387096774193549
            },
            " 7th-8th": {
                "loss": 0.2586678487780685,
                "acc": 0.8936170212765957
            },
            " 9th": {
                "loss": 0.28292442416461755,
                "acc": 0.8869565217391304
            },
            " Assoc-acdm": {
                "loss": 0.32235929034214855,
                "acc": 0.8232323232323232
            },
            " Assoc-voc": {
                "loss": 0.28119093122524164,
                "acc": 0.8571428571428571
            },
            " Bachelors": {
                "loss": 0.3068173293731596,
                "acc": 0.8506184586108468
            },
            " Doctorate": {
                "loss": 0.3389718065961978,
                "acc": 0.8441558441558441
            },
            " HS-grad": {
                "loss": 0.295086235927062,
                "acc": 0.8536468330134357
            },
            " Masters": {
                "loss": 0.2762726159792479,
                "acc": 0.8536585365853658
            },
            " Preschool": {
                "loss": 0.42397199982282785,
                "acc": 0.7
            },
            " Prof-school": {
                "loss": 0.279191237650094,
                "acc": 0.8620689655172413
            },
            " Some-college": {
                "loss": 0.30507151015249856,
                "acc": 0.8531986531986532
            }
        },
        "education-num": {
            "1-9": {
                "loss": 0.2989965268712808,
                "acc": 0.8558313498809929
            },
            "10-13": {
                "loss": 0.3042426260732106,
                "acc": 0.8482260183968463
            },
            "13-16": {
                "loss": 0.2854654946114957,
                "acc": 0.8540925266903915
            },
            "9-10": {
                "loss": 0.30507151015249856,
                "acc": 0.8531986531986532
            }
        },
        "relationship": {
            " Husband": {
                "loss": 0.29462237618402126,
                "acc": 0.8563706563706563
            },
            " Not-in-family": {
                "loss": 0.2959205281850123,
                "acc": 0.8523529411764705
            },
            " Other-relative": {
                "loss": 0.2125403401163876,
                "acc": 0.9101123595505618
            },
            " Own-child": {
                "loss": 0.3300841643001723,
                "acc": 0.8380765456329735
            },
            " Unmarried": {
                "loss": 0.3114021712776687,
                "acc": 0.8530670470756063
            },
            " Wife": {
                "loss": 0.3020221885112152,
                "acc": 0.8509316770186336
            }
        },
        "race": {
            " Amer-Indian-Eskimo": {
                "loss": 0.2979800801425741,
                "acc": 0.8169014084507042
            },
            " Asian-Pac-Islander": {
                "loss": 0.25737694980194825,
                "acc": 0.8963730569948186
            },
            " Black": {
                "loss": 0.31438268377626066,
                "acc": 0.8377926421404682
            },
            " Other": {
                "loss": 0.3421878490351367,
                "acc": 0.8181818181818182
            },
            " White": {
                "loss": 0.30005674045466946,
                "acc": 0.8542821383872699
            }
        },
        "gender": {
            " Female": {
                "loss": 0.30928894327317746,
                "acc": 0.8502824858757062
            },
            " Male": {
                "loss": 0.2961557563720384,
                "acc": 0.854765161878705
            }
        },
        "hours-per-week": {
            "1-35": {
                "loss": 0.2852538229641964,
                "acc": 0.8679525222551929
            },
            "35-40": {
                "loss": 0.3116708466434949,
                "acc": 0.8453282828282829
            },
            "40-50": {
                "loss": 0.28717493003318967,
                "acc": 0.8533007334963325
            },
            "50-99": {
                "loss": 0.3019684853806157,
                "acc": 0.8604954367666232
            }
        }
    }
}