{
    "age": {
        "17-26": {
            "loss": 0.4768921744397182,
            "acc": 0.7773972602739726
        },
        "26-33": {
            "loss": 1.0005298908015443,
            "acc": 0.6941580756013745
        },
        "33-41": {
            "loss": 1.4431895987783125,
            "acc": 0.6078136739293765
        },
        "41-50": {
            "loss": 1.6646133328282942,
            "acc": 0.5733652312599681
        },
        "50-90": {
            "loss": 1.4930248310165048,
            "acc": 0.6082949308755761
        }
    },
    "education": {
        " 10th": {
            "loss": 0.6744304799629963,
            "acc": 0.7103825136612022
        },
        " 11th": {
            "loss": 0.6882153270625607,
            "acc": 0.7288888888888889
        },
        " 12th": {
            "loss": 0.6110025971456514,
            "acc": 0.7755102040816326
        },
        " 1st-4th": {
            "loss": 0.314940439629293,
            "acc": 0.8695652173913043
        },
        " 5th-6th": {
            "loss": 0.5139280181949536,
            "acc": 0.7419354838709677
        },
        " 7th-8th": {
            "loss": 0.49605038079806807,
            "acc": 0.7801418439716312
        },
        " 9th": {
            "loss": 0.4640312305227547,
            "acc": 0.8
        },
        " Assoc-acdm": {
            "loss": 1.0181815084798018,
            "acc": 0.696969696969697
        },
        " Assoc-voc": {
            "loss": 1.143405409623862,
            "acc": 0.6703296703296703
        },
        " Bachelors": {
            "loss": 1.8825536004453887,
            "acc": 0.5427756653992395
        },
        " Doctorate": {
            "loss": 2.9578017761762836,
            "acc": 0.36363636363636365
        },
        " HS-grad": {
            "loss": 0.9449808959041673,
            "acc": 0.6986564299424184
        },
        " Masters": {
            "loss": 2.3895375812040367,
            "acc": 0.46883468834688347
        },
        " Preschool": {
            "loss": 0.5689855025543709,
            "acc": 0.6
        },
        " Prof-school": {
            "loss": 2.9664940934113435,
            "acc": 0.33620689655172414
        },
        " Some-college": {
            "loss": 0.9358366095515356,
            "acc": 0.6942760942760943
        }
    },
    "education-num": {
        "1-9": {
            "loss": 0.8417515761559388,
            "acc": 0.7140428425705543
        },
        "10-13": {
            "loss": 1.6376861478495477,
            "acc": 0.5856861457649376
        },
        "13-16": {
            "loss": 2.5864829520739874,
            "acc": 0.42704626334519574
        },
        "9-10": {
            "loss": 0.9358366095515356,
            "acc": 0.6942760942760943
        }
    },
    "relationship": {
        " Husband": {
            "loss": 1.9052058048361986,
            "acc": 0.5293436293436293
        },
        " Not-in-family": {
            "loss": 0.7228981685744325,
            "acc": 0.7430922986478542
        },
        " Other-relative": {
            "loss": 0.453731596302752,
            "acc": 0.7752808988764045
        },
        " Own-child": {
            "loss": 0.4868395508018179,
            "acc": 0.774288518155054
        },
        " Unmarried": {
            "loss": 0.5801497082022823,
            "acc": 0.7674750356633381
        },
        " Wife": {
            "loss": 2.066573545867975,
            "acc": 0.5062111801242236
        }
    },
    "race": {
        " Amer-Indian-Eskimo": {
            "loss": 0.6182995188747107,
            "acc": 0.676056338028169
        },
        " Asian-Pac-Islander": {
            "loss": 1.5454158041992145,
            "acc": 0.5751295336787565
        },
        " Black": {
            "loss": 0.7839004220871065,
            "acc": 0.7157190635451505
        },
        " Other": {
            "loss": 0.5240239196824483,
            "acc": 0.7636363636363637
        },
        " White": {
            "loss": 1.2465766694418894,
            "acc": 0.6496245977833393
        }
    },
    "gender": {
        " Female": {
            "loss": 0.7627768422303279,
            "acc": 0.7331764705882353
        },
        " Male": {
            "loss": 1.4118119888644887,
            "acc": 0.616735066119471
        }
    },
    "hours-per-week": {
        "1-35": {
            "loss": 0.6378195013931719,
            "acc": 0.7566765578635015
        },
        "35-40": {
            "loss": 1.0515453765892144,
            "acc": 0.6711896497317766
        },
        "40-50": {
            "loss": 1.8080705513855058,
            "acc": 0.5721271393643031
        },
        "50-99": {
            "loss": 1.8285236245891316,
            "acc": 0.5397653194263363
        }
    }
}