{
    "forget_x": [
        0,
        1,
        0,
        0,
        0,
        0,
        0,
        0,
        0,
        0,
        0,
        0,
        0,
        0,
        0,
        0,
        1,
        0,
        0,
        0,
        0,
        1,
        0,
        0,
        0,
        1,
        0,
        0,
        0,
        0,
        0,
        0,
        0,
        0,
        0,
        1,
        0,
        1,
        0,
        1,
        0,
        0
    ],
    "forget_y": 0,
    "sample": {
        "age": "26-33",
        "education": " Bachelors",
        "education-num": "10-13",
        "relationship": " Husband",
        "race": " White",
        "gender": " Male",
        "hours-per-week": "50-99",
        "income": ">=50k"
    },
    "performance": {
        "age": {
            "17-26": {
                "loss": 0.29709214004912177,
                "acc": 0.8547945205479452
            },
            "26-33": {
                "loss": 0.2879812923090141,
                "acc": 0.8572656921754084
            },
            "33-41": {
                "loss": 0.2970626719096397,
                "acc": 0.8557475582268971
            },
            "41-50": {
                "loss": 0.2963961473846253,
                "acc": 0.861244019138756
            },
            "50-90": {
                "loss": 0.2888887016873352,
                "acc": 0.8540706605222734
            }
        },
        "education": {
            " 10th": {
                "loss": 0.32535345970588003,
                "acc": 0.8469945355191257
            },
            " 11th": {
                "loss": 0.29641106233713455,
                "acc": 0.8755555555555555
            },
            " 12th": {
                "loss": 0.35613477315961484,
                "acc": 0.826530612244898
            },
            " 1st-4th": {
                "loss": 0.24810097562597722,
                "acc": 0.8695652173913043
            },
            " 5th-6th": {
                "loss": 0.24295272514899335,
                "acc": 0.8548387096774194
            },
            " 7th-8th": {
                "loss": 0.2599117024136587,
                "acc": 0.8936170212765957
            },
            " 9th": {
                "loss": 0.28594454297734617,
                "acc": 0.8695652173913043
            },
            " Assoc-acdm": {
                "loss": 0.3051549685046031,
                "acc": 0.8434343434343434
            },
            " Assoc-voc": {
                "loss": 0.2880754776579425,
                "acc": 0.8608058608058609
            },
            " Bachelors": {
                "loss": 0.2950798787573622,
                "acc": 0.8648905803996194
            },
            " Doctorate": {
                "loss": 0.34856864414335176,
                "acc": 0.8311688311688312
            },
            " HS-grad": {
                "loss": 0.2967420012325334,
                "acc": 0.8450095969289827
            },
            " Masters": {
                "loss": 0.2637894307194784,
                "acc": 0.8726287262872628
            },
            " Preschool": {
                "loss": 0.3828052536921932,
                "acc": 0.8
            },
            " Prof-school": {
                "loss": 0.28112055766456284,
                "acc": 0.8620689655172413
            },
            " Some-college": {
                "loss": 0.29106155103392445,
                "acc": 0.8606060606060606
            }
        },
        "education-num": {
            "1-9": {
                "loss": 0.29706641513381465,
                "acc": 0.8503910234614077
            },
            "10-13": {
                "loss": 0.29513419299508403,
                "acc": 0.8613666228646518
            },
            "13-16": {
                "loss": 0.2789823313587455,
                "acc": 0.8647686832740213
            },
            "9-10": {
                "loss": 0.29106155103392445,
                "acc": 0.8606060606060606
            }
        },
        "relationship": {
            " Husband": {
                "loss": 0.29497814732207384,
                "acc": 0.8563151796060255
            },
            " Not-in-family": {
                "loss": 0.2844813644648529,
                "acc": 0.8664705882352941
            },
            " Other-relative": {
                "loss": 0.19461027224018324,
                "acc": 0.9325842696629213
            },
            " Own-child": {
                "loss": 0.31881846977842493,
                "acc": 0.8370951913640824
            },
            " Unmarried": {
                "loss": 0.2950830904279761,
                "acc": 0.8504273504273504
            },
            " Wife": {
                "loss": 0.30403515684954596,
                "acc": 0.8385093167701864
            }
        },
        "race": {
            " Amer-Indian-Eskimo": {
                "loss": 0.29410259777784453,
                "acc": 0.8450704225352113
            },
            " Asian-Pac-Islander": {
                "loss": 0.2542812599129511,
                "acc": 0.8963730569948186
            },
            " Black": {
                "loss": 0.29412510040333684,
                "acc": 0.8530884808013356
            },
            " Other": {
                "loss": 0.3024993076335489,
                "acc": 0.8545454545454545
            },
            " White": {
                "loss": 0.2949043414680232,
                "acc": 0.85568669527897
            }
        },
        "gender": {
            " Female": {
                "loss": 0.2970904043250748,
                "acc": 0.8545882352941176
            },
            " Male": {
                "loss": 0.2920328239373483,
                "acc": 0.8574686431014823
            }
        },
        "hours-per-week": {
            "1-35": {
                "loss": 0.26736277357285543,
                "acc": 0.8799110452186805
            },
            "35-40": {
                "loss": 0.3083316577600923,
                "acc": 0.8434343434343434
            },
            "40-50": {
                "loss": 0.28381672934037533,
                "acc": 0.863080684596577
            },
            "50-99": {
                "loss": 0.29526219572019197,
                "acc": 0.8590078328981723
            }
        }
    }
}