{
    "age": {
        "17-26": {
            "loss": 0.47639401842364876,
            "acc": 0.7815068493150685
        },
        "26-33": {
            "loss": 0.9675738677246201,
            "acc": 0.7010309278350515
        },
        "33-41": {
            "loss": 1.454316290407473,
            "acc": 0.6100676183320811
        },
        "41-50": {
            "loss": 1.6215531557350118,
            "acc": 0.5869218500797448
        },
        "50-90": {
            "loss": 1.5074150594781384,
            "acc": 0.6059907834101382
        }
    },
    "education": {
        " 10th": {
            "loss": 0.7158885576835589,
            "acc": 0.7049180327868853
        },
        " 11th": {
            "loss": 0.6349007041861998,
            "acc": 0.7333333333333333
        },
        " 12th": {
            "loss": 0.6247611797004338,
            "acc": 0.7755102040816326
        },
        " 1st-4th": {
            "loss": 0.2998332168078026,
            "acc": 0.8695652173913043
        },
        " 5th-6th": {
            "loss": 0.5459862909217708,
            "acc": 0.7419354838709677
        },
        " 7th-8th": {
            "loss": 0.49872871983447614,
            "acc": 0.7872340425531915
        },
        " 9th": {
            "loss": 0.4564156250307992,
            "acc": 0.7913043478260869
        },
        " Assoc-acdm": {
            "loss": 1.0215307808791068,
            "acc": 0.7070707070707071
        },
        " Assoc-voc": {
            "loss": 1.166552958382269,
            "acc": 0.6593406593406593
        },
        " Bachelors": {
            "loss": 1.8370600174984826,
            "acc": 0.5608365019011406
        },
        " Doctorate": {
            "loss": 2.910508899115613,
            "acc": 0.38961038961038963
        },
        " HS-grad": {
            "loss": 0.9416361950875519,
            "acc": 0.699616122840691
        },
        " Masters": {
            "loss": 2.3792908507867865,
            "acc": 0.47696476964769646
        },
        " Preschool": {
            "loss": 0.4746802794108972,
            "acc": 0.7
        },
        " Prof-school": {
            "loss": 2.7753274274918995,
            "acc": 0.3706896551724138
        },
        " Some-college": {
            "loss": 0.9498210511167204,
            "acc": 0.694949494949495
        }
    },
    "education-num": {
        "1-9": {
            "loss": 0.8384084848228903,
            "acc": 0.7150629037742264
        },
        "10-13": {
            "loss": 1.6108464810642322,
            "acc": 0.5975049244911359
        },
        "13-16": {
            "loss": 2.533817599219373,
            "acc": 0.4430604982206406
        },
        "9-10": {
            "loss": 0.9498210511167204,
            "acc": 0.694949494949495
        }
    },
    "relationship": {
        " Husband": {
            "loss": 1.8870736174148584,
            "acc": 0.5384318269602163
        },
        " Not-in-family": {
            "loss": 0.7331694728872473,
            "acc": 0.746031746031746
        },
        " Other-relative": {
            "loss": 0.46193899816796,
            "acc": 0.7752808988764045
        },
        " Own-child": {
            "loss": 0.48670932760427704,
            "acc": 0.7752698724239451
        },
        " Unmarried": {
            "loss": 0.5451170411757511,
            "acc": 0.7692307692307693
        },
        " Wife": {
            "loss": 2.0495630991250438,
            "acc": 0.5062111801242236
        }
    },
    "race": {
        " Amer-Indian-Eskimo": {
            "loss": 0.6428809870650204,
            "acc": 0.7183098591549296
        },
        " Asian-Pac-Islander": {
            "loss": 1.6284305360345355,
            "acc": 0.5906735751295337
        },
        " Black": {
            "loss": 0.806175018034571,
            "acc": 0.7178631051752922
        },
        " Other": {
            "loss": 0.5049170204146408,
            "acc": 0.7272727272727273
        },
        " White": {
            "loss": 1.2306396175098757,
            "acc": 0.6542106204183801
        }
    },
    "gender": {
        " Female": {
            "loss": 0.7522669389444385,
            "acc": 0.735653809971778
        },
        " Male": {
            "loss": 1.403477487799014,
            "acc": 0.6225769669327252
        }
    },
    "hours-per-week": {
        "1-35": {
            "loss": 0.6392341974324756,
            "acc": 0.7664936990363233
        },
        "35-40": {
            "loss": 1.046107357408778,
            "acc": 0.6711896497317766
        },
        "40-50": {
            "loss": 1.8007554024175128,
            "acc": 0.5802770986145069
        },
        "50-99": {
            "loss": 1.7840734588295708,
            "acc": 0.5496083550913838
        }
    }
}