{
    "age": {
        "17-26": {
            "loss": 0.4717970064795382,
            "acc": 0.7712328767123288
        },
        "26-33": {
            "loss": 1.0156537147313562,
            "acc": 0.7047210300429184
        },
        "33-41": {
            "loss": 1.5098688128885593,
            "acc": 0.6033057851239669
        },
        "41-50": {
            "loss": 1.6780882316395467,
            "acc": 0.5826017557861133
        },
        "50-90": {
            "loss": 1.5400290734628082,
            "acc": 0.6052227342549923
        }
    },
    "education": {
        " 10th": {
            "loss": 0.6602556192920828,
            "acc": 0.6939890710382514
        },
        " 11th": {
            "loss": 0.6869887207834571,
            "acc": 0.7111111111111111
        },
        " 12th": {
            "loss": 0.6737817127466726,
            "acc": 0.7551020408163265
        },
        " 1st-4th": {
            "loss": 0.30613283176331085,
            "acc": 0.8695652173913043
        },
        " 5th-6th": {
            "loss": 0.5458953903762587,
            "acc": 0.7258064516129032
        },
        " 7th-8th": {
            "loss": 0.48558357295635035,
            "acc": 0.7446808510638298
        },
        " 9th": {
            "loss": 0.4646840248065882,
            "acc": 0.7739130434782608
        },
        " Assoc-acdm": {
            "loss": 1.0312325686116102,
            "acc": 0.6919191919191919
        },
        " Assoc-voc": {
            "loss": 1.264590528268666,
            "acc": 0.6593406593406593
        },
        " Bachelors": {
            "loss": 1.9438083509764115,
            "acc": 0.5470085470085471
        },
        " Doctorate": {
            "loss": 3.002082829425637,
            "acc": 0.4155844155844156
        },
        " HS-grad": {
            "loss": 0.9489999993157444,
            "acc": 0.7000959692898272
        },
        " Masters": {
            "loss": 2.525570809396269,
            "acc": 0.48641304347826086
        },
        " Preschool": {
            "loss": 0.5362737336182303,
            "acc": 0.7
        },
        " Prof-school": {
            "loss": 2.7476687584874138,
            "acc": 0.3706896551724138
        },
        " Some-college": {
            "loss": 0.9606797553140893,
            "acc": 0.696969696969697
        }
    },
    "education-num": {
        "1-9": {
            "loss": 0.8457331180685417,
            "acc": 0.7092825569534172
        },
        "10-13": {
            "loss": 1.7035744464439697,
            "acc": 0.5859580052493438
        },
        "13-16": {
            "loss": 2.6368984165920493,
            "acc": 0.45276292335115864
        },
        "9-10": {
            "loss": 0.9606797553140893,
            "acc": 0.696969696969697
        }
    },
    "relationship": {
        " Husband": {
            "loss": 1.9755097692976824,
            "acc": 0.5324324324324324
        },
        " Not-in-family": {
            "loss": 0.7344933708612577,
            "acc": 0.7419165196942975
        },
        " Other-relative": {
            "loss": 0.4488678602554352,
            "acc": 0.7865168539325843
        },
        " Own-child": {
            "loss": 0.48323866983559616,
            "acc": 0.7664376840039254
        },
        " Unmarried": {
            "loss": 0.53674166967161,
            "acc": 0.7706552706552706
        },
        " Wife": {
            "loss": 2.1009443702690604,
            "acc": 0.514018691588785
        }
    },
    "race": {
        " Amer-Indian-Eskimo": {
            "loss": 0.6102655288371078,
            "acc": 0.6901408450704225
        },
        " Asian-Pac-Islander": {
            "loss": 1.7426081093513177,
            "acc": 0.5854922279792746
        },
        " Black": {
            "loss": 0.8040268025606085,
            "acc": 0.7245409015025042
        },
        " Other": {
            "loss": 0.47195077146344316,
            "acc": 0.7090909090909091
        },
        " White": {
            "loss": 1.2698438119351358,
            "acc": 0.6495619524405507
        }
    },
    "gender": {
        " Female": {
            "loss": 0.7502559189369747,
            "acc": 0.7369411764705882
        },
        " Male": {
            "loss": 1.4580857677219974,
            "acc": 0.6160510715914272
        }
    },
    "hours-per-week": {
        "1-35": {
            "loss": 0.6368679951276143,
            "acc": 0.7626112759643917
        },
        "35-40": {
            "loss": 1.0752106185422599,
            "acc": 0.6661407384032818
        },
        "40-50": {
            "loss": 1.8619637250894312,
            "acc": 0.5745721271393643
        },
        "50-99": {
            "loss": 1.8761251716982816,
            "acc": 0.5528031290743155
        }
    }
}