{
    "forget_x": [
        0,
        1,
        0,
        0,
        0,
        0,
        0,
        0,
        0,
        0,
        0,
        0,
        0,
        0,
        0,
        0,
        0,
        0,
        0,
        0,
        1,
        0,
        0,
        0,
        1,
        0,
        1,
        0,
        0,
        0,
        0,
        0,
        0,
        0,
        0,
        1,
        0,
        1,
        0,
        1,
        0,
        0
    ],
    "forget_y": 0,
    "sample": {
        "age": "41-50",
        "education": " Masters",
        "education-num": "13-16",
        "relationship": " Wife",
        "race": " White",
        "gender": " Female",
        "hours-per-week": "1-35",
        "income": ">=50k"
    },
    "performance": {
        "age": {
            "17-26": {
                "loss": 0.29900044912674234,
                "acc": 0.8589041095890411
            },
            "26-33": {
                "loss": 0.29550294434132424,
                "acc": 0.852233676975945
            },
            "33-41": {
                "loss": 0.30146798275078845,
                "acc": 0.8564988730277987
            },
            "41-50": {
                "loss": 0.3009844953293223,
                "acc": 0.8587390263367917
            },
            "50-90": {
                "loss": 0.2924656040105118,
                "acc": 0.8602150537634409
            }
        },
        "education": {
            " 10th": {
                "loss": 0.3330684679172718,
                "acc": 0.8469945355191257
            },
            " 11th": {
                "loss": 0.3088850053136044,
                "acc": 0.8533333333333334
            },
            " 12th": {
                "loss": 0.3501889998614933,
                "acc": 0.8163265306122449
            },
            " 1st-4th": {
                "loss": 0.2198328813280654,
                "acc": 0.8695652173913043
            },
            " 5th-6th": {
                "loss": 0.2616141822751677,
                "acc": 0.8709677419354839
            },
            " 7th-8th": {
                "loss": 0.26087802932829796,
                "acc": 0.9078014184397163
            },
            " 9th": {
                "loss": 0.30529322446474516,
                "acc": 0.8521739130434782
            },
            " Assoc-acdm": {
                "loss": 0.29845149217567324,
                "acc": 0.8484848484848485
            },
            " Assoc-voc": {
                "loss": 0.2924660457699624,
                "acc": 0.8644688644688645
            },
            " Bachelors": {
                "loss": 0.2954898997501098,
                "acc": 0.8631178707224335
            },
            " Doctorate": {
                "loss": 0.33879123939796985,
                "acc": 0.8571428571428571
            },
            " HS-grad": {
                "loss": 0.29821500020281605,
                "acc": 0.8474088291746641
            },
            " Masters": {
                "loss": 0.27401892065358974,
                "acc": 0.8831521739130435
            },
            " Preschool": {
                "loss": 0.4417793664495123,
                "acc": 0.8
            },
            " Prof-school": {
                "loss": 0.30700078161826894,
                "acc": 0.853448275862069
            },
            " Some-college": {
                "loss": 0.2986653112765216,
                "acc": 0.8612794612794613
            }
        },
        "education-num": {
            "1-9": {
                "loss": 0.300522200074244,
                "acc": 0.8503910234614077
            },
            "10-13": {
                "loss": 0.29533289591798983,
                "acc": 0.8614576493762311
            },
            "13-16": {
                "loss": 0.2897290176504168,
                "acc": 0.8734402852049911
            },
            "9-10": {
                "loss": 0.2986653112765216,
                "acc": 0.8612794612794613
            }
        },
        "relationship": {
            " Husband": {
                "loss": 0.29973237754199483,
                "acc": 0.8583011583011583
            },
            " Not-in-family": {
                "loss": 0.2883111739928818,
                "acc": 0.86
            },
            " Other-relative": {
                "loss": 0.20765477569355664,
                "acc": 0.9269662921348315
            },
            " Own-child": {
                "loss": 0.32109367829387986,
                "acc": 0.845927379784102
            },
            " Unmarried": {
                "loss": 0.30067777234778387,
                "acc": 0.8518518518518519
            },
            " Wife": {
                "loss": 0.3053429874898577,
                "acc": 0.8473520249221184
            }
        },
        "race": {
            " Amer-Indian-Eskimo": {
                "loss": 0.2819376886127589,
                "acc": 0.8309859154929577
            },
            " Asian-Pac-Islander": {
                "loss": 0.2728389650215696,
                "acc": 0.8756476683937824
            },
            " Black": {
                "loss": 0.2949690063426179,
                "acc": 0.8614357262103506
            },
            " Other": {
                "loss": 0.31295890295951606,
                "acc": 0.8545454545454545
            },
            " White": {
                "loss": 0.2991969038709419,
                "acc": 0.8567596566523605
            }
        },
        "gender": {
            " Female": {
                "loss": 0.300952649232504,
                "acc": 0.8531073446327684
            },
            " Male": {
                "loss": 0.2965025832373767,
                "acc": 0.8595531235750113
            }
        },
        "hours-per-week": {
            "1-35": {
                "loss": 0.2789126570451185,
                "acc": 0.8761127596439169
            },
            "35-40": {
                "loss": 0.31131928715386886,
                "acc": 0.8469065656565656
            },
            "40-50": {
                "loss": 0.2889352998949909,
                "acc": 0.8606356968215159
            },
            "50-99": {
                "loss": 0.29064717167867254,
                "acc": 0.863102998696219
            }
        }
    }
}