{
    "age": {
        "17-26": {
            "loss": 0.5067983879880389,
            "acc": 0.7532556545579164
        },
        "26-33": {
            "loss": 0.9677975998212943,
            "acc": 0.6909871244635193
        },
        "33-41": {
            "loss": 1.3641330248335388,
            "acc": 0.6018031555221638
        },
        "41-50": {
            "loss": 1.5410846498820534,
            "acc": 0.5829346092503987
        },
        "50-90": {
            "loss": 1.4287034845727593,
            "acc": 0.6052227342549923
        }
    },
    "education": {
        " 10th": {
            "loss": 0.7103809521395517,
            "acc": 0.6775956284153005
        },
        " 11th": {
            "loss": 0.6711751602965882,
            "acc": 0.7066666666666667
        },
        " 12th": {
            "loss": 0.6630361689149519,
            "acc": 0.7551020408163265
        },
        " 1st-4th": {
            "loss": 0.3736146189248437,
            "acc": 0.8695652173913043
        },
        " 5th-6th": {
            "loss": 0.5569214728680093,
            "acc": 0.7258064516129032
        },
        " 7th-8th": {
            "loss": 0.5145087651207076,
            "acc": 0.7659574468085106
        },
        " 9th": {
            "loss": 0.4953554177715367,
            "acc": 0.782608695652174
        },
        " Assoc-acdm": {
            "loss": 0.9641388020007144,
            "acc": 0.6868686868686869
        },
        " Assoc-voc": {
            "loss": 1.1861279755341445,
            "acc": 0.6556776556776557
        },
        " Bachelors": {
            "loss": 1.7296746771329063,
            "acc": 0.5498575498575499
        },
        " Doctorate": {
            "loss": 2.6872915420688503,
            "acc": 0.38961038961038963
        },
        " HS-grad": {
            "loss": 0.9189360879602364,
            "acc": 0.6893903024483917
        },
        " Masters": {
            "loss": 2.2399632975684023,
            "acc": 0.4742547425474255
        },
        " Preschool": {
            "loss": 0.5932828876693375,
            "acc": 0.5
        },
        " Prof-school": {
            "loss": 2.524992127031336,
            "acc": 0.3706896551724138
        },
        " Some-college": {
            "loss": 0.925338115778724,
            "acc": 0.6875420875420876
        }
    },
    "education-num": {
        "1-9": {
            "loss": 0.8294905600131446,
            "acc": 0.7010204081632653
        },
        "10-13": {
            "loss": 1.5328476739750074,
            "acc": 0.5866141732283464
        },
        "13-16": {
            "loss": 2.3600836161524477,
            "acc": 0.4412811387900356
        },
        "9-10": {
            "loss": 0.925338115778724,
            "acc": 0.6875420875420876
        }
    },
    "relationship": {
        " Husband": {
            "loss": 1.7870254076040741,
            "acc": 0.5328185328185329
        },
        " Not-in-family": {
            "loss": 0.7181236235582853,
            "acc": 0.7336860670194003
        },
        " Other-relative": {
            "loss": 0.4751914990400732,
            "acc": 0.7471910112359551
        },
        " Own-child": {
            "loss": 0.5251435371517055,
            "acc": 0.7514734774066798
        },
        " Unmarried": {
            "loss": 0.5736577821226102,
            "acc": 0.7592592592592593
        },
        " Wife": {
            "loss": 1.874050110927969,
            "acc": 0.5124223602484472
        }
    },
    "race": {
        " Amer-Indian-Eskimo": {
            "loss": 0.6643750105398146,
            "acc": 0.676056338028169
        },
        " Asian-Pac-Islander": {
            "loss": 1.5807314677296305,
            "acc": 0.5751295336787565
        },
        " Black": {
            "loss": 0.7940924069344987,
            "acc": 0.7095158597662772
        },
        " Other": {
            "loss": 0.49537595720480126,
            "acc": 0.7454545454545455
        },
        " White": {
            "loss": 1.1836397939147951,
            "acc": 0.6434829250849275
        }
    },
    "gender": {
        " Female": {
            "loss": 0.743106706770024,
            "acc": 0.7257761053621825
        },
        " Male": {
            "loss": 1.3444495637839324,
            "acc": 0.6114025085518814
        }
    },
    "hours-per-week": {
        "1-35": {
            "loss": 0.6409395601163169,
            "acc": 0.7479614529280949
        },
        "35-40": {
            "loss": 1.0165166666741001,
            "acc": 0.6591984853266014
        },
        "40-50": {
            "loss": 1.6946775394610183,
            "acc": 0.5745721271393643
        },
        "50-99": {
            "loss": 1.7100758114619365,
            "acc": 0.5496083550913838
        }
    }
}