{
    "forget_x": [
        0,
        0,
        0,
        0,
        1,
        0,
        0,
        0,
        0,
        0,
        1,
        0,
        0,
        0,
        0,
        0,
        0,
        0,
        0,
        0,
        0,
        1,
        0,
        0,
        0,
        1,
        0,
        0,
        0,
        0,
        0,
        0,
        0,
        0,
        0,
        1,
        0,
        1,
        0,
        1,
        0,
        0
    ],
    "forget_y": 0,
    "sample": {
        "age": "17-26",
        "education": " HS-grad",
        "education-num": "1-9",
        "relationship": " Own-child",
        "race": " White",
        "gender": " Male",
        "hours-per-week": "50-99",
        "income": "<50k"
    },
    "performance": {
        "age": {
            "17-26": {
                "loss": 0.29929792478486617,
                "acc": 0.8519533927347498
            },
            "26-33": {
                "loss": 0.2950980575436923,
                "acc": 0.8565292096219931
            },
            "33-41": {
                "loss": 0.3019776164588843,
                "acc": 0.8482344102178813
            },
            "41-50": {
                "loss": 0.3005172406934081,
                "acc": 0.8580542264752791
            },
            "50-90": {
                "loss": 0.29365657575725956,
                "acc": 0.8486943164362519
            }
        },
        "education": {
            " 10th": {
                "loss": 0.32496525907943025,
                "acc": 0.8633879781420765
            },
            " 11th": {
                "loss": 0.29865968343851995,
                "acc": 0.8666666666666667
            },
            " 12th": {
                "loss": 0.3415698408390303,
                "acc": 0.8469387755102041
            },
            " 1st-4th": {
                "loss": 0.2577310917871316,
                "acc": 0.8695652173913043
            },
            " 5th-6th": {
                "loss": 0.24110915273182923,
                "acc": 0.8548387096774194
            },
            " 7th-8th": {
                "loss": 0.2636368601264012,
                "acc": 0.8865248226950354
            },
            " 9th": {
                "loss": 0.2796341451680319,
                "acc": 0.8782608695652174
            },
            " Assoc-acdm": {
                "loss": 0.3124689859595278,
                "acc": 0.8383838383838383
            },
            " Assoc-voc": {
                "loss": 0.30151749104787356,
                "acc": 0.8388278388278388
            },
            " Bachelors": {
                "loss": 0.308941845195814,
                "acc": 0.8498098859315589
            },
            " Doctorate": {
                "loss": 0.3275600815012422,
                "acc": 0.8571428571428571
            },
            " HS-grad": {
                "loss": 0.29633345277369283,
                "acc": 0.8463754200672108
            },
            " Masters": {
                "loss": 0.27982494770308886,
                "acc": 0.8644986449864499
            },
            " Preschool": {
                "loss": 0.42748280360927515,
                "acc": 0.7
            },
            " Prof-school": {
                "loss": 0.28433729190520085,
                "acc": 0.8706896551724138
            },
            " Some-college": {
                "loss": 0.2954580839389893,
                "acc": 0.8552188552188552
            }
        },
        "education-num": {
            "1-9": {
                "loss": 0.2965597388788247,
                "acc": 0.8520408163265306
            },
            "10-13": {
                "loss": 0.30806957020489395,
                "acc": 0.8463558765594222
            },
            "13-16": {
                "loss": 0.28729654419757733,
                "acc": 0.8647686832740213
            },
            "9-10": {
                "loss": 0.2954580839389893,
                "acc": 0.8552188552188552
            }
        },
        "relationship": {
            " Husband": {
                "loss": 0.3038806802244986,
                "acc": 0.850965250965251
            },
            " Not-in-family": {
                "loss": 0.28692394525147513,
                "acc": 0.8547058823529412
            },
            " Other-relative": {
                "loss": 0.19609321380622483,
                "acc": 0.9101123595505618
            },
            " Own-child": {
                "loss": 0.3162160330573677,
                "acc": 0.8408644400785854
            },
            " Unmarried": {
                "loss": 0.2996430478604618,
                "acc": 0.8575498575498576
            },
            " Wife": {
                "loss": 0.30840962173081876,
                "acc": 0.8478260869565217
            }
        },
        "race": {
            " Amer-Indian-Eskimo": {
                "loss": 0.30988141932435503,
                "acc": 0.8309859154929577
            },
            " Asian-Pac-Islander": {
                "loss": 0.26427975092267897,
                "acc": 0.8860103626943006
            },
            " Black": {
                "loss": 0.3089064320907754,
                "acc": 0.8514190317195326
            },
            " Other": {
                "loss": 0.30938056944836284,
                "acc": 0.8363636363636363
            },
            " White": {
                "loss": 0.2979672824342088,
                "acc": 0.851931330472103
            }
        },
        "gender": {
            " Female": {
                "loss": 0.29545883838049297,
                "acc": 0.8555294117647059
            },
            " Male": {
                "loss": 0.2995305515748436,
                "acc": 0.8510832383124287
            }
        },
        "hours-per-week": {
            "1-35": {
                "loss": 0.26992939801486976,
                "acc": 0.876945885841364
            },
            "35-40": {
                "loss": 0.3141688222776585,
                "acc": 0.8386994949494949
            },
            "40-50": {
                "loss": 0.2885855267169421,
                "acc": 0.8573757131214343
            },
            "50-99": {
                "loss": 0.29735701310034546,
                "acc": 0.8590078328981723
            }
        }
    }
}