{
    "forget_x": [
        0,
        1,
        0,
        0,
        0,
        0,
        0,
        0,
        0,
        0,
        0,
        0,
        0,
        0,
        1,
        0,
        0,
        0,
        0,
        0,
        0,
        0,
        1,
        0,
        0,
        0,
        1,
        0,
        0,
        0,
        0,
        0,
        0,
        0,
        0,
        1,
        1,
        0,
        0,
        1,
        0,
        0
    ],
    "forget_y": 0,
    "sample": {
        "age": "26-33",
        "education": " Bachelors",
        "education-num": "10-13",
        "relationship": " Husband",
        "race": " Black",
        "gender": " Male",
        "hours-per-week": "50-99",
        "income": ">=50k"
    },
    "performance": {
        "age": {
            "17-26": {
                "loss": 0.30136609687775506,
                "acc": 0.8623287671232877
            },
            "26-33": {
                "loss": 0.29147816730510046,
                "acc": 0.8503869303525365
            },
            "33-41": {
                "loss": 0.293845358137396,
                "acc": 0.8549962434259955
            },
            "41-50": {
                "loss": 0.292404450425042,
                "acc": 0.8580542264752791
            },
            "50-90": {
                "loss": 0.289358173577386,
                "acc": 0.8609831029185868
            }
        },
        "education": {
            " 10th": {
                "loss": 0.338494140935996,
                "acc": 0.8415300546448088
            },
            " 11th": {
                "loss": 0.298493772209397,
                "acc": 0.8666666666666667
            },
            " 12th": {
                "loss": 0.3443520508148706,
                "acc": 0.8163265306122449
            },
            " 1st-4th": {
                "loss": 0.24546305069664992,
                "acc": 0.8695652173913043
            },
            " 5th-6th": {
                "loss": 0.2569266944997939,
                "acc": 0.8387096774193549
            },
            " 7th-8th": {
                "loss": 0.2697651976950047,
                "acc": 0.900709219858156
            },
            " 9th": {
                "loss": 0.29100957880063777,
                "acc": 0.8695652173913043
            },
            " Assoc-acdm": {
                "loss": 0.30082035536427376,
                "acc": 0.8636363636363636
            },
            " Assoc-voc": {
                "loss": 0.27665430608748415,
                "acc": 0.8571428571428571
            },
            " Bachelors": {
                "loss": 0.29644827096531523,
                "acc": 0.857278782112274
            },
            " Doctorate": {
                "loss": 0.3316309994358337,
                "acc": 0.8571428571428571
            },
            " HS-grad": {
                "loss": 0.28954786833929796,
                "acc": 0.8546065259117083
            },
            " Masters": {
                "loss": 0.27452825323630187,
                "acc": 0.8699186991869918
            },
            " Preschool": {
                "loss": 0.39714187143142776,
                "acc": 0.7
            },
            " Prof-school": {
                "loss": 0.29747631746292374,
                "acc": 0.8620689655172413
            },
            " Some-college": {
                "loss": 0.2977724222762466,
                "acc": 0.857912457912458
            }
        },
        "education-num": {
            "1-9": {
                "loss": 0.29354617596523175,
                "acc": 0.8554913294797688
            },
            "10-13": {
                "loss": 0.29346661544583197,
                "acc": 0.8580814717477004
            },
            "13-16": {
                "loss": 0.28708855022500696,
                "acc": 0.8665480427046264
            },
            "9-10": {
                "loss": 0.2977724222762466,
                "acc": 0.857912457912458
            }
        },
        "relationship": {
            " Husband": {
                "loss": 0.28967070250707294,
                "acc": 0.8586326767091541
            },
            " Not-in-family": {
                "loss": 0.2906087244113946,
                "acc": 0.8605882352941177
            },
            " Other-relative": {
                "loss": 0.2065135704112957,
                "acc": 0.9269662921348315
            },
            " Own-child": {
                "loss": 0.32508675784111357,
                "acc": 0.8429833169774289
            },
            " Unmarried": {
                "loss": 0.29321294348109617,
                "acc": 0.8561253561253561
            },
            " Wife": {
                "loss": 0.2970829693843692,
                "acc": 0.84472049689441
            }
        },
        "race": {
            " Amer-Indian-Eskimo": {
                "loss": 0.2905589229866674,
                "acc": 0.8309859154929577
            },
            " Asian-Pac-Islander": {
                "loss": 0.2695261738863817,
                "acc": 0.8808290155440415
            },
            " Black": {
                "loss": 0.3023392491325328,
                "acc": 0.8494983277591973
            },
            " Other": {
                "loss": 0.3379240921637275,
                "acc": 0.8
            },
            " White": {
                "loss": 0.2934879981023774,
                "acc": 0.8585732165206508
            }
        },
        "gender": {
            " Female": {
                "loss": 0.3019178882231615,
                "acc": 0.8536470588235294
            },
            " Male": {
                "loss": 0.2900651749269699,
                "acc": 0.8595210946408209
            }
        },
        "hours-per-week": {
            "1-35": {
                "loss": 0.27774838671231283,
                "acc": 0.8762045959970348
            },
            "35-40": {
                "loss": 0.30561177928132827,
                "acc": 0.8484848484848485
            },
            "40-50": {
                "loss": 0.28389019062610266,
                "acc": 0.8614506927465363
            },
            "50-99": {
                "loss": 0.29023152766657406,
                "acc": 0.856396866840731
            }
        }
    }
}