{
    "age": {
        "17-26": {
            "loss": 0.5003395887562302,
            "acc": 0.760958904109589
        },
        "26-33": {
            "loss": 1.0423293127220383,
            "acc": 0.6898625429553265
        },
        "33-41": {
            "loss": 1.5726452386035235,
            "acc": 0.6025544703230654
        },
        "41-50": {
            "loss": 1.7647482044136584,
            "acc": 0.569377990430622
        },
        "50-90": {
            "loss": 1.625954841811202,
            "acc": 0.6052227342549923
        }
    },
    "education": {
        " 10th": {
            "loss": 0.7664659301559257,
            "acc": 0.7049180327868853
        },
        " 11th": {
            "loss": 0.699557570092484,
            "acc": 0.7066666666666667
        },
        " 12th": {
            "loss": 0.680000414567653,
            "acc": 0.7448979591836735
        },
        " 1st-4th": {
            "loss": 0.30879207395048397,
            "acc": 0.8695652173913043
        },
        " 5th-6th": {
            "loss": 0.6098262067077338,
            "acc": 0.7096774193548387
        },
        " 7th-8th": {
            "loss": 0.5244014969534367,
            "acc": 0.7588652482269503
        },
        " 9th": {
            "loss": 0.47963218712361955,
            "acc": 0.7739130434782608
        },
        " Assoc-acdm": {
            "loss": 1.0770822269845652,
            "acc": 0.6868686868686869
        },
        " Assoc-voc": {
            "loss": 1.251019764244723,
            "acc": 0.6556776556776557
        },
        " Bachelors": {
            "loss": 2.0104139616020413,
            "acc": 0.5399239543726235
        },
        " Doctorate": {
            "loss": 3.2660143250596487,
            "acc": 0.37662337662337664
        },
        " HS-grad": {
            "loss": 1.0080757931105335,
            "acc": 0.694337811900192
        },
        " Masters": {
            "loss": 2.571319448014405,
            "acc": 0.46883468834688347
        },
        " Preschool": {
            "loss": 0.5353835365962589,
            "acc": 0.6
        },
        " Prof-school": {
            "loss": 3.351135214045982,
            "acc": 0.3275862068965517
        },
        " Some-college": {
            "loss": 0.9856365345129486,
            "acc": 0.6875420875420876
        }
    },
    "education-num": {
        "1-9": {
            "loss": 0.8991830338087993,
            "acc": 0.7052023121387283
        },
        "10-13": {
            "loss": 1.7529521760913327,
            "acc": 0.5797767564018385
        },
        "13-16": {
            "loss": 2.827458477181926,
            "acc": 0.42704626334519574
        },
        "9-10": {
            "loss": 0.9856365345129486,
            "acc": 0.6875420875420876
        }
    },
    "relationship": {
        " Husband": {
            "loss": 2.057948140067328,
            "acc": 0.5276168404789494
        },
        " Not-in-family": {
            "loss": 0.7588645352623042,
            "acc": 0.7348618459729571
        },
        " Other-relative": {
            "loss": 0.4608665240354039,
            "acc": 0.7584269662921348
        },
        " Own-child": {
            "loss": 0.5140370172219294,
            "acc": 0.7585868498527969
        },
        " Unmarried": {
            "loss": 0.5988051786361063,
            "acc": 0.7578347578347578
        },
        " Wife": {
            "loss": 2.2418940316809706,
            "acc": 0.5031055900621118
        }
    },
    "race": {
        " Amer-Indian-Eskimo": {
            "loss": 0.7122670711400152,
            "acc": 0.6619718309859155
        },
        " Asian-Pac-Islander": {
            "loss": 1.7411062806368425,
            "acc": 0.5751295336787565
        },
        " Black": {
            "loss": 0.8437661808659161,
            "acc": 0.705685618729097
        },
        " Other": {
            "loss": 0.5381938201133886,
            "acc": 0.7454545454545455
        },
        " White": {
            "loss": 1.3310990479207852,
            "acc": 0.6430103682516982
        }
    },
    "gender": {
        " Female": {
            "loss": 0.8083482474780554,
            "acc": 0.7253057384760113
        },
        " Male": {
            "loss": 1.5161680753496996,
            "acc": 0.6102622576966933
        }
    },
    "hours-per-week": {
        "1-35": {
            "loss": 0.6858521410801253,
            "acc": 0.7449962935507783
        },
        "35-40": {
            "loss": 1.1140691803135647,
            "acc": 0.6633007257810035
        },
        "40-50": {
            "loss": 1.9114547362336658,
            "acc": 0.5647921760391198
        },
        "50-99": {
            "loss": 2.04424367161525,
            "acc": 0.5456919060052219
        }
    }
}