{
    "age": {
        "17-26": {
            "loss": 0.3032565444366613,
            "acc": 0.8602739726027397
        },
        "26-33": {
            "loss": 0.2906600486197341,
            "acc": 0.8469475494411006
        },
        "33-41": {
            "loss": 0.2958541631556757,
            "acc": 0.8512396694214877
        },
        "41-50": {
            "loss": 0.29943112373829583,
            "acc": 0.8572567783094099
        },
        "50-90": {
            "loss": 0.2895192932085696,
            "acc": 0.8602150537634409
        }
    },
    "education": {
        " 10th": {
            "loss": 0.33674910638661987,
            "acc": 0.8469945355191257
        },
        " 11th": {
            "loss": 0.3151057936021503,
            "acc": 0.8622222222222222
        },
        " 12th": {
            "loss": 0.3500463891513881,
            "acc": 0.8163265306122449
        },
        " 1st-4th": {
            "loss": 0.23159295369745656,
            "acc": 0.8695652173913043
        },
        " 5th-6th": {
            "loss": 0.26401089703247616,
            "acc": 0.8548387096774194
        },
        " 7th-8th": {
            "loss": 0.26343107137353305,
            "acc": 0.8936170212765957
        },
        " 9th": {
            "loss": 0.2858071896817487,
            "acc": 0.8695652173913043
        },
        " Assoc-acdm": {
            "loss": 0.3135378384134555,
            "acc": 0.8585858585858586
        },
        " Assoc-voc": {
            "loss": 0.27874524526333516,
            "acc": 0.8681318681318682
        },
        " Bachelors": {
            "loss": 0.29535909530334803,
            "acc": 0.857278782112274
        },
        " Doctorate": {
            "loss": 0.3269012292905005,
            "acc": 0.8441558441558441
        },
        " HS-grad": {
            "loss": 0.292732212551477,
            "acc": 0.8483685220729367
        },
        " Masters": {
            "loss": 0.2744141079047785,
            "acc": 0.8699186991869918
        },
        " Preschool": {
            "loss": 0.4021417383455327,
            "acc": 0.8
        },
        " Prof-school": {
            "loss": 0.29000085032728184,
            "acc": 0.853448275862069
        },
        " Some-college": {
            "loss": 0.30015722110179394,
            "acc": 0.8565656565656565
        }
    },
    "education-num": {
        "1-9": {
            "loss": 0.29670544234441787,
            "acc": 0.8514110846650799
        },
        "10-13": {
            "loss": 0.2947439902277089,
            "acc": 0.859395532194481
        },
        "13-16": {
            "loss": 0.28482259628148854,
            "acc": 0.8629893238434164
        },
        "9-10": {
            "loss": 0.30015722110179394,
            "acc": 0.8565656565656565
        }
    },
    "relationship": {
        " Husband": {
            "loss": 0.2924769746330155,
            "acc": 0.8559289300888374
        },
        " Not-in-family": {
            "loss": 0.289428303027481,
            "acc": 0.8582352941176471
        },
        " Other-relative": {
            "loss": 0.20739146432373837,
            "acc": 0.9213483146067416
        },
        " Own-child": {
            "loss": 0.3258078835601237,
            "acc": 0.8439646712463199
        },
        " Unmarried": {
            "loss": 0.30424934658376174,
            "acc": 0.8504273504273504
        },
        " Wife": {
            "loss": 0.29585985632632805,
            "acc": 0.8478260869565217
        }
    },
    "race": {
        " Amer-Indian-Eskimo": {
            "loss": 0.29232166126147646,
            "acc": 0.8309859154929577
        },
        " Asian-Pac-Islander": {
            "loss": 0.26967843160632676,
            "acc": 0.8704663212435233
        },
        " Black": {
            "loss": 0.3016000898494007,
            "acc": 0.8511705685618729
        },
        " Other": {
            "loss": 0.33819430879655954,
            "acc": 0.8363636363636363
        },
        " White": {
            "loss": 0.295951102368054,
            "acc": 0.8558912926872877
        }
    },
    "gender": {
        " Female": {
            "loss": 0.3053286180050588,
            "acc": 0.8522352941176471
        },
        " Male": {
            "loss": 0.2914917943551008,
            "acc": 0.8570125427594071
        }
    },
    "hours-per-week": {
        "1-35": {
            "loss": 0.27854896170272475,
            "acc": 0.8739807264640475
        },
        "35-40": {
            "loss": 0.308579021574566,
            "acc": 0.8472222222222222
        },
        "40-50": {
            "loss": 0.2812462485258051,
            "acc": 0.8598207008964955
        },
        "50-99": {
            "loss": 0.2984135703413867,
            "acc": 0.8498694516971279
        }
    }
}