{
    "age": {
        "17-26": {
            "loss": 0.4661743153436868,
            "acc": 0.7931506849315069
        },
        "26-33": {
            "loss": 1.023670534730334,
            "acc": 0.7004291845493562
        },
        "33-41": {
            "loss": 1.518741900191497,
            "acc": 0.6210526315789474
        },
        "41-50": {
            "loss": 1.7668768086188054,
            "acc": 0.5709728867623605
        },
        "50-90": {
            "loss": 1.6158740543905465,
            "acc": 0.6113671274961597
        }
    },
    "education": {
        " 10th": {
            "loss": 0.6557916084036782,
            "acc": 0.73224043715847
        },
        " 11th": {
            "loss": 0.6469210940112751,
            "acc": 0.7288888888888889
        },
        " 12th": {
            "loss": 0.6454625894885144,
            "acc": 0.7857142857142857
        },
        " 1st-4th": {
            "loss": 0.26207848470283945,
            "acc": 0.8695652173913043
        },
        " 5th-6th": {
            "loss": 0.5849468789560661,
            "acc": 0.7258064516129032
        },
        " 7th-8th": {
            "loss": 0.4610561293912253,
            "acc": 0.7872340425531915
        },
        " 9th": {
            "loss": 0.4551754011613684,
            "acc": 0.8070175438596491
        },
        " Assoc-acdm": {
            "loss": 1.079395024553993,
            "acc": 0.702020202020202
        },
        " Assoc-voc": {
            "loss": 1.2178672516075828,
            "acc": 0.663003663003663
        },
        " Bachelors": {
            "loss": 1.994071004899117,
            "acc": 0.5460588793922128
        },
        " Doctorate": {
            "loss": 3.175945843820135,
            "acc": 0.37662337662337664
        },
        " HS-grad": {
            "loss": 0.976995175846996,
            "acc": 0.7120921305182342
        },
        " Masters": {
            "loss": 2.589413132912781,
            "acc": 0.4634146341463415
        },
        " Preschool": {
            "loss": 0.4087016871907988,
            "acc": 0.7
        },
        " Prof-school": {
            "loss": 3.329797692485657,
            "acc": 0.3017241379310345
        },
        " Some-college": {
            "loss": 0.9779364021332112,
            "acc": 0.7057239057239058
        }
    },
    "education-num": {
        "1-9": {
            "loss": 0.8599186493936523,
            "acc": 0.7258503401360544
        },
        "10-13": {
            "loss": 1.7361907760559934,
            "acc": 0.5872703412073491
        },
        "13-16": {
            "loss": 2.8225939650307876,
            "acc": 0.4181494661921708
        },
        "9-10": {
            "loss": 0.9779364021332112,
            "acc": 0.7057239057239058
        }
    },
    "relationship": {
        " Husband": {
            "loss": 2.05696091492881,
            "acc": 0.52954808806489
        },
        " Not-in-family": {
            "loss": 0.7158823107615427,
            "acc": 0.7554379776601999
        },
        " Other-relative": {
            "loss": 0.43084718738120387,
            "acc": 0.8033707865168539
        },
        " Own-child": {
            "loss": 0.4736551597075387,
            "acc": 0.7899901864573111
        },
        " Unmarried": {
            "loss": 0.5544067457381912,
            "acc": 0.782051282051282
        },
        " Wife": {
            "loss": 2.238889364849915,
            "acc": 0.4937888198757764
        }
    },
    "race": {
        " Amer-Indian-Eskimo": {
            "loss": 0.6416924919288078,
            "acc": 0.676056338028169
        },
        " Asian-Pac-Islander": {
            "loss": 1.759912630175546,
            "acc": 0.5751295336787565
        },
        " Black": {
            "loss": 0.8068771266272506,
            "acc": 0.7278797996661102
        },
        " Other": {
            "loss": 0.5155688619078866,
            "acc": 0.7272727272727273
        },
        " White": {
            "loss": 1.3080189427206057,
            "acc": 0.6574289290184159
        }
    },
    "gender": {
        " Female": {
            "loss": 0.7740568876284505,
            "acc": 0.7412982126058325
        },
        " Male": {
            "loss": 1.4976063841148741,
            "acc": 0.623945267958951
        }
    },
    "hours-per-week": {
        "1-35": {
            "loss": 0.6497094899400778,
            "acc": 0.7753891771682728
        },
        "35-40": {
            "loss": 1.1009097756050257,
            "acc": 0.6742424242424242
        },
        "40-50": {
            "loss": 1.905010310945888,
            "acc": 0.5819070904645477
        },
        "50-99": {
            "loss": 1.9700925878295954,
            "acc": 0.5423728813559322
        }
    }
}