{
    "age": {
        "17-26": {
            "loss": 0.3025894031036802,
            "acc": 0.8575342465753425
        },
        "26-33": {
            "loss": 0.2928209752898642,
            "acc": 0.8419243986254296
        },
        "33-41": {
            "loss": 0.29719788741097525,
            "acc": 0.8578947368421053
        },
        "41-50": {
            "loss": 0.2956719802745697,
            "acc": 0.8572567783094099
        },
        "50-90": {
            "loss": 0.29068876367957613,
            "acc": 0.8632872503840245
        }
    },
    "education": {
        " 10th": {
            "loss": 0.3371407978577518,
            "acc": 0.8469945355191257
        },
        " 11th": {
            "loss": 0.3147332754835569,
            "acc": 0.84
        },
        " 12th": {
            "loss": 0.340551747444804,
            "acc": 0.8163265306122449
        },
        " 1st-4th": {
            "loss": 0.25143349677024857,
            "acc": 0.8695652173913043
        },
        " 5th-6th": {
            "loss": 0.25208128568256355,
            "acc": 0.8548387096774194
        },
        " 7th-8th": {
            "loss": 0.27238906865483226,
            "acc": 0.8936170212765957
        },
        " 9th": {
            "loss": 0.30233942308256295,
            "acc": 0.8421052631578947
        },
        " Assoc-acdm": {
            "loss": 0.2890157233778923,
            "acc": 0.8737373737373737
        },
        " Assoc-voc": {
            "loss": 0.2744890252664753,
            "acc": 0.8717948717948718
        },
        " Bachelors": {
            "loss": 0.30035014340865607,
            "acc": 0.8545627376425855
        },
        " Doctorate": {
            "loss": 0.3202035820668058,
            "acc": 0.8571428571428571
        },
        " HS-grad": {
            "loss": 0.29458991025115966,
            "acc": 0.8522072936660269
        },
        " Masters": {
            "loss": 0.2800360867366269,
            "acc": 0.8699186991869918
        },
        " Preschool": {
            "loss": 0.3864218101672242,
            "acc": 0.8
        },
        " Prof-school": {
            "loss": 0.2975543934752184,
            "acc": 0.8620689655172413
        },
        " Some-college": {
            "loss": 0.2953208887432337,
            "acc": 0.8565656565656565
        }
    },
    "education-num": {
        "1-9": {
            "loss": 0.298626183114362,
            "acc": 0.851360544217687
        },
        "10-13": {
            "loss": 0.29424095075014883,
            "acc": 0.8601444517399869
        },
        "13-16": {
            "loss": 0.289155340690542,
            "acc": 0.8665480427046264
        },
        "9-10": {
            "loss": 0.2953208887432337,
            "acc": 0.8565656565656565
        }
    },
    "relationship": {
        " Husband": {
            "loss": 0.2904178454563788,
            "acc": 0.8601776747779065
        },
        " Not-in-family": {
            "loss": 0.2925193118239047,
            "acc": 0.8576470588235294
        },
        " Other-relative": {
            "loss": 0.20929524310664058,
            "acc": 0.9157303370786517
        },
        " Own-child": {
            "loss": 0.32689591601446377,
            "acc": 0.8439646712463199
        },
        " Unmarried": {
            "loss": 0.30171107585291346,
            "acc": 0.8447293447293447
        },
        " Wife": {
            "loss": 0.2975449337665264,
            "acc": 0.8416149068322981
        }
    },
    "race": {
        " Amer-Indian-Eskimo": {
            "loss": 0.2921540028477082,
            "acc": 0.8169014084507042
        },
        " Asian-Pac-Islander": {
            "loss": 0.27173256427613635,
            "acc": 0.8704663212435233
        },
        " Black": {
            "loss": 0.297278378583389,
            "acc": 0.8547579298831386
        },
        " Other": {
            "loss": 0.3310422513056434,
            "acc": 0.8545454545454545
        },
        " White": {
            "loss": 0.29643819311511804,
            "acc": 0.8560443490701002
        }
    },
    "gender": {
        " Female": {
            "loss": 0.303494595085144,
            "acc": 0.8498823529411764
        },
        " Male": {
            "loss": 0.29241066203980715,
            "acc": 0.8588369441277081
        }
    },
    "hours-per-week": {
        "1-35": {
            "loss": 0.2778797474646921,
            "acc": 0.8747220163083765
        },
        "35-40": {
            "loss": 0.3103382126790388,
            "acc": 0.846542469213767
        },
        "40-50": {
            "loss": 0.281934430280436,
            "acc": 0.8581907090464548
        },
        "50-99": {
            "loss": 0.29141111181487367,
            "acc": 0.8578878748370273
        }
    }
}