{
    "forget_x": [
        0,
        1,
        0,
        0,
        0,
        0,
        0,
        0,
        0,
        0,
        0,
        0,
        0,
        0,
        0,
        0,
        1,
        0,
        0,
        0,
        0,
        1,
        0,
        0,
        0,
        0,
        0,
        0,
        1,
        0,
        0,
        0,
        0,
        0,
        1,
        0,
        0,
        1,
        0,
        1,
        0,
        0
    ],
    "forget_y": 0,
    "sample": {
        "age": "33-41",
        "education": " 9th",
        "education-num": "1-9",
        "relationship": " Husband",
        "race": " White",
        "gender": " Male",
        "hours-per-week": "35-40",
        "income": "<50k"
    },
    "performance": {
        "age": {
            "17-26": {
                "loss": 0.3132852115863937,
                "acc": 0.8554794520547945
            },
            "26-33": {
                "loss": 0.2988753655446662,
                "acc": 0.8470790378006873
            },
            "33-41": {
                "loss": 0.30087528815771836,
                "acc": 0.8541353383458646
            },
            "41-50": {
                "loss": 0.3003061107094804,
                "acc": 0.8596491228070176
            },
            "50-90": {
                "loss": 0.2985186355436081,
                "acc": 0.8548387096774194
            }
        },
        "education": {
            " 10th": {
                "loss": 0.33903789510801746,
                "acc": 0.8469945355191257
            },
            " 11th": {
                "loss": 0.3114908931516197,
                "acc": 0.8533333333333334
            },
            " 12th": {
                "loss": 0.3533655140958465,
                "acc": 0.8163265306122449
            },
            " 1st-4th": {
                "loss": 0.23691014506518474,
                "acc": 0.8695652173913043
            },
            " 5th-6th": {
                "loss": 0.27571068837041574,
                "acc": 0.8387096774193549
            },
            " 7th-8th": {
                "loss": 0.2759834174145884,
                "acc": 0.8794326241134752
            },
            " 9th": {
                "loss": 0.3061289556256327,
                "acc": 0.8596491228070176
            },
            " Assoc-acdm": {
                "loss": 0.3042807903363298,
                "acc": 0.8585858585858586
            },
            " Assoc-voc": {
                "loss": 0.2826296093891371,
                "acc": 0.8571428571428571
            },
            " Bachelors": {
                "loss": 0.3047259038880617,
                "acc": 0.844106463878327
            },
            " Doctorate": {
                "loss": 0.3248554700067456,
                "acc": 0.8441558441558441
            },
            " HS-grad": {
                "loss": 0.3013907307860328,
                "acc": 0.8517274472168906
            },
            " Masters": {
                "loss": 0.2758455017368855,
                "acc": 0.8753387533875339
            },
            " Preschool": {
                "loss": 0.36546543758711225,
                "acc": 0.9
            },
            " Prof-school": {
                "loss": 0.293438645331899,
                "acc": 0.8706896551724138
            },
            " Some-college": {
                "loss": 0.30775906851574153,
                "acc": 0.8592592592592593
            }
        },
        "education-num": {
            "1-9": {
                "loss": 0.3043767014596883,
                "acc": 0.8520408163265306
            },
            "10-13": {
                "loss": 0.300707242770892,
                "acc": 0.8483256730137886
            },
            "13-16": {
                "loss": 0.2861917156404458,
                "acc": 0.8701067615658363
            },
            "9-10": {
                "loss": 0.30775906851574153,
                "acc": 0.8592592592592593
            }
        },
        "relationship": {
            " Husband": {
                "loss": 0.298864236491781,
                "acc": 0.8567014291232136
            },
            " Not-in-family": {
                "loss": 0.29393543851486775,
                "acc": 0.8564705882352941
            },
            " Other-relative": {
                "loss": 0.2369117475417573,
                "acc": 0.9101123595505618
            },
            " Own-child": {
                "loss": 0.3309828141888973,
                "acc": 0.8439646712463199
            },
            " Unmarried": {
                "loss": 0.3121040285751973,
                "acc": 0.8490028490028491
            },
            " Wife": {
                "loss": 0.30657774358433215,
                "acc": 0.8385093167701864
            }
        },
        "race": {
            " Amer-Indian-Eskimo": {
                "loss": 0.2961313272299164,
                "acc": 0.8309859154929577
            },
            " Asian-Pac-Islander": {
                "loss": 0.27853577782749495,
                "acc": 0.8860103626943006
            },
            " Black": {
                "loss": 0.30209246442743476,
                "acc": 0.8547579298831386
            },
            " Other": {
                "loss": 0.34366859807843186,
                "acc": 0.8181818181818182
            },
            " White": {
                "loss": 0.3033027012744956,
                "acc": 0.853898426323319
            }
        },
        "gender": {
            " Female": {
                "loss": 0.3119339132003244,
                "acc": 0.8484705882352941
            },
            " Male": {
                "loss": 0.29825473852147555,
                "acc": 0.8572405929304447
            }
        },
        "hours-per-week": {
            "1-35": {
                "loss": 0.28624137754981144,
                "acc": 0.8747220163083765
            },
            "35-40": {
                "loss": 0.3142154431711022,
                "acc": 0.8440164193242816
            },
            "40-50": {
                "loss": 0.29061438486657765,
                "acc": 0.8590057049714751
            },
            "50-99": {
                "loss": 0.30360210808147664,
                "acc": 0.8539765319426337
            }
        }
    }
}