{
    "age": {
        "17-26": {
            "loss": 0.4741789249605309,
            "acc": 0.7835616438356164
        },
        "26-33": {
            "loss": 1.0498589094363597,
            "acc": 0.7047210300429184
        },
        "33-41": {
            "loss": 1.5717181832328397,
            "acc": 0.6115702479338843
        },
        "41-50": {
            "loss": 1.734800355134581,
            "acc": 0.5829346092503987
        },
        "50-90": {
            "loss": 1.6289033236571457,
            "acc": 0.6126056879323597
        }
    },
    "education": {
        " 10th": {
            "loss": 0.7184247318667618,
            "acc": 0.7213114754098361
        },
        " 11th": {
            "loss": 0.6533157240380099,
            "acc": 0.7422222222222222
        },
        " 12th": {
            "loss": 0.6066363842372003,
            "acc": 0.7653061224489796
        },
        " 1st-4th": {
            "loss": 0.30041290813232985,
            "acc": 0.8695652173913043
        },
        " 5th-6th": {
            "loss": 0.5482529714123119,
            "acc": 0.7580645161290323
        },
        " 7th-8th": {
            "loss": 0.5114335890998972,
            "acc": 0.7714285714285715
        },
        " 9th": {
            "loss": 0.456484812937689,
            "acc": 0.7913043478260869
        },
        " Assoc-acdm": {
            "loss": 1.0509945471070747,
            "acc": 0.7121212121212122
        },
        " Assoc-voc": {
            "loss": 1.3000704704878026,
            "acc": 0.6666666666666666
        },
        " Bachelors": {
            "loss": 2.0257600625378744,
            "acc": 0.5527065527065527
        },
        " Doctorate": {
            "loss": 3.1968947235212264,
            "acc": 0.37662337662337664
        },
        " HS-grad": {
            "loss": 0.9716536006972587,
            "acc": 0.7077735124760077
        },
        " Masters": {
            "loss": 2.654063277434194,
            "acc": 0.4715447154471545
        },
        " Preschool": {
            "loss": 0.5254902881759159,
            "acc": 0.7
        },
        " Prof-school": {
            "loss": 3.0163543685338445,
            "acc": 0.3793103448275862
        },
        " Some-college": {
            "loss": 1.0083104400482388,
            "acc": 0.6956228956228956
        }
    },
    "education-num": {
        "1-9": {
            "loss": 0.8615975419410508,
            "acc": 0.7217687074829932
        },
        "10-13": {
            "loss": 1.7691217221934037,
            "acc": 0.5938320209973753
        },
        "13-16": {
            "loss": 2.8032159249720228,
            "acc": 0.4395017793594306
        },
        "9-10": {
            "loss": 1.0083104400482388,
            "acc": 0.6956228956228956
        }
    },
    "relationship": {
        " Husband": {
            "loss": 2.054908226358932,
            "acc": 0.5357280803398996
        },
        " Not-in-family": {
            "loss": 0.7557813888962942,
            "acc": 0.7519106407995297
        },
        " Other-relative": {
            "loss": 0.46064916071186573,
            "acc": 0.7808988764044944
        },
        " Own-child": {
            "loss": 0.49943174838758786,
            "acc": 0.7762512266928361
        },
        " Unmarried": {
            "loss": 0.5627992552226405,
            "acc": 0.7792022792022792
        },
        " Wife": {
            "loss": 2.205725190371123,
            "acc": 0.5093167701863354
        }
    },
    "race": {
        " Amer-Indian-Eskimo": {
            "loss": 0.6652961138511542,
            "acc": 0.6901408450704225
        },
        " Asian-Pac-Islander": {
            "loss": 1.790093550019087,
            "acc": 0.5751295336787565
        },
        " Black": {
            "loss": 0.8037977597738803,
            "acc": 0.7228714524207012
        },
        " Other": {
            "loss": 0.49664405537315665,
            "acc": 0.7818181818181819
        },
        " White": {
            "loss": 1.323166864088706,
            "acc": 0.6563561594850706
        }
    },
    "gender": {
        " Female": {
            "loss": 0.7827764797152565,
            "acc": 0.7394167450611477
        },
        " Male": {
            "loss": 1.5137522999682327,
            "acc": 0.6237172177879133
        }
    },
    "hours-per-week": {
        "1-35": {
            "loss": 0.6534510543902888,
            "acc": 0.7672349888806523
        },
        "35-40": {
            "loss": 1.1032397108317316,
            "acc": 0.6755050505050505
        },
        "40-50": {
            "loss": 1.9532662954455324,
            "acc": 0.5786471067644662
        },
        "50-99": {
            "loss": 1.993168201351049,
            "acc": 0.5501955671447197
        }
    }
}