{
    "forget_x": [
        1,
        0,
        0,
        0,
        0,
        0,
        0,
        0,
        0,
        0,
        0,
        0,
        0,
        0,
        1,
        0,
        0,
        0,
        0,
        0,
        0,
        0,
        1,
        0,
        0,
        0,
        1,
        0,
        0,
        0,
        0,
        0,
        0,
        0,
        0,
        1,
        0,
        1,
        0,
        1,
        0,
        0
    ],
    "forget_y": 0,
    "sample": {
        "age": "50-90",
        "education": " 7th-8th",
        "education-num": "1-9",
        "relationship": " Husband",
        "race": " White",
        "gender": " Male",
        "hours-per-week": "35-40",
        "income": "<50k"
    },
    "performance": {
        "age": {
            "17-26": {
                "loss": 0.29656566156071845,
                "acc": 0.8582191780821918
            },
            "26-33": {
                "loss": 0.2865996266875188,
                "acc": 0.8539518900343642
            },
            "33-41": {
                "loss": 0.2957285087140676,
                "acc": 0.8549962434259955
            },
            "41-50": {
                "loss": 0.2974334341929276,
                "acc": 0.8604465709728868
            },
            "50-90": {
                "loss": 0.29027592758044324,
                "acc": 0.857033051498847
            }
        },
        "education": {
            " 10th": {
                "loss": 0.3383981662308061,
                "acc": 0.8469945355191257
            },
            " 11th": {
                "loss": 0.29992243095429266,
                "acc": 0.8711111111111111
            },
            " 12th": {
                "loss": 0.33008417383100436,
                "acc": 0.8367346938775511
            },
            " 1st-4th": {
                "loss": 0.23620332553663345,
                "acc": 0.8695652173913043
            },
            " 5th-6th": {
                "loss": 0.2392976516045204,
                "acc": 0.8548387096774194
            },
            " 7th-8th": {
                "loss": 0.26936137280134503,
                "acc": 0.8928571428571429
            },
            " 9th": {
                "loss": 0.2906210019944783,
                "acc": 0.8608695652173913
            },
            " Assoc-acdm": {
                "loss": 0.30582697688997484,
                "acc": 0.8333333333333334
            },
            " Assoc-voc": {
                "loss": 0.2945526292213822,
                "acc": 0.8571428571428571
            },
            " Bachelors": {
                "loss": 0.29624378399617807,
                "acc": 0.8602661596958175
            },
            " Doctorate": {
                "loss": 0.3271288749907018,
                "acc": 0.8441558441558441
            },
            " HS-grad": {
                "loss": 0.2935744445623732,
                "acc": 0.8498080614203455
            },
            " Masters": {
                "loss": 0.26686483511260745,
                "acc": 0.8753387533875339
            },
            " Preschool": {
                "loss": 0.4245469778044571,
                "acc": 0.8
            },
            " Prof-school": {
                "loss": 0.28679603890455435,
                "acc": 0.853448275862069
            },
            " Some-college": {
                "loss": 0.29095900048298945,
                "acc": 0.8612794612794613
            }
        },
        "education-num": {
            "1-9": {
                "loss": 0.2956508200594556,
                "acc": 0.8534013605442177
            },
            "10-13": {
                "loss": 0.2971865200036979,
                "acc": 0.8562048588312541
            },
            "13-16": {
                "loss": 0.27923556591417176,
                "acc": 0.8665480427046264
            },
            "9-10": {
                "loss": 0.29095900048298945,
                "acc": 0.8612794612794613
            }
        },
        "relationship": {
            " Husband": {
                "loss": 0.2947176396010924,
                "acc": 0.8590189262263422
            },
            " Not-in-family": {
                "loss": 0.28460449919421527,
                "acc": 0.8629411764705882
            },
            " Other-relative": {
                "loss": 0.20583244540876666,
                "acc": 0.9157303370786517
            },
            " Own-child": {
                "loss": 0.3159639267505843,
                "acc": 0.8410206084396468
            },
            " Unmarried": {
                "loss": 0.2935725253250465,
                "acc": 0.8532763532763533
            },
            " Wife": {
                "loss": 0.3083479432430158,
                "acc": 0.8354037267080745
            }
        },
        "race": {
            " Amer-Indian-Eskimo": {
                "loss": 0.30297069833365164,
                "acc": 0.8450704225352113
            },
            " Asian-Pac-Islander": {
                "loss": 0.25679906940511676,
                "acc": 0.8963730569948186
            },
            " Black": {
                "loss": 0.29492263807730723,
                "acc": 0.8580968280467446
            },
            " Other": {
                "loss": 0.3072219511522995,
                "acc": 0.8363636363636363
            },
            " White": {
                "loss": 0.2943855467100995,
                "acc": 0.855865522174535
            }
        },
        "gender": {
            " Female": {
                "loss": 0.2961787563220766,
                "acc": 0.8545882352941176
            },
            " Male": {
                "loss": 0.2922356049069611,
                "acc": 0.8581527936145952
            }
        },
        "hours-per-week": {
            "1-35": {
                "loss": 0.2687824564572985,
                "acc": 0.8762045959970348
            },
            "35-40": {
                "loss": 0.30941286042399135,
                "acc": 0.8468582254499526
            },
            "40-50": {
                "loss": 0.28149623328456497,
                "acc": 0.8606356968215159
            },
            "50-99": {
                "loss": 0.2906636815353298,
                "acc": 0.8591916558018253
            }
        }
    }
}