{
    "age": {
        "17-26": {
            "loss": 0.4681769670825903,
            "acc": 0.7794520547945205
        },
        "26-33": {
            "loss": 1.0306907316136256,
            "acc": 0.7064377682403433
        },
        "33-41": {
            "loss": 1.5295982014606984,
            "acc": 0.6093163035311796
        },
        "41-50": {
            "loss": 1.7699848394116975,
            "acc": 0.5889864325618516
        },
        "50-90": {
            "loss": 1.6402266599374002,
            "acc": 0.6082949308755761
        }
    },
    "education": {
        " 10th": {
            "loss": 0.6968977308760734,
            "acc": 0.7103825136612022
        },
        " 11th": {
            "loss": 0.6837238946895458,
            "acc": 0.7333333333333333
        },
        " 12th": {
            "loss": 0.6720113118559369,
            "acc": 0.7755102040816326
        },
        " 1st-4th": {
            "loss": 0.28276904465446145,
            "acc": 0.8695652173913043
        },
        " 5th-6th": {
            "loss": 0.49606763841486334,
            "acc": 0.7580645161290323
        },
        " 7th-8th": {
            "loss": 0.5076732391808274,
            "acc": 0.7730496453900709
        },
        " 9th": {
            "loss": 0.47055580264900865,
            "acc": 0.808695652173913
        },
        " Assoc-acdm": {
            "loss": 1.0203041735176737,
            "acc": 0.702020202020202
        },
        " Assoc-voc": {
            "loss": 1.269360701855328,
            "acc": 0.6666666666666666
        },
        " Bachelors": {
            "loss": 2.0429500853503653,
            "acc": 0.5517568850902185
        },
        " Doctorate": {
            "loss": 3.2980321208651406,
            "acc": 0.38961038961038963
        },
        " HS-grad": {
            "loss": 0.9767673441268789,
            "acc": 0.7053742802303263
        },
        " Masters": {
            "loss": 2.5968797542911584,
            "acc": 0.4891304347826087
        },
        " Preschool": {
            "loss": 0.5374148373218086,
            "acc": 0.6
        },
        " Prof-school": {
            "loss": 3.0262358499858455,
            "acc": 0.3793103448275862
        },
        " Some-college": {
            "loss": 0.9845039645293258,
            "acc": 0.6936026936026936
        }
    },
    "education-num": {
        "1-9": {
            "loss": 0.8674397445728967,
            "acc": 0.7194831689901394
        },
        "10-13": {
            "loss": 1.7715105891318477,
            "acc": 0.5918635170603674
        },
        "13-16": {
            "loss": 2.781895867173119,
            "acc": 0.45276292335115864
        },
        "9-10": {
            "loss": 0.9845039645293258,
            "acc": 0.6936026936026936
        }
    },
    "relationship": {
        " Husband": {
            "loss": 2.066617026239332,
            "acc": 0.5374517374517375
        },
        " Not-in-family": {
            "loss": 0.7424583372388411,
            "acc": 0.7470588235294118
        },
        " Other-relative": {
            "loss": 0.4424677520971885,
            "acc": 0.7808988764044944
        },
        " Own-child": {
            "loss": 0.4819418195559045,
            "acc": 0.7772325809617272
        },
        " Unmarried": {
            "loss": 0.544673338908533,
            "acc": 0.7763532763532763
        },
        " Wife": {
            "loss": 2.194467286507901,
            "acc": 0.5093167701863354
        }
    },
    "race": {
        " Amer-Indian-Eskimo": {
            "loss": 0.6407833573784106,
            "acc": 0.6901408450704225
        },
        " Asian-Pac-Islander": {
            "loss": 1.8094570380363737,
            "acc": 0.5958549222797928
        },
        " Black": {
            "loss": 0.8159469456942355,
            "acc": 0.7195325542570952
        },
        " Other": {
            "loss": 0.47769010331827944,
            "acc": 0.7454545454545455
        },
        " White": {
            "loss": 1.3166115488231342,
            "acc": 0.6554621848739496
        }
    },
    "gender": {
        " Female": {
            "loss": 0.7763939927427026,
            "acc": 0.7378823529411764
        },
        " Male": {
            "loss": 1.5101954311121275,
            "acc": 0.6233470132238942
        }
    },
    "hours-per-week": {
        "1-35": {
            "loss": 0.6557756588697309,
            "acc": 0.7627872498146775
        },
        "35-40": {
            "loss": 1.102608816813859,
            "acc": 0.6752918901861786
        },
        "40-50": {
            "loss": 1.9623412089378085,
            "acc": 0.5802770986145069
        },
        "50-99": {
            "loss": 1.9411919422596697,
            "acc": 0.5496083550913838
        }
    }
}