{
    "forget_x": [
        1,
        0,
        0,
        0,
        0,
        0,
        0,
        0,
        0,
        0,
        0,
        0,
        0,
        0,
        0,
        0,
        0,
        0,
        0,
        0,
        1,
        0,
        0,
        0,
        1,
        0,
        0,
        0,
        1,
        0,
        0,
        0,
        0,
        0,
        0,
        1,
        1,
        0,
        0,
        1,
        0,
        0
    ],
    "forget_y": 0,
    "sample": {
        "age": "41-50",
        "education": " Masters",
        "education-num": "13-16",
        "relationship": " Not-in-family",
        "race": " White",
        "gender": " Female",
        "hours-per-week": "50-99",
        "income": "<50k"
    },
    "performance": {
        "age": {
            "17-26": {
                "loss": 0.3064854913392889,
                "acc": 0.8486301369863014
            },
            "26-33": {
                "loss": 0.3032896733336448,
                "acc": 0.852233676975945
            },
            "33-41": {
                "loss": 0.30465928147787297,
                "acc": 0.8437265214124718
            },
            "41-50": {
                "loss": 0.29975222228323517,
                "acc": 0.8571428571428571
            },
            "50-90": {
                "loss": 0.2926688629898983,
                "acc": 0.857910906298003
            }
        },
        "education": {
            " 10th": {
                "loss": 0.34312605653215406,
                "acc": 0.8524590163934426
            },
            " 11th": {
                "loss": 0.3169589300368572,
                "acc": 0.8355555555555556
            },
            " 12th": {
                "loss": 0.3681275417225174,
                "acc": 0.826530612244898
            },
            " 1st-4th": {
                "loss": 0.23720974808460293,
                "acc": 0.9130434782608695
            },
            " 5th-6th": {
                "loss": 0.2465751845275261,
                "acc": 0.8870967741935484
            },
            " 7th-8th": {
                "loss": 0.26942749431843105,
                "acc": 0.8794326241134752
            },
            " 9th": {
                "loss": 0.2821030721149197,
                "acc": 0.8695652173913043
            },
            " Assoc-acdm": {
                "loss": 0.32524836241950117,
                "acc": 0.8232323232323232
            },
            " Assoc-voc": {
                "loss": 0.29668360243557906,
                "acc": 0.8424908424908425
            },
            " Bachelors": {
                "loss": 0.30679103785635076,
                "acc": 0.846958174904943
            },
            " Doctorate": {
                "loss": 0.3458046717909282,
                "acc": 0.8311688311688312
            },
            " HS-grad": {
                "loss": 0.29819357622382375,
                "acc": 0.8526871401151631
            },
            " Masters": {
                "loss": 0.2735941153034861,
                "acc": 0.8777173913043478
            },
            " Preschool": {
                "loss": 0.4444526065124036,
                "acc": 0.7
            },
            " Prof-school": {
                "loss": 0.27289638506688785,
                "acc": 0.8793103448275862
            },
            " Some-college": {
                "loss": 0.3018865102851809,
                "acc": 0.8505050505050505
            }
        },
        "education-num": {
            "1-9": {
                "loss": 0.3016793203831432,
                "acc": 0.8531111866712002
            },
            "10-13": {
                "loss": 0.3073788385087694,
                "acc": 0.8430728824688115
            },
            "13-16": {
                "loss": 0.28336109594891823,
                "acc": 0.8716577540106952
            },
            "9-10": {
                "loss": 0.3018865102851809,
                "acc": 0.8505050505050505
            }
        },
        "relationship": {
            " Husband": {
                "loss": 0.30225333959041656,
                "acc": 0.8540540540540541
            },
            " Not-in-family": {
                "loss": 0.29203236593636805,
                "acc": 0.8552089464390819
            },
            " Other-relative": {
                "loss": 0.20472244447266452,
                "acc": 0.9157303370786517
            },
            " Own-child": {
                "loss": 0.32646483112171004,
                "acc": 0.831207065750736
            },
            " Unmarried": {
                "loss": 0.3057582739949147,
                "acc": 0.8561253561253561
            },
            " Wife": {
                "loss": 0.31023040142192215,
                "acc": 0.8354037267080745
            }
        },
        "race": {
            " Amer-Indian-Eskimo": {
                "loss": 0.3124185963652036,
                "acc": 0.8169014084507042
            },
            " Asian-Pac-Islander": {
                "loss": 0.27855096080004893,
                "acc": 0.8704663212435233
            },
            " Black": {
                "loss": 0.31506559352805635,
                "acc": 0.8447412353923205
            },
            " Other": {
                "loss": 0.27300478859060634,
                "acc": 0.8545454545454545
            },
            " White": {
                "loss": 0.30095892081981135,
                "acc": 0.8522889842632332
            }
        },
        "gender": {
            " Female": {
                "loss": 0.3023927473454408,
                "acc": 0.8498116760828626
            },
            " Male": {
                "loss": 0.3010400591734613,
                "acc": 0.8527131782945736
            }
        },
        "hours-per-week": {
            "1-35": {
                "loss": 0.2798436790797207,
                "acc": 0.8665678280207562
            },
            "35-40": {
                "loss": 0.31276507767165507,
                "acc": 0.8446969696969697
            },
            "40-50": {
                "loss": 0.29530676983483495,
                "acc": 0.8533007334963325
            },
            "50-99": {
                "loss": 0.3028114871629615,
                "acc": 0.8524804177545692
            }
        }
    }
}