{
    "forget_x": [
        0,
        0,
        0,
        1,
        0,
        0,
        0,
        0,
        0,
        0,
        0,
        0,
        0,
        0,
        0,
        0,
        1,
        0,
        0,
        0,
        0,
        1,
        0,
        0,
        0,
        0,
        1,
        0,
        0,
        0,
        0,
        0,
        0,
        0,
        0,
        1,
        1,
        0,
        0,
        1,
        0,
        0
    ],
    "forget_y": 0,
    "sample": {
        "age": "26-33",
        "education": " HS-grad",
        "education-num": "1-9",
        "relationship": " Wife",
        "race": " White",
        "gender": " Female",
        "hours-per-week": "35-40",
        "income": "<50k"
    },
    "performance": {
        "age": {
            "17-26": {
                "loss": 0.30243858406561036,
                "acc": 0.8534246575342466
            },
            "26-33": {
                "loss": 0.29521078701461406,
                "acc": 0.8529664660361135
            },
            "33-41": {
                "loss": 0.30152454005566875,
                "acc": 0.850488354620586
            },
            "41-50": {
                "loss": 0.30615734925135657,
                "acc": 0.8532695374800638
            },
            "50-90": {
                "loss": 0.2971320571208886,
                "acc": 0.8533026113671275
            }
        },
        "education": {
            " 10th": {
                "loss": 0.33734635514825334,
                "acc": 0.8469945355191257
            },
            " 11th": {
                "loss": 0.29756661501858883,
                "acc": 0.8711111111111111
            },
            " 12th": {
                "loss": 0.3645080012157354,
                "acc": 0.826530612244898
            },
            " 1st-4th": {
                "loss": 0.23870113397881226,
                "acc": 0.8695652173913043
            },
            " 5th-6th": {
                "loss": 0.2503096262551726,
                "acc": 0.8387096774193549
            },
            " 7th-8th": {
                "loss": 0.2677536039916072,
                "acc": 0.8865248226950354
            },
            " 9th": {
                "loss": 0.2830883993032836,
                "acc": 0.8695652173913043
            },
            " Assoc-acdm": {
                "loss": 0.32134531190236276,
                "acc": 0.8383838383838383
            },
            " Assoc-voc": {
                "loss": 0.29945301504081057,
                "acc": 0.8388278388278388
            },
            " Bachelors": {
                "loss": 0.3053027122437145,
                "acc": 0.8536121673003803
            },
            " Doctorate": {
                "loss": 0.33992285543780426,
                "acc": 0.8571428571428571
            },
            " HS-grad": {
                "loss": 0.29746983136021454,
                "acc": 0.8478156505040807
            },
            " Masters": {
                "loss": 0.2836214680744722,
                "acc": 0.8617886178861789
            },
            " Preschool": {
                "loss": 0.39664058171589806,
                "acc": 0.8
            },
            " Prof-school": {
                "loss": 0.2802875710359729,
                "acc": 0.8620689655172413
            },
            " Some-college": {
                "loss": 0.3015388486100696,
                "acc": 0.8558922558922559
            }
        },
        "education-num": {
            "1-9": {
                "loss": 0.299089274497609,
                "acc": 0.851360544217687
            },
            "10-13": {
                "loss": 0.30633978866920347,
                "acc": 0.8489822718319107
            },
            "13-16": {
                "loss": 0.29064722389388586,
                "acc": 0.8612099644128114
            },
            "9-10": {
                "loss": 0.3015388486100696,
                "acc": 0.8558922558922559
            }
        },
        "relationship": {
            " Husband": {
                "loss": 0.30582530656711343,
                "acc": 0.8498069498069498
            },
            " Not-in-family": {
                "loss": 0.2883063850025745,
                "acc": 0.861764705882353
            },
            " Other-relative": {
                "loss": 0.19827101023116708,
                "acc": 0.9269662921348315
            },
            " Own-child": {
                "loss": 0.32416964973967544,
                "acc": 0.8351324828263003
            },
            " Unmarried": {
                "loss": 0.2982884159352121,
                "acc": 0.8532763532763533
            },
            " Wife": {
                "loss": 0.3108377438469978,
                "acc": 0.8411214953271028
            }
        },
        "race": {
            " Amer-Indian-Eskimo": {
                "loss": 0.28822932516728444,
                "acc": 0.8309859154929577
            },
            " Asian-Pac-Islander": {
                "loss": 0.2591942121010469,
                "acc": 0.9015544041450777
            },
            " Black": {
                "loss": 0.31052208689616956,
                "acc": 0.8430717863105175
            },
            " Other": {
                "loss": 0.3359720960899116,
                "acc": 0.8181818181818182
            },
            " White": {
                "loss": 0.300793443280105,
                "acc": 0.8526466380543634
            }
        },
        "gender": {
            " Female": {
                "loss": 0.3024631170296329,
                "acc": 0.8526365348399246
            },
            " Male": {
                "loss": 0.2997207557249302,
                "acc": 0.8527131782945736
            }
        },
        "hours-per-week": {
            "1-35": {
                "loss": 0.2765215013742924,
                "acc": 0.8754633061527057
            },
            "35-40": {
                "loss": 0.31373256519520104,
                "acc": 0.8405431007262394
            },
            "40-50": {
                "loss": 0.2936884536381855,
                "acc": 0.8573757131214343
            },
            "50-99": {
                "loss": 0.299912155461942,
                "acc": 0.8552803129074316
            }
        }
    }
}