{
    "age": {
        "17-26": {
            "loss": 0.43608871961573414,
            "acc": 0.786986301369863
        },
        "26-33": {
            "loss": 1.011991761357176,
            "acc": 0.7036082474226805
        },
        "33-41": {
            "loss": 1.483814203982467,
            "acc": 0.6175807663410969
        },
        "41-50": {
            "loss": 1.6847894093303164,
            "acc": 0.5829346092503987
        },
        "50-90": {
            "loss": 1.5184585862241473,
            "acc": 0.6167434715821812
        }
    },
    "education": {
        " 10th": {
            "loss": 0.7202913775249602,
            "acc": 0.7049180327868853
        },
        " 11th": {
            "loss": 0.6096739458367799,
            "acc": 0.7422222222222222
        },
        " 12th": {
            "loss": 0.6091803475188379,
            "acc": 0.7755102040816326
        },
        " 1st-4th": {
            "loss": 0.2773659350825365,
            "acc": 0.8695652173913043
        },
        " 5th-6th": {
            "loss": 0.5117895700955767,
            "acc": 0.7741935483870968
        },
        " 7th-8th": {
            "loss": 0.4593751453494747,
            "acc": 0.7872340425531915
        },
        " 9th": {
            "loss": 0.4255675464215066,
            "acc": 0.808695652173913
        },
        " Assoc-acdm": {
            "loss": 1.018602202586919,
            "acc": 0.696969696969697
        },
        " Assoc-voc": {
            "loss": 1.2191813566489733,
            "acc": 0.6666666666666666
        },
        " Bachelors": {
            "loss": 1.932445455340971,
            "acc": 0.5555555555555556
        },
        " Doctorate": {
            "loss": 2.877603768112318,
            "acc": 0.4025974025974026
        },
        " HS-grad": {
            "loss": 0.9332324828010672,
            "acc": 0.7085933749399904
        },
        " Masters": {
            "loss": 2.4705603809031316,
            "acc": 0.48509485094850946
        },
        " Preschool": {
            "loss": 0.4990170619908085,
            "acc": 0.7
        },
        " Prof-school": {
            "loss": 3.048738692623294,
            "acc": 0.3879310344827586
        },
        " Some-college": {
            "loss": 0.9385099498266125,
            "acc": 0.6983164983164983
        }
    },
    "education-num": {
        "1-9": {
            "loss": 0.8263352379038406,
            "acc": 0.7234693877551021
        },
        "10-13": {
            "loss": 1.685948038682037,
            "acc": 0.5938320209973753
        },
        "13-16": {
            "loss": 2.6456689662672686,
            "acc": 0.45373665480427045
        },
        "9-10": {
            "loss": 0.9385099498266125,
            "acc": 0.6983164983164983
        }
    },
    "relationship": {
        " Husband": {
            "loss": 1.9670433854814164,
            "acc": 0.5378378378378378
        },
        " Not-in-family": {
            "loss": 0.7034240963061006,
            "acc": 0.7554379776601999
        },
        " Other-relative": {
            "loss": 0.431182162338876,
            "acc": 0.7921348314606742
        },
        " Own-child": {
            "loss": 0.45440612273191494,
            "acc": 0.7821393523061825
        },
        " Unmarried": {
            "loss": 0.5315637509485226,
            "acc": 0.7777777777777778
        },
        " Wife": {
            "loss": 2.103579039202152,
            "acc": 0.5046728971962616
        }
    },
    "race": {
        " Amer-Indian-Eskimo": {
            "loss": 0.5960913918267164,
            "acc": 0.6901408450704225
        },
        " Asian-Pac-Islander": {
            "loss": 1.6968943035713593,
            "acc": 0.5958549222797928
        },
        " Black": {
            "loss": 0.7752677708751017,
            "acc": 0.7278797996661102
        },
        " Other": {
            "loss": 0.4726565273842001,
            "acc": 0.7454545454545455
        },
        " White": {
            "loss": 1.2549899967377367,
            "acc": 0.6585016985517611
        }
    },
    "gender": {
        " Female": {
            "loss": 0.7394447783978545,
            "acc": 0.7425882352941177
        },
        " Male": {
            "loss": 1.4382224101295036,
            "acc": 0.6260829913360693
        }
    },
    "hours-per-week": {
        "1-35": {
            "loss": 0.6000443334827834,
            "acc": 0.7702001482579689
        },
        "35-40": {
            "loss": 1.0560432449592494,
            "acc": 0.6777146464646465
        },
        "40-50": {
            "loss": 1.8423634246815364,
            "acc": 0.5843520782396088
        },
        "50-99": {
            "loss": 1.9084470885789004,
            "acc": 0.5488917861799217
        }
    }
}