{
    "age": {
        "17-26": {
            "loss": 0.46195209891447997,
            "acc": 0.7842465753424658
        },
        "26-33": {
            "loss": 1.061697779080053,
            "acc": 0.711587982832618
        },
        "33-41": {
            "loss": 1.6181665361882032,
            "acc": 0.6003005259203607
        },
        "41-50": {
            "loss": 1.8642258162513388,
            "acc": 0.5901116427432217
        },
        "50-90": {
            "loss": 1.6886676803492398,
            "acc": 0.611837048424289
        }
    },
    "education": {
        " 10th": {
            "loss": 0.7039996262838124,
            "acc": 0.7049180327868853
        },
        " 11th": {
            "loss": 0.6580073607632364,
            "acc": 0.72
        },
        " 12th": {
            "loss": 0.6633368936432474,
            "acc": 0.7755102040816326
        },
        " 1st-4th": {
            "loss": 0.2847979138729821,
            "acc": 0.8695652173913043
        },
        " 5th-6th": {
            "loss": 0.5382537804577743,
            "acc": 0.8064516129032258
        },
        " 7th-8th": {
            "loss": 0.48798206275432343,
            "acc": 0.7730496453900709
        },
        " 9th": {
            "loss": 0.47247773148584826,
            "acc": 0.8
        },
        " Assoc-acdm": {
            "loss": 1.064982086686608,
            "acc": 0.702020202020202
        },
        " Assoc-voc": {
            "loss": 1.3200762016608711,
            "acc": 0.6776556776556777
        },
        " Bachelors": {
            "loss": 2.1225953225193517,
            "acc": 0.5498575498575499
        },
        " Doctorate": {
            "loss": 3.4806080374172566,
            "acc": 0.38961038961038963
        },
        " HS-grad": {
            "loss": 1.000961998803543,
            "acc": 0.7066730676908305
        },
        " Masters": {
            "loss": 2.8157626761862753,
            "acc": 0.4878048780487805
        },
        " Preschool": {
            "loss": 0.5687342475784383,
            "acc": 0.6
        },
        " Prof-school": {
            "loss": 3.2484802628060283,
            "acc": 0.3879310344827586
        },
        " Some-college": {
            "loss": 1.0195098242389724,
            "acc": 0.696969696969697
        }
    },
    "education-num": {
        "1-9": {
            "loss": 0.8828722060268599,
            "acc": 0.7197278911564626
        },
        "10-13": {
            "loss": 1.8414305320408428,
            "acc": 0.59251968503937
        },
        "13-16": {
            "loss": 2.996168962418799,
            "acc": 0.45373665480427045
        },
        "9-10": {
            "loss": 1.0195098242389724,
            "acc": 0.696969696969697
        }
    },
    "relationship": {
        " Husband": {
            "loss": 2.1578738685574477,
            "acc": 0.5374517374517375
        },
        " Not-in-family": {
            "loss": 0.7545750676528153,
            "acc": 0.75
        },
        " Other-relative": {
            "loss": 0.44963364010106943,
            "acc": 0.7696629213483146
        },
        " Own-child": {
            "loss": 0.47526605150565665,
            "acc": 0.7811579980372915
        },
        " Unmarried": {
            "loss": 0.5531060690842925,
            "acc": 0.7763532763532763
        },
        " Wife": {
            "loss": 2.4084508476100615,
            "acc": 0.5093167701863354
        }
    },
    "race": {
        " Amer-Indian-Eskimo": {
            "loss": 0.6161385844692768,
            "acc": 0.6901408450704225
        },
        " Asian-Pac-Islander": {
            "loss": 1.7999505629341044,
            "acc": 0.5854922279792746
        },
        " Black": {
            "loss": 0.8405042548067948,
            "acc": 0.7207357859531772
        },
        " Other": {
            "loss": 0.4610038002916137,
            "acc": 0.7818181818181819
        },
        " White": {
            "loss": 1.373022955110715,
            "acc": 0.6565963532356096
        }
    },
    "gender": {
        " Female": {
            "loss": 0.8029974039975853,
            "acc": 0.7398871119473189
        },
        " Male": {
            "loss": 1.5718656742359332,
            "acc": 0.623945267958951
        }
    },
    "hours-per-week": {
        "1-35": {
            "loss": 0.6525733807288242,
            "acc": 0.7627872498146775
        },
        "35-40": {
            "loss": 1.1433500988836875,
            "acc": 0.6764520202020202
        },
        "40-50": {
            "loss": 2.0504555987896262,
            "acc": 0.5770171149144254
        },
        "50-99": {
            "loss": 2.0618511588551245,
            "acc": 0.559322033898305
        }
    }
}