{
    "forget_x": [
        0,
        0,
        0,
        1,
        0,
        0,
        0,
        0,
        0,
        0,
        0,
        0,
        0,
        0,
        0,
        0,
        0,
        0,
        0,
        0,
        1,
        0,
        0,
        0,
        1,
        1,
        0,
        0,
        0,
        0,
        0,
        0,
        0,
        0,
        0,
        1,
        0,
        1,
        0,
        0,
        1,
        0
    ],
    "forget_y": 1,
    "sample": {
        "age": "50-90",
        "education": " HS-grad",
        "education-num": "1-9",
        "relationship": " Not-in-family",
        "race": " Black",
        "gender": " Male",
        "hours-per-week": "35-40",
        "income": "<50k"
    },
    "performance": {
        "age": {
            "17-26": {
                "loss": 0.30098658425955993,
                "acc": 0.8554794520547945
            },
            "26-33": {
                "loss": 0.294743364233224,
                "acc": 0.8513745704467354
            },
            "33-41": {
                "loss": 0.2991538324270864,
                "acc": 0.8497370398196844
            },
            "41-50": {
                "loss": 0.2943943019745509,
                "acc": 0.861244019138756
            },
            "50-90": {
                "loss": 0.2898437851973245,
                "acc": 0.857033051498847
            }
        },
        "education": {
            " 10th": {
                "loss": 0.33876144584753115,
                "acc": 0.8579234972677595
            },
            " 11th": {
                "loss": 0.30094819492464114,
                "acc": 0.8577777777777778
            },
            " 12th": {
                "loss": 0.35795062300676295,
                "acc": 0.8061224489795918
            },
            " 1st-4th": {
                "loss": 0.23114744683432245,
                "acc": 0.8695652173913043
            },
            " 5th-6th": {
                "loss": 0.2553864444352402,
                "acc": 0.8709677419354839
            },
            " 7th-8th": {
                "loss": 0.26604636623903755,
                "acc": 0.8865248226950354
            },
            " 9th": {
                "loss": 0.2890061713067875,
                "acc": 0.8608695652173913
            },
            " Assoc-acdm": {
                "loss": 0.31324332215178347,
                "acc": 0.8282828282828283
            },
            " Assoc-voc": {
                "loss": 0.289949560697539,
                "acc": 0.8534798534798534
            },
            " Bachelors": {
                "loss": 0.2978131431095386,
                "acc": 0.8564638783269962
            },
            " Doctorate": {
                "loss": 0.3388515050731374,
                "acc": 0.8311688311688312
            },
            " HS-grad": {
                "loss": 0.2929294085826758,
                "acc": 0.8521363418146903
            },
            " Masters": {
                "loss": 0.27413696883835764,
                "acc": 0.8780487804878049
            },
            " Preschool": {
                "loss": 0.3799810249132015,
                "acc": 0.8
            },
            " Prof-school": {
                "loss": 0.2950654120854193,
                "acc": 0.853448275862069
            },
            " Some-college": {
                "loss": 0.2965272145193708,
                "acc": 0.8558922558922559
            }
        },
        "education-num": {
            "1-9": {
                "loss": 0.2961415700686424,
                "acc": 0.8537414965986394
            },
            "10-13": {
                "loss": 0.29840960893481033,
                "acc": 0.8522652659225214
            },
            "13-16": {
                "loss": 0.28732330105675075,
                "acc": 0.8665480427046264
            },
            "9-10": {
                "loss": 0.2965272145193708,
                "acc": 0.8558922558922559
            }
        },
        "relationship": {
            " Husband": {
                "loss": 0.29927854923152825,
                "acc": 0.8536679536679537
            },
            " Not-in-family": {
                "loss": 0.28432634882334096,
                "acc": 0.859329017068864
            },
            " Other-relative": {
                "loss": 0.20274692553857337,
                "acc": 0.9325842696629213
            },
            " Own-child": {
                "loss": 0.3173327424409719,
                "acc": 0.8429833169774289
            },
            " Unmarried": {
                "loss": 0.3000653854725062,
                "acc": 0.8589743589743589
            },
            " Wife": {
                "loss": 0.3063783605877551,
                "acc": 0.8291925465838509
            }
        },
        "race": {
            " Amer-Indian-Eskimo": {
                "loss": 0.29580064034531944,
                "acc": 0.8309859154929577
            },
            " Asian-Pac-Islander": {
                "loss": 0.26033789896761134,
                "acc": 0.8860103626943006
            },
            " Black": {
                "loss": 0.304208542373791,
                "acc": 0.842809364548495
            },
            " Other": {
                "loss": 0.2883630802543672,
                "acc": 0.8545454545454545
            },
            " White": {
                "loss": 0.29642927256318735,
                "acc": 0.8555337028428392
            }
        },
        "gender": {
            " Female": {
                "loss": 0.29869906406817276,
                "acc": 0.8545882352941176
            },
            " Male": {
                "loss": 0.29469034162367586,
                "acc": 0.855188141391106
            }
        },
        "hours-per-week": {
            "1-35": {
                "loss": 0.2759408582382786,
                "acc": 0.8732394366197183
            },
            "35-40": {
                "loss": 0.307526915319929,
                "acc": 0.844647931796653
            },
            "40-50": {
                "loss": 0.28697145703870264,
                "acc": 0.8598207008964955
            },
            "50-99": {
                "loss": 0.2981182826552063,
                "acc": 0.8578878748370273
            }
        }
    }
}