{
    "age": {
        "17-26": {
            "loss": 0.5793073636775159,
            "acc": 0.7219178082191781
        },
        "26-33": {
            "loss": 1.1399501688641134,
            "acc": 0.6632302405498282
        },
        "33-41": {
            "loss": 1.597734417212756,
            "acc": 0.5935386927122465
        },
        "41-50": {
            "loss": 1.7955961134899652,
            "acc": 0.5558213716108453
        },
        "50-90": {
            "loss": 1.6636402401596262,
            "acc": 0.5860215053763441
        }
    },
    "education": {
        " 10th": {
            "loss": 0.883308991648598,
            "acc": 0.6612021857923497
        },
        " 11th": {
            "loss": 0.7895522855501934,
            "acc": 0.6844444444444444
        },
        " 12th": {
            "loss": 0.7612665562412217,
            "acc": 0.7346938775510204
        },
        " 1st-4th": {
            "loss": 0.3724431589517098,
            "acc": 0.8695652173913043
        },
        " 5th-6th": {
            "loss": 0.6110705680875331,
            "acc": 0.7096774193548387
        },
        " 7th-8th": {
            "loss": 0.5446892408522638,
            "acc": 0.7021276595744681
        },
        " 9th": {
            "loss": 0.5678805481583081,
            "acc": 0.7391304347826086
        },
        " Assoc-acdm": {
            "loss": 1.115470087753528,
            "acc": 0.6565656565656566
        },
        " Assoc-voc": {
            "loss": 1.3352119907571371,
            "acc": 0.6446886446886447
        },
        " Bachelors": {
            "loss": 2.050299183296007,
            "acc": 0.5270655270655271
        },
        " Doctorate": {
            "loss": 3.3569955648378627,
            "acc": 0.38961038961038963
        },
        " HS-grad": {
            "loss": 1.0710372602632878,
            "acc": 0.6634661545847336
        },
        " Masters": {
            "loss": 2.585119741825428,
            "acc": 0.45799457994579945
        },
        " Preschool": {
            "loss": 0.6858611472418348,
            "acc": 0.6
        },
        " Prof-school": {
            "loss": 3.1987172816586393,
            "acc": 0.3620689655172414
        },
        " Some-college": {
            "loss": 1.0430533106879971,
            "acc": 0.6673400673400673
        }
    },
    "education-num": {
        "1-9": {
            "loss": 0.9660844118056696,
            "acc": 0.6744897959183673
        },
        "10-13": {
            "loss": 1.8007486816683693,
            "acc": 0.5649606299212598
        },
        "13-16": {
            "loss": 2.817524996260677,
            "acc": 0.4288256227758007
        },
        "9-10": {
            "loss": 1.0430533106879971,
            "acc": 0.6673400673400673
        }
    },
    "relationship": {
        " Husband": {
            "loss": 2.1022566746023257,
            "acc": 0.522007722007722
        },
        " Not-in-family": {
            "loss": 0.8194284742334957,
            "acc": 0.702527924750147
        },
        " Other-relative": {
            "loss": 0.527552769955135,
            "acc": 0.7303370786516854
        },
        " Own-child": {
            "loss": 0.5985714638504467,
            "acc": 0.7180746561886051
        },
        " Unmarried": {
            "loss": 0.6615068581853915,
            "acc": 0.7150997150997151
        },
        " Wife": {
            "loss": 2.207117379665622,
            "acc": 0.515527950310559
        }
    },
    "race": {
        " Amer-Indian-Eskimo": {
            "loss": 0.679060260609158,
            "acc": 0.647887323943662
        },
        " Asian-Pac-Islander": {
            "loss": 1.8281206726240105,
            "acc": 0.5544041450777202
        },
        " Black": {
            "loss": 0.9060146940556905,
            "acc": 0.672787979966611
        },
        " Other": {
            "loss": 0.6282339692904394,
            "acc": 0.6481481481481481
        },
        " White": {
            "loss": 1.383508110733056,
            "acc": 0.6229889166964605
        }
    },
    "gender": {
        " Female": {
            "loss": 0.8622186022477916,
            "acc": 0.6909689557855127
        },
        " Male": {
            "loss": 1.569882697254878,
            "acc": 0.5945267958950969
        }
    },
    "hours-per-week": {
        "1-35": {
            "loss": 0.7362139865016698,
            "acc": 0.7168272794662713
        },
        "35-40": {
            "loss": 1.1863824327255892,
            "acc": 0.6347853535353535
        },
        "40-50": {
            "loss": 1.9519763096632752,
            "acc": 0.5623471882640587
        },
        "50-99": {
            "loss": 2.0473601423978858,
            "acc": 0.5319426336375489
        }
    }
}