{
    "forget_x": [
        0,
        0,
        0,
        0,
        1,
        0,
        0,
        0,
        0,
        0,
        0,
        0,
        0,
        0,
        0,
        0,
        0,
        1,
        0,
        0,
        0,
        0,
        0,
        1,
        0,
        0,
        0,
        0,
        0,
        1,
        0,
        0,
        0,
        0,
        0,
        1,
        0,
        1,
        0,
        1,
        0,
        0
    ],
    "forget_y": 0,
    "sample": {
        "age": "26-33",
        "education": " HS-grad",
        "education-num": "1-9",
        "relationship": " Own-child",
        "race": " Other",
        "gender": " Male",
        "hours-per-week": "35-40",
        "income": "<50k"
    },
    "performance": {
        "age": {
            "17-26": {
                "loss": 0.30843610352262657,
                "acc": 0.8479452054794521
            },
            "26-33": {
                "loss": 0.2991850995605768,
                "acc": 0.8512467755803955
            },
            "33-41": {
                "loss": 0.30213305670659146,
                "acc": 0.8519909842223892
            },
            "41-50": {
                "loss": 0.3000031246023321,
                "acc": 0.8548644338118022
            },
            "50-90": {
                "loss": 0.29389865861891784,
                "acc": 0.8540706605222734
            }
        },
        "education": {
            " 10th": {
                "loss": 0.33953193926346736,
                "acc": 0.8579234972677595
            },
            " 11th": {
                "loss": 0.30845922940405995,
                "acc": 0.8755555555555555
            },
            " 12th": {
                "loss": 0.35695131346921055,
                "acc": 0.8163265306122449
            },
            " 1st-4th": {
                "loss": 0.24782752064892144,
                "acc": 0.8695652173913043
            },
            " 5th-6th": {
                "loss": 0.27034823061534313,
                "acc": 0.8225806451612904
            },
            " 7th-8th": {
                "loss": 0.2651242228132238,
                "acc": 0.8865248226950354
            },
            " 9th": {
                "loss": 0.29125668714168873,
                "acc": 0.8695652173913043
            },
            " Assoc-acdm": {
                "loss": 0.31905686584831167,
                "acc": 0.8282828282828283
            },
            " Assoc-voc": {
                "loss": 0.28919623585239684,
                "acc": 0.8644688644688645
            },
            " Bachelors": {
                "loss": 0.30718512119953295,
                "acc": 0.846958174904943
            },
            " Doctorate": {
                "loss": 0.3345127407396089,
                "acc": 0.8441558441558441
            },
            " HS-grad": {
                "loss": 0.29811915295431685,
                "acc": 0.8458953432549208
            },
            " Masters": {
                "loss": 0.27133634257271344,
                "acc": 0.8672086720867209
            },
            " Preschool": {
                "loss": 0.4318759382549094,
                "acc": 0.7
            },
            " Prof-school": {
                "loss": 0.2737067608929537,
                "acc": 0.8620689655172413
            },
            " Some-college": {
                "loss": 0.3038359489734922,
                "acc": 0.8558922558922559
            }
        },
        "education-num": {
            "1-9": {
                "loss": 0.3010743241219508,
                "acc": 0.85
            },
            "10-13": {
                "loss": 0.3055039916793024,
                "acc": 0.8476690741956664
            },
            "13-16": {
                "loss": 0.2804814514410387,
                "acc": 0.8629893238434164
            },
            "9-10": {
                "loss": 0.3038359489734922,
                "acc": 0.8558922558922559
            }
        },
        "relationship": {
            " Husband": {
                "loss": 0.29532288465627987,
                "acc": 0.8540540540540541
            },
            " Not-in-family": {
                "loss": 0.29926854724445895,
                "acc": 0.851764705882353
            },
            " Other-relative": {
                "loss": 0.2086030452116721,
                "acc": 0.9157303370786517
            },
            " Own-child": {
                "loss": 0.33058495101504576,
                "acc": 0.8339882121807466
            },
            " Unmarried": {
                "loss": 0.305331861850164,
                "acc": 0.8561253561253561
            },
            " Wife": {
                "loss": 0.30315360685236065,
                "acc": 0.8478260869565217
            }
        },
        "race": {
            " Amer-Indian-Eskimo": {
                "loss": 0.30508297899693454,
                "acc": 0.8309859154929577
            },
            " Asian-Pac-Islander": {
                "loss": 0.2672870570585132,
                "acc": 0.8860103626943006
            },
            " Black": {
                "loss": 0.31920563396013674,
                "acc": 0.8430717863105175
            },
            " Other": {
                "loss": 0.3251479293794567,
                "acc": 0.8333333333333334
            },
            " White": {
                "loss": 0.29988532017377645,
                "acc": 0.8521365993205793
            }
        },
        "gender": {
            " Female": {
                "loss": 0.30819797390629716,
                "acc": 0.8503529411764705
            },
            " Male": {
                "loss": 0.2974566380001677,
                "acc": 0.8526795895096921
            }
        },
        "hours-per-week": {
            "1-35": {
                "loss": 0.28040142340697943,
                "acc": 0.8702742772424018
            },
            "35-40": {
                "loss": 0.313174035939241,
                "acc": 0.8433849068519104
            },
            "40-50": {
                "loss": 0.2905858635537056,
                "acc": 0.8541157294213529
            },
            "50-99": {
                "loss": 0.30330574394475107,
                "acc": 0.8513689700130378
            }
        }
    }
}