{
    "age": {
        "17-26": {
            "loss": 0.30866301268841956,
            "acc": 0.8561643835616438
        },
        "26-33": {
            "loss": 0.2965865046591277,
            "acc": 0.8452278589853827
        },
        "33-41": {
            "loss": 0.29600000948296534,
            "acc": 0.8557475582268971
        },
        "41-50": {
            "loss": 0.2970797580627839,
            "acc": 0.8564593301435407
        },
        "50-90": {
            "loss": 0.2950634522790428,
            "acc": 0.8602150537634409
        }
    },
    "education": {
        " 10th": {
            "loss": 0.3477374732931243,
            "acc": 0.8524590163934426
        },
        " 11th": {
            "loss": 0.31182909702035533,
            "acc": 0.8533333333333334
        },
        " 12th": {
            "loss": 0.33082594302627344,
            "acc": 0.8163265306122449
        },
        " 1st-4th": {
            "loss": 0.24209290745699172,
            "acc": 0.8695652173913043
        },
        " 5th-6th": {
            "loss": 0.25901756761104516,
            "acc": 0.8548387096774194
        },
        " 7th-8th": {
            "loss": 0.26192274634786183,
            "acc": 0.900709219858156
        },
        " 9th": {
            "loss": 0.2904536307786731,
            "acc": 0.8521739130434782
        },
        " Assoc-acdm": {
            "loss": 0.296961045286517,
            "acc": 0.8434343434343434
        },
        " Assoc-voc": {
            "loss": 0.2725188694266169,
            "acc": 0.8644688644688645
        },
        " Bachelors": {
            "loss": 0.3022272785264122,
            "acc": 0.8564638783269962
        },
        " Doctorate": {
            "loss": 0.3388378954800186,
            "acc": 0.8311688311688312
        },
        " HS-grad": {
            "loss": 0.29798081867109466,
            "acc": 0.8535765722515603
        },
        " Masters": {
            "loss": 0.27113706772269575,
            "acc": 0.8699186991869918
        },
        " Preschool": {
            "loss": 0.3546894889037341,
            "acc": 0.9
        },
        " Prof-school": {
            "loss": 0.3171841422743404,
            "acc": 0.8448275862068966
        },
        " Some-college": {
            "loss": 0.30287701541439116,
            "acc": 0.8525252525252526
        }
    },
    "education-num": {
        "1-9": {
            "loss": 0.30014281900602513,
            "acc": 0.8547619047619047
        },
        "10-13": {
            "loss": 0.2962173574064235,
            "acc": 0.8562048588312541
        },
        "13-16": {
            "loss": 0.2899171822872944,
            "acc": 0.8594306049822064
        },
        "9-10": {
            "loss": 0.30287701541439116,
            "acc": 0.8525252525252526
        }
    },
    "relationship": {
        " Husband": {
            "loss": 0.2954377468413538,
            "acc": 0.8583011583011583
        },
        " Not-in-family": {
            "loss": 0.2907006350267959,
            "acc": 0.8576470588235294
        },
        " Other-relative": {
            "loss": 0.23235700419482003,
            "acc": 0.9101123595505618
        },
        " Own-child": {
            "loss": 0.3297573155132997,
            "acc": 0.8408644400785854
        },
        " Unmarried": {
            "loss": 0.301277648047054,
            "acc": 0.8475783475783476
        },
        " Wife": {
            "loss": 0.3054052820205588,
            "acc": 0.84472049689441
        }
    },
    "race": {
        " Amer-Indian-Eskimo": {
            "loss": 0.28227530884623486,
            "acc": 0.8450704225352113
        },
        " Asian-Pac-Islander": {
            "loss": 0.26951111317897614,
            "acc": 0.8911917098445595
        },
        " Black": {
            "loss": 0.2946064773548233,
            "acc": 0.8580968280467446
        },
        " Other": {
            "loss": 0.33467301612784395,
            "acc": 0.8333333333333334
        },
        " White": {
            "loss": 0.30031573984721177,
            "acc": 0.8537457536205971
        }
    },
    "gender": {
        " Female": {
            "loss": 0.3080959709706428,
            "acc": 0.8494117647058823
        },
        " Male": {
            "loss": 0.29454066345060764,
            "acc": 0.85769669327252
        }
    },
    "hours-per-week": {
        "1-35": {
            "loss": 0.2839673575702499,
            "acc": 0.8739807264640475
        },
        "35-40": {
            "loss": 0.3117648187635898,
            "acc": 0.8459109567413956
        },
        "40-50": {
            "loss": 0.2815907867419934,
            "acc": 0.8581907090464548
        },
        "50-99": {
            "loss": 0.3002890558338308,
            "acc": 0.8539765319426337
        }
    }
}