{
    "age": {
        "17-26": {
            "loss": 0.43510769429798807,
            "acc": 0.8061643835616439
        },
        "26-33": {
            "loss": 1.0300738815570978,
            "acc": 0.718213058419244
        },
        "33-41": {
            "loss": 1.5617175908716991,
            "acc": 0.6160781367392938
        },
        "41-50": {
            "loss": 1.7808979785616645,
            "acc": 0.5885167464114832
        },
        "50-90": {
            "loss": 1.627409791315858,
            "acc": 0.6251920122887865
        }
    },
    "education": {
        " 10th": {
            "loss": 0.6678402857631037,
            "acc": 0.7540983606557377
        },
        " 11th": {
            "loss": 0.6071478552120453,
            "acc": 0.76
        },
        " 12th": {
            "loss": 0.6260569286891308,
            "acc": 0.7857142857142857
        },
        " 1st-4th": {
            "loss": 0.24876325796868456,
            "acc": 0.8695652173913043
        },
        " 5th-6th": {
            "loss": 0.5415977937452172,
            "acc": 0.7419354838709677
        },
        " 7th-8th": {
            "loss": 0.4517816453982002,
            "acc": 0.7801418439716312
        },
        " 9th": {
            "loss": 0.4380645260437993,
            "acc": 0.8347826086956521
        },
        " Assoc-acdm": {
            "loss": 1.0523263902367026,
            "acc": 0.7309644670050761
        },
        " Assoc-voc": {
            "loss": 1.2498143548161,
            "acc": 0.673992673992674
        },
        " Bachelors": {
            "loss": 2.0840248865044857,
            "acc": 0.5641025641025641
        },
        " Doctorate": {
            "loss": 3.2234432294802597,
            "acc": 0.38961038961038963
        },
        " HS-grad": {
            "loss": 0.9538117339097392,
            "acc": 0.7183301343570058
        },
        " Masters": {
            "loss": 2.68867959917207,
            "acc": 0.4796747967479675
        },
        " Preschool": {
            "loss": 0.478590948558285,
            "acc": 0.7
        },
        " Prof-school": {
            "loss": 3.0222058785003014,
            "acc": 0.3706896551724138
        },
        " Some-college": {
            "loss": 0.9865777242034577,
            "acc": 0.7077441077441078
        }
    },
    "education-num": {
        "1-9": {
            "loss": 0.8385193581516605,
            "acc": 0.7351241074464467
        },
        "10-13": {
            "loss": 1.8010412496589951,
            "acc": 0.6053841103086014
        },
        "13-16": {
            "loss": 2.8307896488799096,
            "acc": 0.44483985765124556
        },
        "9-10": {
            "loss": 0.9865777242034577,
            "acc": 0.7077441077441078
        }
    },
    "relationship": {
        " Husband": {
            "loss": 2.094708010382321,
            "acc": 0.5399768250289687
        },
        " Not-in-family": {
            "loss": 0.7152551915638928,
            "acc": 0.7695473251028807
        },
        " Other-relative": {
            "loss": 0.4043509459010124,
            "acc": 0.8033707865168539
        },
        " Own-child": {
            "loss": 0.4496150542691863,
            "acc": 0.8017664376840039
        },
        " Unmarried": {
            "loss": 0.5154464775063424,
            "acc": 0.7891737891737892
        },
        " Wife": {
            "loss": 2.2770782703639316,
            "acc": 0.5093167701863354
        }
    },
    "race": {
        " Amer-Indian-Eskimo": {
            "loss": 0.5926402657235329,
            "acc": 0.6901408450704225
        },
        " Asian-Pac-Islander": {
            "loss": 1.7902175721584281,
            "acc": 0.6062176165803109
        },
        " Black": {
            "loss": 0.7962845013499437,
            "acc": 0.7462437395659433
        },
        " Other": {
            "loss": 0.44700696355781494,
            "acc": 0.7818181818181819
        },
        " White": {
            "loss": 1.318772342047221,
            "acc": 0.6667262649740747
        }
    },
    "gender": {
        " Female": {
            "loss": 0.7556911973504612,
            "acc": 0.7554092191909689
        },
        " Male": {
            "loss": 1.5184591728848966,
            "acc": 0.633751425313569
        }
    },
    "hours-per-week": {
        "1-35": {
            "loss": 0.6248420625570489,
            "acc": 0.787249814677539
        },
        "35-40": {
            "loss": 1.0869540410225753,
            "acc": 0.6875986115493846
        },
        "40-50": {
            "loss": 1.9811746464689288,
            "acc": 0.5843520782396088
        },
        "50-99": {
            "loss": 2.0191545287988806,
            "acc": 0.5574412532637075
        }
    }
}