{
    "forget_x": [
        0,
        1,
        0,
        0,
        0,
        0,
        0,
        0,
        0,
        0,
        0,
        0,
        0,
        0,
        0,
        0,
        0,
        0,
        0,
        0,
        1,
        0,
        0,
        0,
        1,
        0,
        1,
        0,
        0,
        0,
        0,
        0,
        0,
        1,
        0,
        0,
        0,
        1,
        0,
        1,
        0,
        0
    ],
    "forget_y": 0,
    "sample": {
        "age": "26-33",
        "education": " Assoc-acdm",
        "education-num": "10-13",
        "relationship": " Husband",
        "race": " White",
        "gender": " Male",
        "hours-per-week": "50-99",
        "income": "<50k"
    },
    "performance": {
        "age": {
            "17-26": {
                "loss": 0.29339026690559195,
                "acc": 0.8561643835616438
            },
            "26-33": {
                "loss": 0.2838817232743329,
                "acc": 0.8555460017196904
            },
            "33-41": {
                "loss": 0.29568939250515747,
                "acc": 0.8512396694214877
            },
            "41-50": {
                "loss": 0.29468517261774857,
                "acc": 0.8604465709728868
            },
            "50-90": {
                "loss": 0.28691536796520833,
                "acc": 0.8594470046082949
            }
        },
        "education": {
            " 10th": {
                "loss": 0.3362069433959652,
                "acc": 0.8524590163934426
            },
            " 11th": {
                "loss": 0.29009325301900163,
                "acc": 0.8711111111111111
            },
            " 12th": {
                "loss": 0.33173117969512705,
                "acc": 0.8163265306122449
            },
            " 1st-4th": {
                "loss": 0.24518745245770135,
                "acc": 0.8695652173913043
            },
            " 5th-6th": {
                "loss": 0.23912038073392344,
                "acc": 0.8548387096774194
            },
            " 7th-8th": {
                "loss": 0.2586109312099266,
                "acc": 0.8865248226950354
            },
            " 9th": {
                "loss": 0.28054546291620425,
                "acc": 0.8695652173913043
            },
            " Assoc-acdm": {
                "loss": 0.3159136991352338,
                "acc": 0.8223350253807107
            },
            " Assoc-voc": {
                "loss": 0.2833587656056069,
                "acc": 0.8461538461538461
            },
            " Bachelors": {
                "loss": 0.2895791681024936,
                "acc": 0.8612167300380228
            },
            " Doctorate": {
                "loss": 0.3272095444284138,
                "acc": 0.8441558441558441
            },
            " HS-grad": {
                "loss": 0.29189034833613076,
                "acc": 0.8507677543186181
            },
            " Masters": {
                "loss": 0.2737130790139526,
                "acc": 0.8672086720867209
            },
            " Preschool": {
                "loss": 0.3882938000078922,
                "acc": 0.8
            },
            " Prof-school": {
                "loss": 0.293257826852623,
                "acc": 0.8706896551724138
            },
            " Some-college": {
                "loss": 0.28959115056610807,
                "acc": 0.8619528619528619
            }
        },
        "education-num": {
            "1-9": {
                "loss": 0.2926489550021854,
                "acc": 0.8537912274736484
            },
            "10-13": {
                "loss": 0.2918720279788405,
                "acc": 0.8534822601839684
            },
            "13-16": {
                "loss": 0.2850768131530973,
                "acc": 0.8647686832740213
            },
            "9-10": {
                "loss": 0.28959115056610807,
                "acc": 0.8619528619528619
            }
        },
        "relationship": {
            " Husband": {
                "loss": 0.2933900835335957,
                "acc": 0.8563151796060255
            },
            " Not-in-family": {
                "loss": 0.27801606347757946,
                "acc": 0.8652941176470588
            },
            " Other-relative": {
                "loss": 0.1797953469763818,
                "acc": 0.9382022471910112
            },
            " Own-child": {
                "loss": 0.317479584504472,
                "acc": 0.8370951913640824
            },
            " Unmarried": {
                "loss": 0.2932425455762573,
                "acc": 0.8575498575498576
            },
            " Wife": {
                "loss": 0.3154660288235549,
                "acc": 0.8260869565217391
            }
        },
        "race": {
            " Amer-Indian-Eskimo": {
                "loss": 0.274005371990849,
                "acc": 0.8450704225352113
            },
            " Asian-Pac-Islander": {
                "loss": 0.2555077181947892,
                "acc": 0.9015544041450777
            },
            " Black": {
                "loss": 0.2882946969675481,
                "acc": 0.8547579298831386
            },
            " Other": {
                "loss": 0.30378352142965886,
                "acc": 0.8363636363636363
            },
            " White": {
                "loss": 0.2927399575541492,
                "acc": 0.8555078683834049
            }
        },
        "gender": {
            " Female": {
                "loss": 0.29290651308878596,
                "acc": 0.8545882352941176
            },
            " Male": {
                "loss": 0.2902484584981217,
                "acc": 0.8574686431014823
            }
        },
        "hours-per-week": {
            "1-35": {
                "loss": 0.2658975572150215,
                "acc": 0.8747220163083765
            },
            "35-40": {
                "loss": 0.304694912335253,
                "acc": 0.8484848484848485
            },
            "40-50": {
                "loss": 0.2809456444190434,
                "acc": 0.856560717196414
            },
            "50-99": {
                "loss": 0.29566088533240376,
                "acc": 0.8577023498694517
            }
        }
    }
}