{
    "age": {
        "17-26": {
            "loss": 0.5042507223778755,
            "acc": 0.7568493150684932
        },
        "26-33": {
            "loss": 1.1059762403630768,
            "acc": 0.6812714776632303
        },
        "33-41": {
            "loss": 1.5631047573787404,
            "acc": 0.6048084147257701
        },
        "41-50": {
            "loss": 1.7650317939940243,
            "acc": 0.5709728867623605
        },
        "50-90": {
            "loss": 1.6550691646193099,
            "acc": 0.6075268817204301
        }
    },
    "education": {
        " 10th": {
            "loss": 0.7994351967567035,
            "acc": 0.6775956284153005
        },
        " 11th": {
            "loss": 0.6686925760517469,
            "acc": 0.7066666666666667
        },
        " 12th": {
            "loss": 0.6854745585058795,
            "acc": 0.7551020408163265
        },
        " 1st-4th": {
            "loss": 0.3247171040779681,
            "acc": 0.8695652173913043
        },
        " 5th-6th": {
            "loss": 0.5643148910030577,
            "acc": 0.7258064516129032
        },
        " 7th-8th": {
            "loss": 0.5798317163949227,
            "acc": 0.7446808510638298
        },
        " 9th": {
            "loss": 0.4931572862727356,
            "acc": 0.7739130434782608
        },
        " Assoc-acdm": {
            "loss": 1.0865918543245188,
            "acc": 0.6919191919191919
        },
        " Assoc-voc": {
            "loss": 1.3391824307258176,
            "acc": 0.6556776556776557
        },
        " Bachelors": {
            "loss": 2.0182010555726477,
            "acc": 0.5470085470085471
        },
        " Doctorate": {
            "loss": 3.318186140059576,
            "acc": 0.38961038961038963
        },
        " HS-grad": {
            "loss": 1.0112395635012528,
            "acc": 0.6895393474088292
        },
        " Masters": {
            "loss": 2.661570812158458,
            "acc": 0.47696476964769646
        },
        " Preschool": {
            "loss": 0.5795629600156162,
            "acc": 0.6
        },
        " Prof-school": {
            "loss": 2.933737788515871,
            "acc": 0.4224137931034483
        },
        " Some-college": {
            "loss": 1.0312602900737742,
            "acc": 0.6765498652291105
        }
    },
    "education-num": {
        "1-9": {
            "loss": 0.903799127459197,
            "acc": 0.7001020061203672
        },
        "10-13": {
            "loss": 1.7755299883611586,
            "acc": 0.5853018372703412
        },
        "13-16": {
            "loss": 2.8077109358343377,
            "acc": 0.45373665480427045
        },
        "9-10": {
            "loss": 1.0312602900737742,
            "acc": 0.6765498652291105
        }
    },
    "relationship": {
        " Husband": {
            "loss": 2.0977413397324973,
            "acc": 0.5332046332046332
        },
        " Not-in-family": {
            "loss": 0.7683283522494436,
            "acc": 0.7276470588235294
        },
        " Other-relative": {
            "loss": 0.4795172555457628,
            "acc": 0.7528089887640449
        },
        " Own-child": {
            "loss": 0.530273770489425,
            "acc": 0.7507360157016683
        },
        " Unmarried": {
            "loss": 0.5667581756294673,
            "acc": 0.7507122507122507
        },
        " Wife": {
            "loss": 2.2031962760537813,
            "acc": 0.515527950310559
        }
    },
    "race": {
        " Amer-Indian-Eskimo": {
            "loss": 0.6195600821393326,
            "acc": 0.647887323943662
        },
        " Asian-Pac-Islander": {
            "loss": 1.7538250136451712,
            "acc": 0.5751295336787565
        },
        " Black": {
            "loss": 0.8921921897461191,
            "acc": 0.7006688963210702
        },
        " Other": {
            "loss": 0.521860629527891,
            "acc": 0.7090909090909091
        },
        " White": {
            "loss": 1.3456550759690198,
            "acc": 0.642652842331069
        }
    },
    "gender": {
        " Female": {
            "loss": 0.7975340107217223,
            "acc": 0.7220131702728128
        },
        " Male": {
            "loss": 1.5454384140784339,
            "acc": 0.6100342075256556
        }
    },
    "hours-per-week": {
        "1-35": {
            "loss": 0.6771490647683953,
            "acc": 0.7405485544848036
        },
        "35-40": {
            "loss": 1.1452395041010264,
            "acc": 0.6587752525252525
        },
        "40-50": {
            "loss": 1.9583967433907232,
            "acc": 0.5713121434392828
        },
        "50-99": {
            "loss": 1.9918632477486893,
            "acc": 0.5514993481095176
        }
    }
}