{
    "forget_x": [
        0,
        0,
        1,
        0,
        0,
        0,
        0,
        0,
        0,
        0,
        0,
        0,
        1,
        0,
        0,
        0,
        0,
        0,
        0,
        0,
        0,
        0,
        1,
        0,
        0,
        0,
        1,
        0,
        0,
        0,
        0,
        0,
        0,
        0,
        0,
        1,
        1,
        0,
        0,
        1,
        0,
        0
    ],
    "forget_y": 0,
    "sample": {
        "age": "26-33",
        "education": " Some-college",
        "education-num": "9-10",
        "relationship": " Not-in-family",
        "race": " Black",
        "gender": " Male",
        "hours-per-week": "35-40",
        "income": "<50k"
    },
    "performance": {
        "age": {
            "17-26": {
                "loss": 0.3055877403093931,
                "acc": 0.852054794520548
            },
            "26-33": {
                "loss": 0.29638362628298204,
                "acc": 0.8495270851246776
            },
            "33-41": {
                "loss": 0.3035676434117406,
                "acc": 0.8580015026296018
            },
            "41-50": {
                "loss": 0.309700734352016,
                "acc": 0.8532695374800638
            },
            "50-90": {
                "loss": 0.2989130271728189,
                "acc": 0.8563748079877113
            }
        },
        "education": {
            " 10th": {
                "loss": 0.34487688066423194,
                "acc": 0.8524590163934426
            },
            " 11th": {
                "loss": 0.30818612859846956,
                "acc": 0.8622222222222222
            },
            " 12th": {
                "loss": 0.3369945072894637,
                "acc": 0.8367346938775511
            },
            " 1st-4th": {
                "loss": 0.25038887496859114,
                "acc": 0.8260869565217391
            },
            " 5th-6th": {
                "loss": 0.2522745318103394,
                "acc": 0.8548387096774194
            },
            " 7th-8th": {
                "loss": 0.2750813680552198,
                "acc": 0.8865248226950354
            },
            " 9th": {
                "loss": 0.2877926479571917,
                "acc": 0.8608695652173913
            },
            " Assoc-acdm": {
                "loss": 0.3101016399696948,
                "acc": 0.8585858585858586
            },
            " Assoc-voc": {
                "loss": 0.2959711908596852,
                "acc": 0.8608058608058609
            },
            " Bachelors": {
                "loss": 0.3067998138697521,
                "acc": 0.8507604562737643
            },
            " Doctorate": {
                "loss": 0.3328277370859926,
                "acc": 0.8311688311688312
            },
            " HS-grad": {
                "loss": 0.30305562312145634,
                "acc": 0.8483685220729367
            },
            " Masters": {
                "loss": 0.2883522238687585,
                "acc": 0.8617886178861789
            },
            " Preschool": {
                "loss": 0.37527397861532424,
                "acc": 0.8
            },
            " Prof-school": {
                "loss": 0.312725733128302,
                "acc": 0.853448275862069
            },
            " Some-college": {
                "loss": 0.29993777476503397,
                "acc": 0.8584905660377359
            }
        },
        "education-num": {
            "1-9": {
                "loss": 0.30400648102319916,
                "acc": 0.8514110846650799
            },
            "10-13": {
                "loss": 0.30528802627030427,
                "acc": 0.8535784635587655
            },
            "13-16": {
                "loss": 0.29947667509977977,
                "acc": 0.8558718861209964
            },
            "9-10": {
                "loss": 0.29993777476503397,
                "acc": 0.8584905660377359
            }
        },
        "relationship": {
            " Husband": {
                "loss": 0.30607615426416446,
                "acc": 0.8532818532818532
            },
            " Not-in-family": {
                "loss": 0.29165252732680447,
                "acc": 0.8605061801059447
            },
            " Other-relative": {
                "loss": 0.2087924151712598,
                "acc": 0.9213483146067416
            },
            " Own-child": {
                "loss": 0.3255670815987641,
                "acc": 0.8400392541707556
            },
            " Unmarried": {
                "loss": 0.305397618987202,
                "acc": 0.8475783475783476
            },
            " Wife": {
                "loss": 0.3133178751714902,
                "acc": 0.84472049689441
            }
        },
        "race": {
            " Amer-Indian-Eskimo": {
                "loss": 0.30926607634032605,
                "acc": 0.8169014084507042
            },
            " Asian-Pac-Islander": {
                "loss": 0.27685281672569817,
                "acc": 0.8756476683937824
            },
            " Black": {
                "loss": 0.29198412354226905,
                "acc": 0.8561872909698997
            },
            " Other": {
                "loss": 0.33698761300908237,
                "acc": 0.8545454545454545
            },
            " White": {
                "loss": 0.30465205868304773,
                "acc": 0.8533881637761488
            }
        },
        "gender": {
            " Female": {
                "loss": 0.3047975444675898,
                "acc": 0.8512941176470589
            },
            " Male": {
                "loss": 0.3021107165023164,
                "acc": 0.855188141391106
            }
        },
        "hours-per-week": {
            "1-35": {
                "loss": 0.2775169433930994,
                "acc": 0.8791697553743514
            },
            "35-40": {
                "loss": 0.3175429450425389,
                "acc": 0.8443321755604674
            },
            "40-50": {
                "loss": 0.29156991049269293,
                "acc": 0.8541157294213529
            },
            "50-99": {
                "loss": 0.3059519297193498,
                "acc": 0.848761408083442
            }
        }
    }
}