{
    "forget_x": [
        0,
        0,
        1,
        0,
        0,
        0,
        0,
        0,
        0,
        0,
        0,
        0,
        1,
        0,
        0,
        0,
        0,
        0,
        0,
        0,
        0,
        0,
        1,
        0,
        0,
        0,
        0,
        0,
        0,
        1,
        0,
        0,
        0,
        0,
        0,
        1,
        1,
        0,
        0,
        1,
        0,
        0
    ],
    "forget_y": 0,
    "sample": {
        "age": "17-26",
        "education": " Some-college",
        "education-num": "9-10",
        "relationship": " Not-in-family",
        "race": " Asian-Pac-Islander",
        "gender": " Female",
        "hours-per-week": "1-35",
        "income": "<50k"
    },
    "performance": {
        "age": {
            "17-26": {
                "loss": 0.30445238670424235,
                "acc": 0.8588074023303632
            },
            "26-33": {
                "loss": 0.2931837646845484,
                "acc": 0.8462199312714777
            },
            "33-41": {
                "loss": 0.2993729332987175,
                "acc": 0.850488354620586
            },
            "41-50": {
                "loss": 0.30038649479285073,
                "acc": 0.8580542264752791
            },
            "50-90": {
                "loss": 0.29598902644530184,
                "acc": 0.8548387096774194
            }
        },
        "education": {
            " 10th": {
                "loss": 0.34130199219103974,
                "acc": 0.8469945355191257
            },
            " 11th": {
                "loss": 0.30614100091029167,
                "acc": 0.8577777777777778
            },
            " 12th": {
                "loss": 0.36026598662562126,
                "acc": 0.826530612244898
            },
            " 1st-4th": {
                "loss": 0.24879468208940203,
                "acc": 0.8695652173913043
            },
            " 5th-6th": {
                "loss": 0.24980289970009803,
                "acc": 0.8709677419354839
            },
            " 7th-8th": {
                "loss": 0.2745023855798564,
                "acc": 0.8936170212765957
            },
            " 9th": {
                "loss": 0.28676216975560753,
                "acc": 0.8608695652173913
            },
            " Assoc-acdm": {
                "loss": 0.3009198086958203,
                "acc": 0.8535353535353535
            },
            " Assoc-voc": {
                "loss": 0.2956408836063184,
                "acc": 0.8534798534798534
            },
            " Bachelors": {
                "loss": 0.30051728779164366,
                "acc": 0.8574144486692015
            },
            " Doctorate": {
                "loss": 0.3222415451825235,
                "acc": 0.8571428571428571
            },
            " HS-grad": {
                "loss": 0.2973963527124647,
                "acc": 0.8478886756238004
            },
            " Masters": {
                "loss": 0.2792606173753007,
                "acc": 0.8672086720867209
            },
            " Preschool": {
                "loss": 0.3916275703221803,
                "acc": 0.8
            },
            " Prof-school": {
                "loss": 0.3021403973755518,
                "acc": 0.853448275862069
            },
            " Some-college": {
                "loss": 0.29879817240465195,
                "acc": 0.8537735849056604
            }
        },
        "education-num": {
            "1-9": {
                "loss": 0.3003158363071074,
                "acc": 0.8510710642638558
            },
            "10-13": {
                "loss": 0.2996955154977722,
                "acc": 0.8562048588312541
            },
            "13-16": {
                "loss": 0.28987198022438493,
                "acc": 0.8629893238434164
            },
            "9-10": {
                "loss": 0.29879817240465195,
                "acc": 0.8537735849056604
            }
        },
        "relationship": {
            " Husband": {
                "loss": 0.3025789391771813,
                "acc": 0.8525096525096525
            },
            " Not-in-family": {
                "loss": 0.28540036863519397,
                "acc": 0.861094761624485
            },
            " Other-relative": {
                "loss": 0.1992186025067329,
                "acc": 0.9269662921348315
            },
            " Own-child": {
                "loss": 0.3241598217911862,
                "acc": 0.8410206084396468
            },
            " Unmarried": {
                "loss": 0.3031971987441315,
                "acc": 0.8490028490028491
            },
            " Wife": {
                "loss": 0.3068037374752186,
                "acc": 0.8385093167701864
            }
        },
        "race": {
            " Amer-Indian-Eskimo": {
                "loss": 0.3063309185382031,
                "acc": 0.8028169014084507
            },
            " Asian-Pac-Islander": {
                "loss": 0.2700425873879212,
                "acc": 0.8802083333333334
            },
            " Black": {
                "loss": 0.300215553290808,
                "acc": 0.8497495826377296
            },
            " Other": {
                "loss": 0.30455646675248355,
                "acc": 0.8363636363636363
            },
            " White": {
                "loss": 0.2996267282906571,
                "acc": 0.8542821383872699
            }
        },
        "gender": {
            " Female": {
                "loss": 0.3006106495493811,
                "acc": 0.852165725047081
            },
            " Male": {
                "loss": 0.2981059429489363,
                "acc": 0.854765161878705
            }
        },
        "hours-per-week": {
            "1-35": {
                "loss": 0.2762878310357448,
                "acc": 0.8731454005934718
            },
            "35-40": {
                "loss": 0.31214109517961475,
                "acc": 0.8453282828282829
            },
            "40-50": {
                "loss": 0.2873363704484836,
                "acc": 0.8541157294213529
            },
            "50-99": {
                "loss": 0.30264533652076103,
                "acc": 0.8552803129074316
            }
        }
    }
}