{
    "age": {
        "17-26": {
            "loss": 0.4321396902932496,
            "acc": 0.7978067169294037
        },
        "26-33": {
            "loss": 1.0337384824675737,
            "acc": 0.711587982832618
        },
        "33-41": {
            "loss": 1.5759853686799936,
            "acc": 0.6153268219383922
        },
        "41-50": {
            "loss": 1.8036811910824029,
            "acc": 0.5869218500797448
        },
        "50-90": {
            "loss": 1.653717863184212,
            "acc": 0.6129032258064516
        }
    },
    "education": {
        " 10th": {
            "loss": 0.6781732797465413,
            "acc": 0.7213114754098361
        },
        " 11th": {
            "loss": 0.6263416304336035,
            "acc": 0.7511111111111111
        },
        " 12th": {
            "loss": 0.6258468817597352,
            "acc": 0.7653061224489796
        },
        " 1st-4th": {
            "loss": 0.25714075663875957,
            "acc": 0.9130434782608695
        },
        " 5th-6th": {
            "loss": 0.5086927300106425,
            "acc": 0.7580645161290323
        },
        " 7th-8th": {
            "loss": 0.44930571579204465,
            "acc": 0.7730496453900709
        },
        " 9th": {
            "loss": 0.43186573306507214,
            "acc": 0.8
        },
        " Assoc-acdm": {
            "loss": 1.0638403164728418,
            "acc": 0.7070707070707071
        },
        " Assoc-voc": {
            "loss": 1.2521526717672558,
            "acc": 0.673992673992674
        },
        " Bachelors": {
            "loss": 2.08644796803315,
            "acc": 0.5622032288698955
        },
        " Doctorate": {
            "loss": 3.2125672258064064,
            "acc": 0.37662337662337664
        },
        " HS-grad": {
            "loss": 0.9807742822846004,
            "acc": 0.7125719769673704
        },
        " Masters": {
            "loss": 2.727692070901128,
            "acc": 0.4823848238482385
        },
        " Preschool": {
            "loss": 0.44864435269738345,
            "acc": 0.7
        },
        " Prof-school": {
            "loss": 3.1309468770332303,
            "acc": 0.33620689655172414
        },
        " Some-college": {
            "loss": 0.9808297881240807,
            "acc": 0.7055256064690026
        }
    },
    "education-num": {
        "1-9": {
            "loss": 0.8586383784951449,
            "acc": 0.7266235974158449
        },
        "10-13": {
            "loss": 1.8041389582631189,
            "acc": 0.6010498687664042
        },
        "13-16": {
            "loss": 2.87735923182467,
            "acc": 0.4377224199288256
        },
        "9-10": {
            "loss": 0.9808297881240807,
            "acc": 0.7055256064690026
        }
    },
    "relationship": {
        " Husband": {
            "loss": 2.120694632352058,
            "acc": 0.5378378378378378
        },
        " Not-in-family": {
            "loss": 0.7199336230669192,
            "acc": 0.7529411764705882
        },
        " Other-relative": {
            "loss": 0.42881244964947884,
            "acc": 0.7696629213483146
        },
        " Own-child": {
            "loss": 0.4488409133143451,
            "acc": 0.7988223748773308
        },
        " Unmarried": {
            "loss": 0.5092558016994523,
            "acc": 0.7877492877492878
        },
        " Wife": {
            "loss": 2.297233543184177,
            "acc": 0.5248447204968945
        }
    },
    "race": {
        " Amer-Indian-Eskimo": {
            "loss": 0.6001128979245068,
            "acc": 0.6901408450704225
        },
        " Asian-Pac-Islander": {
            "loss": 1.7194155448699988,
            "acc": 0.59375
        },
        " Black": {
            "loss": 0.8083909042551941,
            "acc": 0.7328881469115192
        },
        " Other": {
            "loss": 0.45265321298764166,
            "acc": 0.7818181818181819
        },
        " White": {
            "loss": 1.3345607183907682,
            "acc": 0.661601716124419
        }
    },
    "gender": {
        " Female": {
            "loss": 0.7577995794061041,
            "acc": 0.7524705882352941
        },
        " Male": {
            "loss": 1.5360388579960913,
            "acc": 0.6263109895120839
        }
    },
    "hours-per-week": {
        "1-35": {
            "loss": 0.6288466239825875,
            "acc": 0.7774480712166172
        },
        "35-40": {
            "loss": 1.104330505320661,
            "acc": 0.6825497002208899
        },
        "40-50": {
            "loss": 1.9960614436326065,
            "acc": 0.5810920945395273
        },
        "50-99": {
            "loss": 2.0220528364822807,
            "acc": 0.5501955671447197
        }
    }
}