{
    "forget_x": [
        0,
        0,
        1,
        0,
        0,
        0,
        0,
        0,
        0,
        0,
        0,
        0,
        0,
        1,
        0,
        0,
        0,
        0,
        0,
        0,
        0,
        0,
        1,
        0,
        0,
        0,
        0,
        0,
        0,
        1,
        0,
        0,
        0,
        0,
        0,
        1,
        0,
        1,
        0,
        1,
        0,
        0
    ],
    "forget_y": 0,
    "sample": {
        "age": "33-41",
        "education": " Some-college",
        "education-num": "9-10",
        "relationship": " Husband",
        "race": " Black",
        "gender": " Male",
        "hours-per-week": "40-50",
        "income": "<50k"
    },
    "performance": {
        "age": {
            "17-26": {
                "loss": 0.29575613007518303,
                "acc": 0.8609589041095891
            },
            "26-33": {
                "loss": 0.29296048805004543,
                "acc": 0.8470790378006873
            },
            "33-41": {
                "loss": 0.2950760958573852,
                "acc": 0.8586466165413534
            },
            "41-50": {
                "loss": 0.29435327728125393,
                "acc": 0.8636363636363636
            },
            "50-90": {
                "loss": 0.2937591398956958,
                "acc": 0.858678955453149
            }
        },
        "education": {
            " 10th": {
                "loss": 0.3479311611000856,
                "acc": 0.8469945355191257
            },
            " 11th": {
                "loss": 0.2952653848110976,
                "acc": 0.8488888888888889
            },
            " 12th": {
                "loss": 0.34406656528744384,
                "acc": 0.8163265306122449
            },
            " 1st-4th": {
                "loss": 0.2503153401742529,
                "acc": 0.8695652173913043
            },
            " 5th-6th": {
                "loss": 0.24965038873092732,
                "acc": 0.8709677419354839
            },
            " 7th-8th": {
                "loss": 0.2620908023900029,
                "acc": 0.900709219858156
            },
            " 9th": {
                "loss": 0.2991347375184826,
                "acc": 0.8521739130434782
            },
            " Assoc-acdm": {
                "loss": 0.2822904738033837,
                "acc": 0.8585858585858586
            },
            " Assoc-voc": {
                "loss": 0.2800720433226838,
                "acc": 0.8608058608058609
            },
            " Bachelors": {
                "loss": 0.3009028434577722,
                "acc": 0.8545627376425855
            },
            " Doctorate": {
                "loss": 0.3205945181413009,
                "acc": 0.8571428571428571
            },
            " HS-grad": {
                "loss": 0.2935491326838335,
                "acc": 0.8546065259117083
            },
            " Masters": {
                "loss": 0.2773208459136778,
                "acc": 0.8699186991869918
            },
            " Preschool": {
                "loss": 0.35754695089783695,
                "acc": 0.9
            },
            " Prof-school": {
                "loss": 0.29251439449289135,
                "acc": 0.8706896551724138
            },
            " Some-college": {
                "loss": 0.29329877912821883,
                "acc": 0.8618598382749326
            }
        },
        "education-num": {
            "1-9": {
                "loss": 0.29641189199626317,
                "acc": 0.8551513090785448
            },
            "10-13": {
                "loss": 0.2947491614955607,
                "acc": 0.8562048588312541
            },
            "13-16": {
                "loss": 0.28638583594342115,
                "acc": 0.8683274021352313
            },
            "9-10": {
                "loss": 0.29329877912821883,
                "acc": 0.8618598382749326
            }
        },
        "relationship": {
            " Husband": {
                "loss": 0.2984664969347303,
                "acc": 0.857860177674778
            },
            " Not-in-family": {
                "loss": 0.28335151558768795,
                "acc": 0.86
            },
            " Other-relative": {
                "loss": 0.2000982970867443,
                "acc": 0.9269662921348315
            },
            " Own-child": {
                "loss": 0.3139332847329469,
                "acc": 0.8498527968596663
            },
            " Unmarried": {
                "loss": 0.2938676610289362,
                "acc": 0.8561253561253561
            },
            " Wife": {
                "loss": 0.3124739944581253,
                "acc": 0.8416149068322981
            }
        },
        "race": {
            " Amer-Indian-Eskimo": {
                "loss": 0.29344721637897414,
                "acc": 0.8309859154929577
            },
            " Asian-Pac-Islander": {
                "loss": 0.26474175415676293,
                "acc": 0.8808290155440415
            },
            " Black": {
                "loss": 0.29066140686124986,
                "acc": 0.8561872909698997
            },
            " Other": {
                "loss": 0.32448755968875415,
                "acc": 0.8545454545454545
            },
            " White": {
                "loss": 0.2955949092337131,
                "acc": 0.857858036831754
            }
        },
        "gender": {
            " Female": {
                "loss": 0.2973353374669946,
                "acc": 0.8536470588235294
            },
            " Male": {
                "loss": 0.29304834281137065,
                "acc": 0.8602052451539338
            }
        },
        "hours-per-week": {
            "1-35": {
                "loss": 0.27216542976989866,
                "acc": 0.8791697553743514
            },
            "35-40": {
                "loss": 0.3083544454868148,
                "acc": 0.8472222222222222
            },
            "40-50": {
                "loss": 0.2830070111946698,
                "acc": 0.8588907014681892
            },
            "50-99": {
                "loss": 0.29448491728649445,
                "acc": 0.864406779661017
            }
        }
    }
}