{
    "age": {
        "17-26": {
            "loss": 0.4821634170462588,
            "acc": 0.7760273972602739
        },
        "26-33": {
            "loss": 1.0051715544310862,
            "acc": 0.6952789699570815
        },
        "33-41": {
            "loss": 1.4599231501921532,
            "acc": 0.6112781954887218
        },
        "41-50": {
            "loss": 1.6528531379107398,
            "acc": 0.5821371610845295
        },
        "50-90": {
            "loss": 1.5136413582721995,
            "acc": 0.6098310291858678
        }
    },
    "education": {
        " 10th": {
            "loss": 0.6948337946322645,
            "acc": 0.6885245901639344
        },
        " 11th": {
            "loss": 0.6395962884440201,
            "acc": 0.7288888888888889
        },
        " 12th": {
            "loss": 0.6578888227632278,
            "acc": 0.7653061224489796
        },
        " 1st-4th": {
            "loss": 0.3147211990438544,
            "acc": 0.8695652173913043
        },
        " 5th-6th": {
            "loss": 0.5558697368828142,
            "acc": 0.7419354838709677
        },
        " 7th-8th": {
            "loss": 0.48074188171142557,
            "acc": 0.7730496453900709
        },
        " 9th": {
            "loss": 0.4743337925059029,
            "acc": 0.7913043478260869
        },
        " Assoc-acdm": {
            "loss": 1.0040031196922345,
            "acc": 0.702020202020202
        },
        " Assoc-voc": {
            "loss": 1.1970266489655639,
            "acc": 0.663003663003663
        },
        " Bachelors": {
            "loss": 1.8887903451989594,
            "acc": 0.553656220322887
        },
        " Doctorate": {
            "loss": 2.913736222326844,
            "acc": 0.4025974025974026
        },
        " HS-grad": {
            "loss": 0.9486038440384021,
            "acc": 0.6986564299424184
        },
        " Masters": {
            "loss": 2.4504600984783362,
            "acc": 0.4878048780487805
        },
        " Preschool": {
            "loss": 0.5023490923869869,
            "acc": 0.7
        },
        " Prof-school": {
            "loss": 2.7906267371204563,
            "acc": 0.3706896551724138
        },
        " Some-college": {
            "loss": 0.9513925681054161,
            "acc": 0.6933962264150944
        }
    },
    "education-num": {
        "1-9": {
            "loss": 0.8437559532718611,
            "acc": 0.7120027201632098
        },
        "10-13": {
            "loss": 1.649919374252736,
            "acc": 0.59251968503937
        },
        "13-16": {
            "loss": 2.584146204561648,
            "acc": 0.45195729537366547
        },
        "9-10": {
            "loss": 0.9513925681054161,
            "acc": 0.6933962264150944
        }
    },
    "relationship": {
        " Husband": {
            "loss": 1.9322443961580251,
            "acc": 0.5341830822711472
        },
        " Not-in-family": {
            "loss": 0.7154326055816149,
            "acc": 0.7466196355085244
        },
        " Other-relative": {
            "loss": 0.46584132635265446,
            "acc": 0.7752808988764045
        },
        " Own-child": {
            "loss": 0.49576734653097737,
            "acc": 0.7713444553483808
        },
        " Unmarried": {
            "loss": 0.5466239763240117,
            "acc": 0.7663817663817664
        },
        " Wife": {
            "loss": 2.0768689615932927,
            "acc": 0.5124223602484472
        }
    },
    "race": {
        " Amer-Indian-Eskimo": {
            "loss": 0.6264883025479544,
            "acc": 0.6901408450704225
        },
        " Asian-Pac-Islander": {
            "loss": 1.6808328240627075,
            "acc": 0.5854922279792746
        },
        " Black": {
            "loss": 0.7961485614364537,
            "acc": 0.725752508361204
        },
        " Other": {
            "loss": 0.5240467500991799,
            "acc": 0.7272727272727273
        },
        " White": {
            "loss": 1.248895121102304,
            "acc": 0.6514122273864855
        }
    },
    "gender": {
        " Female": {
            "loss": 0.7533688065443971,
            "acc": 0.735653809971778
        },
        " Male": {
            "loss": 1.4272424265113741,
            "acc": 0.6193842645381984
        }
    },
    "hours-per-week": {
        "1-35": {
            "loss": 0.6320901400027804,
            "acc": 0.7627872498146775
        },
        "35-40": {
            "loss": 1.058902708936697,
            "acc": 0.669611864941622
        },
        "40-50": {
            "loss": 1.8102933286216216,
            "acc": 0.5783034257748777
        },
        "50-99": {
            "loss": 1.8674683423618579,
            "acc": 0.5475880052151239
        }
    }
}