{
    "age": {
        "17-26": {
            "loss": 0.4814492182698138,
            "acc": 0.7821917808219178
        },
        "26-33": {
            "loss": 1.0893882988993506,
            "acc": 0.6952789699570815
        },
        "33-41": {
            "loss": 1.6554466015110023,
            "acc": 0.6130728775356874
        },
        "41-50": {
            "loss": 1.885655811010812,
            "acc": 0.5677830940988836
        },
        "50-90": {
            "loss": 1.7150118752877004,
            "acc": 0.6079938508839354
        }
    },
    "education": {
        " 10th": {
            "loss": 0.7367665898651017,
            "acc": 0.7158469945355191
        },
        " 11th": {
            "loss": 0.7280998853202523,
            "acc": 0.7333333333333333
        },
        " 12th": {
            "loss": 0.6937080371836036,
            "acc": 0.7653061224489796
        },
        " 1st-4th": {
            "loss": 0.2911915456947023,
            "acc": 0.9130434782608695
        },
        " 5th-6th": {
            "loss": 0.5623451716634198,
            "acc": 0.7419354838709677
        },
        " 7th-8th": {
            "loss": 0.4649339731634589,
            "acc": 0.7659574468085106
        },
        " 9th": {
            "loss": 0.4590421551052227,
            "acc": 0.7913043478260869
        },
        " Assoc-acdm": {
            "loss": 1.1005691892902123,
            "acc": 0.6919191919191919
        },
        " Assoc-voc": {
            "loss": 1.400450228398926,
            "acc": 0.6813186813186813
        },
        " Bachelors": {
            "loss": 2.1222876834256166,
            "acc": 0.5441595441595442
        },
        " Doctorate": {
            "loss": 3.5957687633764963,
            "acc": 0.36363636363636365
        },
        " HS-grad": {
            "loss": 1.0440658465740347,
            "acc": 0.7000959692898272
        },
        " Masters": {
            "loss": 2.777817949199544,
            "acc": 0.483695652173913
        },
        " Preschool": {
            "loss": 0.5554978509869184,
            "acc": 0.6
        },
        " Prof-school": {
            "loss": 3.4980817827457007,
            "acc": 0.28448275862068967
        },
        " Some-college": {
            "loss": 1.0259067785134182,
            "acc": 0.6962962962962963
        }
    },
    "education-num": {
        "1-9": {
            "loss": 0.9207516813341626,
            "acc": 0.7147228833730024
        },
        "10-13": {
            "loss": 1.8602392011020579,
            "acc": 0.5879265091863517
        },
        "13-16": {
            "loss": 3.0390172671727704,
            "acc": 0.42602495543672014
        },
        "9-10": {
            "loss": 1.0259067785134182,
            "acc": 0.6962962962962963
        }
    },
    "relationship": {
        " Husband": {
            "loss": 2.1993920269641767,
            "acc": 0.5277992277992278
        },
        " Not-in-family": {
            "loss": 0.7769279546323247,
            "acc": 0.7454438565549677
        },
        " Other-relative": {
            "loss": 0.4553542338404739,
            "acc": 0.7696629213483146
        },
        " Own-child": {
            "loss": 0.49819489156298846,
            "acc": 0.7733071638861629
        },
        " Unmarried": {
            "loss": 0.5749571676816355,
            "acc": 0.7689015691868759
        },
        " Wife": {
            "loss": 2.365084058763267,
            "acc": 0.5341614906832298
        }
    },
    "race": {
        " Amer-Indian-Eskimo": {
            "loss": 0.7115230440738652,
            "acc": 0.676056338028169
        },
        " Asian-Pac-Islander": {
            "loss": 1.8411705267043206,
            "acc": 0.5699481865284974
        },
        " Black": {
            "loss": 0.8421962970981266,
            "acc": 0.7178631051752922
        },
        " Other": {
            "loss": 0.4808231758975299,
            "acc": 0.7636363636363637
        },
        " White": {
            "loss": 1.4007707108600755,
            "acc": 0.6509923118183444
        }
    },
    "gender": {
        " Female": {
            "loss": 0.8229271515002176,
            "acc": 0.7375352775164629
        },
        " Male": {
            "loss": 1.6013118280889946,
            "acc": 0.6164196123147092
        }
    },
    "hours-per-week": {
        "1-35": {
            "loss": 0.6881796183807297,
            "acc": 0.759822090437361
        },
        "35-40": {
            "loss": 1.1571448483172935,
            "acc": 0.6695075757575758
        },
        "40-50": {
            "loss": 2.0434962571790525,
            "acc": 0.5770171149144254
        },
        "50-99": {
            "loss": 2.1769705319897965,
            "acc": 0.5436766623207301
        }
    }
}