{
    "forget_x": [
        1,
        0,
        0,
        0,
        0,
        0,
        0,
        0,
        0,
        0,
        0,
        0,
        0,
        0,
        0,
        0,
        1,
        0,
        0,
        0,
        0,
        1,
        0,
        0,
        0,
        0,
        1,
        0,
        0,
        0,
        0,
        0,
        0,
        0,
        0,
        1,
        1,
        0,
        1,
        0,
        0,
        0
    ],
    "forget_y": 0,
    "sample": {
        "age": "50-90",
        "education": " Masters",
        "education-num": "13-16",
        "relationship": " Unmarried",
        "race": " White",
        "gender": " Male",
        "hours-per-week": "35-40",
        "income": "<50k"
    },
    "performance": {
        "age": {
            "17-26": {
                "loss": 0.3210329643139046,
                "acc": 0.8465753424657534
            },
            "26-33": {
                "loss": 0.2946723103261648,
                "acc": 0.8470790378006873
            },
            "33-41": {
                "loss": 0.29525246253182236,
                "acc": 0.8549962434259955
            },
            "41-50": {
                "loss": 0.30274707778994897,
                "acc": 0.8524720893141946
            },
            "50-90": {
                "loss": 0.3002797756820612,
                "acc": 0.8585703305149884
            }
        },
        "education": {
            " 10th": {
                "loss": 0.3514348420909309,
                "acc": 0.8633879781420765
            },
            " 11th": {
                "loss": 0.31528737600151313,
                "acc": 0.84
            },
            " 12th": {
                "loss": 0.3758653983572439,
                "acc": 0.7959183673469388
            },
            " 1st-4th": {
                "loss": 0.22617393089189858,
                "acc": 0.8695652173913043
            },
            " 5th-6th": {
                "loss": 0.2683777818483647,
                "acc": 0.8548387096774194
            },
            " 7th-8th": {
                "loss": 0.28520241546420916,
                "acc": 0.8936170212765957
            },
            " 9th": {
                "loss": 0.30082424425002147,
                "acc": 0.8521739130434782
            },
            " Assoc-acdm": {
                "loss": 0.2978736858577087,
                "acc": 0.8585858585858586
            },
            " Assoc-voc": {
                "loss": 0.276953130997598,
                "acc": 0.8791208791208791
            },
            " Bachelors": {
                "loss": 0.3023837517732928,
                "acc": 0.8460076045627376
            },
            " Doctorate": {
                "loss": 0.3431910427071628,
                "acc": 0.8181818181818182
            },
            " HS-grad": {
                "loss": 0.30393241353588996,
                "acc": 0.8493282149712092
            },
            " Masters": {
                "loss": 0.2675848442549559,
                "acc": 0.8695652173913043
            },
            " Preschool": {
                "loss": 0.3871243657586576,
                "acc": 0.8
            },
            " Prof-school": {
                "loss": 0.31121053139091803,
                "acc": 0.853448275862069
            },
            " Some-college": {
                "loss": 0.3066000691264544,
                "acc": 0.8511784511784511
            }
        },
        "education-num": {
            "1-9": {
                "loss": 0.3080595680933993,
                "acc": 0.8500510030601837
            },
            "10-13": {
                "loss": 0.2972389372473245,
                "acc": 0.8535784635587655
            },
            "13-16": {
                "loss": 0.28698280680146476,
                "acc": 0.8591800356506238
            },
            "9-10": {
                "loss": 0.3066000691264544,
                "acc": 0.8511784511784511
            }
        },
        "relationship": {
            " Husband": {
                "loss": 0.2964951681283223,
                "acc": 0.8602316602316602
            },
            " Not-in-family": {
                "loss": 0.3041940384105537,
                "acc": 0.8470588235294118
            },
            " Other-relative": {
                "loss": 0.2321545302806437,
                "acc": 0.9101123595505618
            },
            " Own-child": {
                "loss": 0.33995442020748173,
                "acc": 0.8263002944062807
            },
            " Unmarried": {
                "loss": 0.29654091863741816,
                "acc": 0.8530670470756063
            },
            " Wife": {
                "loss": 0.29295637628032944,
                "acc": 0.8571428571428571
            }
        },
        "race": {
            " Amer-Indian-Eskimo": {
                "loss": 0.2860760744501364,
                "acc": 0.8028169014084507
            },
            " Asian-Pac-Islander": {
                "loss": 0.27291742847586403,
                "acc": 0.8860103626943006
            },
            " Black": {
                "loss": 0.2996547260926744,
                "acc": 0.8514190317195326
            },
            " Other": {
                "loss": 0.3236046945974288,
                "acc": 0.8727272727272727
            },
            " White": {
                "loss": 0.3048499006338683,
                "acc": 0.8512160228898427
            }
        },
        "gender": {
            " Female": {
                "loss": 0.3112945792767743,
                "acc": 0.8456470588235294
            },
            " Male": {
                "loss": 0.29954288882454283,
                "acc": 0.8549600912200684
            }
        },
        "hours-per-week": {
            "1-35": {
                "loss": 0.2884633095098995,
                "acc": 0.8739807264640475
            },
            "35-40": {
                "loss": 0.31665256538414155,
                "acc": 0.8421218819071676
            },
            "40-50": {
                "loss": 0.28705945412242095,
                "acc": 0.8508557457212714
            },
            "50-99": {
                "loss": 0.3009112374838662,
                "acc": 0.8552803129074316
            }
        }
    }
}