{
    "age": {
        "17-26": {
            "loss": 0.3002978997410178,
            "acc": 0.8541095890410959
        },
        "26-33": {
            "loss": 0.28997121916818014,
            "acc": 0.8548109965635738
        },
        "33-41": {
            "loss": 0.29538809268549626,
            "acc": 0.8482344102178813
        },
        "41-50": {
            "loss": 0.28871453360311683,
            "acc": 0.8644338118022329
        },
        "50-90": {
            "loss": 0.2885383387854439,
            "acc": 0.8631821675634127
        }
    },
    "education": {
        " 10th": {
            "loss": 0.3305271819767745,
            "acc": 0.8469945355191257
        },
        " 11th": {
            "loss": 0.29744885905957447,
            "acc": 0.8711111111111111
        },
        " 12th": {
            "loss": 0.3364871249401227,
            "acc": 0.826530612244898
        },
        " 1st-4th": {
            "loss": 0.24379442920192862,
            "acc": 0.8695652173913043
        },
        " 5th-6th": {
            "loss": 0.2545768190607309,
            "acc": 0.8387096774193549
        },
        " 7th-8th": {
            "loss": 0.2566117304529469,
            "acc": 0.8865248226950354
        },
        " 9th": {
            "loss": 0.2977773715054726,
            "acc": 0.8695652173913043
        },
        " Assoc-acdm": {
            "loss": 0.29533796641495524,
            "acc": 0.8484848484848485
        },
        " Assoc-voc": {
            "loss": 0.2728441368089564,
            "acc": 0.8608058608058609
        },
        " Bachelors": {
            "loss": 0.29756913176663735,
            "acc": 0.8564638783269962
        },
        " Doctorate": {
            "loss": 0.33286568255032767,
            "acc": 0.8311688311688312
        },
        " HS-grad": {
            "loss": 0.28912362681916864,
            "acc": 0.8541266794625719
        },
        " Masters": {
            "loss": 0.27245319323985645,
            "acc": 0.8614130434782609
        },
        " Preschool": {
            "loss": 0.3506174892198466,
            "acc": 0.8
        },
        " Prof-school": {
            "loss": 0.2867871833084912,
            "acc": 0.8879310344827587
        },
        " Some-college": {
            "loss": 0.2984153827328224,
            "acc": 0.8572390572390572
        }
    },
    "education-num": {
        "1-9": {
            "loss": 0.2918210490948781,
            "acc": 0.8558313498809929
        },
        "10-13": {
            "loss": 0.2928470737475436,
            "acc": 0.8562048588312541
        },
        "13-16": {
            "loss": 0.283708994531956,
            "acc": 0.8627450980392157
        },
        "9-10": {
            "loss": 0.2984153827328224,
            "acc": 0.8572390572390572
        }
    },
    "relationship": {
        " Husband": {
            "loss": 0.28976206955421807,
            "acc": 0.8598455598455599
        },
        " Not-in-family": {
            "loss": 0.28989978833680957,
            "acc": 0.8611764705882353
        },
        " Other-relative": {
            "loss": 0.21633856901299153,
            "acc": 0.9101123595505618
        },
        " Own-child": {
            "loss": 0.31978915575268996,
            "acc": 0.8400392541707556
        },
        " Unmarried": {
            "loss": 0.2931170047240969,
            "acc": 0.8530670470756063
        },
        " Wife": {
            "loss": 0.290054510466826,
            "acc": 0.8416149068322981
        }
    },
    "race": {
        " Amer-Indian-Eskimo": {
            "loss": 0.287663077994131,
            "acc": 0.8450704225352113
        },
        " Asian-Pac-Islander": {
            "loss": 0.26451810981122614,
            "acc": 0.8860103626943006
        },
        " Black": {
            "loss": 0.3010496948393814,
            "acc": 0.8397328881469115
        },
        " Other": {
            "loss": 0.3182470308976722,
            "acc": 0.8181818181818182
        },
        " White": {
            "loss": 0.29278450650159354,
            "acc": 0.8581902718168812
        }
    },
    "gender": {
        " Female": {
            "loss": 0.29558791512659083,
            "acc": 0.8550588235294118
        },
        " Male": {
            "loss": 0.29154733599822347,
            "acc": 0.85769669327252
        }
    },
    "hours-per-week": {
        "1-35": {
            "loss": 0.27812250845602793,
            "acc": 0.8724981467753892
        },
        "35-40": {
            "loss": 0.3038748354075673,
            "acc": 0.8478054941585096
        },
        "40-50": {
            "loss": 0.2812900667177734,
            "acc": 0.863080684596577
        },
        "50-99": {
            "loss": 0.29186128877517503,
            "acc": 0.8565840938722294
        }
    }
}