{
    "forget_x": [
        1,
        0,
        0,
        0,
        0,
        0,
        0,
        0,
        0,
        0,
        0,
        1,
        0,
        0,
        0,
        0,
        0,
        0,
        0,
        0,
        0,
        1,
        0,
        0,
        0,
        0,
        0,
        0,
        1,
        0,
        0,
        0,
        0,
        1,
        0,
        0,
        1,
        0,
        0,
        1,
        0,
        0
    ],
    "forget_y": 0,
    "sample": {
        "age": "26-33",
        "education": " Masters",
        "education-num": "13-16",
        "relationship": " Husband",
        "race": " White",
        "gender": " Male",
        "hours-per-week": "50-99",
        "income": ">=50k"
    },
    "performance": {
        "age": {
            "17-26": {
                "loss": 0.3031722416043982,
                "acc": 0.8458904109589042
            },
            "26-33": {
                "loss": 0.30478810713639964,
                "acc": 0.8503869303525365
            },
            "33-41": {
                "loss": 0.30567735398402807,
                "acc": 0.8459804658151766
            },
            "41-50": {
                "loss": 0.30184925044015026,
                "acc": 0.8548644338118022
            },
            "50-90": {
                "loss": 0.2937756041415915,
                "acc": 0.8548387096774194
            }
        },
        "education": {
            " 10th": {
                "loss": 0.33177277692634316,
                "acc": 0.8524590163934426
            },
            " 11th": {
                "loss": 0.307191220257318,
                "acc": 0.8533333333333334
            },
            " 12th": {
                "loss": 0.37402487478695406,
                "acc": 0.826530612244898
            },
            " 1st-4th": {
                "loss": 0.24025779811114448,
                "acc": 0.9130434782608695
            },
            " 5th-6th": {
                "loss": 0.26272487156716434,
                "acc": 0.8387096774193549
            },
            " 7th-8th": {
                "loss": 0.2578075987616854,
                "acc": 0.8794326241134752
            },
            " 9th": {
                "loss": 0.28159446642380587,
                "acc": 0.8695652173913043
            },
            " Assoc-acdm": {
                "loss": 0.31797842801184173,
                "acc": 0.8333333333333334
            },
            " Assoc-voc": {
                "loss": 0.3017403661401293,
                "acc": 0.8534798534798534
            },
            " Bachelors": {
                "loss": 0.31085523667935555,
                "acc": 0.844106463878327
            },
            " Doctorate": {
                "loss": 0.3532782928550202,
                "acc": 0.8441558441558441
            },
            " HS-grad": {
                "loss": 0.29872284786575365,
                "acc": 0.8474088291746641
            },
            " Masters": {
                "loss": 0.2859397663412598,
                "acc": 0.8695652173913043
            },
            " Preschool": {
                "loss": 0.4045291476133726,
                "acc": 0.7
            },
            " Prof-school": {
                "loss": 0.2846489710392438,
                "acc": 0.8706896551724138
            },
            " Some-college": {
                "loss": 0.2986866006027499,
                "acc": 0.8511784511784511
            }
        },
        "education-num": {
            "1-9": {
                "loss": 0.3004487226626182,
                "acc": 0.8497109826589595
            },
            "10-13": {
                "loss": 0.3101474443133825,
                "acc": 0.8443860801050558
            },
            "13-16": {
                "loss": 0.29491540678069944,
                "acc": 0.8663101604278075
            },
            "9-10": {
                "loss": 0.2986866006027499,
                "acc": 0.8511784511784511
            }
        },
        "relationship": {
            " Husband": {
                "loss": 0.30438547297272955,
                "acc": 0.8512939358825802
            },
            " Not-in-family": {
                "loss": 0.2883229947187769,
                "acc": 0.8564705882352941
            },
            " Other-relative": {
                "loss": 0.19298612867192144,
                "acc": 0.9213483146067416
            },
            " Own-child": {
                "loss": 0.3288419299509044,
                "acc": 0.8272816486751717
            },
            " Unmarried": {
                "loss": 0.30834722902459744,
                "acc": 0.8518518518518519
            },
            " Wife": {
                "loss": 0.31325187357744333,
                "acc": 0.8385093167701864
            }
        },
        "race": {
            " Amer-Indian-Eskimo": {
                "loss": 0.2995581085221442,
                "acc": 0.8309859154929577
            },
            " Asian-Pac-Islander": {
                "loss": 0.26331701617050546,
                "acc": 0.8860103626943006
            },
            " Black": {
                "loss": 0.3154192813457045,
                "acc": 0.8514190317195326
            },
            " Other": {
                "loss": 0.2845691899030081,
                "acc": 0.8545454545454545
            },
            " White": {
                "loss": 0.3019125771356158,
                "acc": 0.8490701001430615
            }
        },
        "gender": {
            " Female": {
                "loss": 0.303513226785917,
                "acc": 0.8484705882352941
            },
            " Male": {
                "loss": 0.3010275460020568,
                "acc": 0.8510832383124287
            }
        },
        "hours-per-week": {
            "1-35": {
                "loss": 0.27437357018784586,
                "acc": 0.8636026686434396
            },
            "35-40": {
                "loss": 0.31540851337005105,
                "acc": 0.8409090909090909
            },
            "40-50": {
                "loss": 0.29753242699616944,
                "acc": 0.8508557457212714
            },
            "50-99": {
                "loss": 0.3009856288186342,
                "acc": 0.8642297650130548
            }
        }
    }
}