{
    "age": {
        "17-26": {
            "loss": 0.45424916473559984,
            "acc": 0.7808219178082192
        },
        "26-33": {
            "loss": 0.9730540943775531,
            "acc": 0.7087628865979382
        },
        "33-41": {
            "loss": 1.536939828097659,
            "acc": 0.6145755071374907
        },
        "41-50": {
            "loss": 1.6691691707145906,
            "acc": 0.5869218500797448
        },
        "50-90": {
            "loss": 1.5385327360107293,
            "acc": 0.6190476190476191
        }
    },
    "education": {
        " 10th": {
            "loss": 0.7203499403795887,
            "acc": 0.7049180327868853
        },
        " 11th": {
            "loss": 0.6153765040611703,
            "acc": 0.7422222222222222
        },
        " 12th": {
            "loss": 0.6748141023964083,
            "acc": 0.7551020408163265
        },
        " 1st-4th": {
            "loss": 0.2734391448723466,
            "acc": 0.9130434782608695
        },
        " 5th-6th": {
            "loss": 0.5502624315785608,
            "acc": 0.7741935483870968
        },
        " 7th-8th": {
            "loss": 0.4530542959801849,
            "acc": 0.7872340425531915
        },
        " 9th": {
            "loss": 0.44139230752328035,
            "acc": 0.8
        },
        " Assoc-acdm": {
            "loss": 1.0513090475364517,
            "acc": 0.6919191919191919
        },
        " Assoc-voc": {
            "loss": 1.2177345405041833,
            "acc": 0.6703296703296703
        },
        " Bachelors": {
            "loss": 1.9436260808136359,
            "acc": 0.5593542260208927
        },
        " Doctorate": {
            "loss": 3.069045494975817,
            "acc": 0.4155844155844156
        },
        " HS-grad": {
            "loss": 0.9551762506664685,
            "acc": 0.7068138195777351
        },
        " Masters": {
            "loss": 2.439305163354455,
            "acc": 0.49728260869565216
        },
        " Preschool": {
            "loss": 0.487465455784086,
            "acc": 0.7
        },
        " Prof-school": {
            "loss": 2.8209094739199747,
            "acc": 0.3620689655172414
        },
        " Some-college": {
            "loss": 0.9444070680050047,
            "acc": 0.6983164983164983
        }
    },
    "education-num": {
        "1-9": {
            "loss": 0.8456047730952589,
            "acc": 0.7215232913974838
        },
        "10-13": {
            "loss": 1.6976633753717956,
            "acc": 0.5964566929133859
        },
        "13-16": {
            "loss": 2.60464581497735,
            "acc": 0.45811051693404636
        },
        "9-10": {
            "loss": 0.9444070680050047,
            "acc": 0.6983164983164983
        }
    },
    "relationship": {
        " Husband": {
            "loss": 1.9769957898118002,
            "acc": 0.540749324063345
        },
        " Not-in-family": {
            "loss": 0.7173792319820272,
            "acc": 0.7530864197530864
        },
        " Other-relative": {
            "loss": 0.4282820349326964,
            "acc": 0.7752808988764045
        },
        " Own-child": {
            "loss": 0.46378924971223706,
            "acc": 0.7801766437684003
        },
        " Unmarried": {
            "loss": 0.5189209333492284,
            "acc": 0.7735042735042735
        },
        " Wife": {
            "loss": 2.1304077752154016,
            "acc": 0.5217391304347826
        }
    },
    "race": {
        " Amer-Indian-Eskimo": {
            "loss": 0.6185485896494692,
            "acc": 0.676056338028169
        },
        " Asian-Pac-Islander": {
            "loss": 1.696432595499661,
            "acc": 0.5854922279792746
        },
        " Black": {
            "loss": 0.7845008387343174,
            "acc": 0.7195325542570952
        },
        " Other": {
            "loss": 0.4913801160233621,
            "acc": 0.7636363636363637
        },
        " White": {
            "loss": 1.2639984034238951,
            "acc": 0.6599320579295548
        }
    },
    "gender": {
        " Female": {
            "loss": 0.7463128954171926,
            "acc": 0.742238946378175
        },
        " Male": {
            "loss": 1.44838134647037,
            "acc": 0.6264538198403649
        }
    },
    "hours-per-week": {
        "1-35": {
            "loss": 0.6292287770048404,
            "acc": 0.7627872498146775
        },
        "35-40": {
            "loss": 1.06319663915293,
            "acc": 0.6790785736825496
        },
        "40-50": {
            "loss": 1.86604919566872,
            "acc": 0.5851670741646292
        },
        "50-99": {
            "loss": 1.8669337952856504,
            "acc": 0.556135770234987
        }
    }
}