{
    "forget_x": [
        0,
        0,
        0,
        0,
        1,
        0,
        0,
        0,
        0,
        0,
        0,
        0,
        0,
        0,
        0,
        0,
        0,
        1,
        0,
        0,
        0,
        0,
        0,
        1,
        0,
        0,
        1,
        0,
        0,
        0,
        0,
        0,
        0,
        0,
        0,
        1,
        1,
        0,
        0,
        1,
        0,
        0
    ],
    "forget_y": 0,
    "sample": {
        "age": "17-26",
        "education": " 9th",
        "education-num": "1-9",
        "relationship": " Own-child",
        "race": " Black",
        "gender": " Female",
        "hours-per-week": "35-40",
        "income": "<50k"
    },
    "performance": {
        "age": {
            "17-26": {
                "loss": 0.3025583042481506,
                "acc": 0.8574366004112406
            },
            "26-33": {
                "loss": 0.29732641899060225,
                "acc": 0.8513745704467354
            },
            "33-41": {
                "loss": 0.29730375236694323,
                "acc": 0.8489857250187829
            },
            "41-50": {
                "loss": 0.30622471286428127,
                "acc": 0.8500797448165869
            },
            "50-90": {
                "loss": 0.2911779427570812,
                "acc": 0.857910906298003
            }
        },
        "education": {
            " 10th": {
                "loss": 0.33373289845475756,
                "acc": 0.8579234972677595
            },
            " 11th": {
                "loss": 0.3019110420382872,
                "acc": 0.8577777777777778
            },
            " 12th": {
                "loss": 0.34536703922503315,
                "acc": 0.8163265306122449
            },
            " 1st-4th": {
                "loss": 0.2633199781548899,
                "acc": 0.8695652173913043
            },
            " 5th-6th": {
                "loss": 0.23464827489523174,
                "acc": 0.8709677419354839
            },
            " 7th-8th": {
                "loss": 0.26633248521115604,
                "acc": 0.900709219858156
            },
            " 9th": {
                "loss": 0.2762005877348863,
                "acc": 0.8771929824561403
            },
            " Assoc-acdm": {
                "loss": 0.3020209974970606,
                "acc": 0.8383838383838383
            },
            " Assoc-voc": {
                "loss": 0.29251718045299313,
                "acc": 0.8608058608058609
            },
            " Bachelors": {
                "loss": 0.2991651281764806,
                "acc": 0.8621673003802282
            },
            " Doctorate": {
                "loss": 0.34439860348920914,
                "acc": 0.8441558441558441
            },
            " HS-grad": {
                "loss": 0.2999182525914956,
                "acc": 0.8435700575815739
            },
            " Masters": {
                "loss": 0.2847924260307754,
                "acc": 0.8536585365853658
            },
            " Preschool": {
                "loss": 0.36963806346822925,
                "acc": 0.8
            },
            " Prof-school": {
                "loss": 0.2901509355387567,
                "acc": 0.853448275862069
            },
            " Some-college": {
                "loss": 0.2999920679366422,
                "acc": 0.8558922558922559
            }
        },
        "education-num": {
            "1-9": {
                "loss": 0.29973448765743677,
                "acc": 0.8493197278911565
            },
            "10-13": {
                "loss": 0.298344755488997,
                "acc": 0.8588312541037426
            },
            "13-16": {
                "loss": 0.2940651355809983,
                "acc": 0.8523131672597865
            },
            "9-10": {
                "loss": 0.2999920679366422,
                "acc": 0.8558922558922559
            }
        },
        "relationship": {
            " Husband": {
                "loss": 0.3026257084170927,
                "acc": 0.8498069498069498
            },
            " Not-in-family": {
                "loss": 0.28531591118975597,
                "acc": 0.8635294117647059
            },
            " Other-relative": {
                "loss": 0.20021265650010422,
                "acc": 0.9213483146067416
            },
            " Own-child": {
                "loss": 0.32740209984939983,
                "acc": 0.8408644400785854
            },
            " Unmarried": {
                "loss": 0.2944625005686604,
                "acc": 0.8518518518518519
            },
            " Wife": {
                "loss": 0.31635957664372755,
                "acc": 0.8322981366459627
            }
        },
        "race": {
            " Amer-Indian-Eskimo": {
                "loss": 0.28560595982907255,
                "acc": 0.8028169014084507
            },
            " Asian-Pac-Islander": {
                "loss": 0.2784393549425906,
                "acc": 0.8911917098445595
            },
            " Black": {
                "loss": 0.29201649052025763,
                "acc": 0.8478260869565217
            },
            " Other": {
                "loss": 0.3160957931754251,
                "acc": 0.8363636363636363
            },
            " White": {
                "loss": 0.3004332799566416,
                "acc": 0.8533881637761488
            }
        },
        "gender": {
            " Female": {
                "loss": 0.2997293909633967,
                "acc": 0.852165725047081
            },
            " Male": {
                "loss": 0.29861515207450584,
                "acc": 0.8538531691746466
            }
        },
        "hours-per-week": {
            "1-35": {
                "loss": 0.2712356594212207,
                "acc": 0.8762045959970348
            },
            "35-40": {
                "loss": 0.3137748317373047,
                "acc": 0.843700663088096
            },
            "40-50": {
                "loss": 0.2915361889022388,
                "acc": 0.8541157294213529
            },
            "50-99": {
                "loss": 0.2985848539122855,
                "acc": 0.8513689700130378
            }
        }
    }
}