{
    "age": {
        "17-26": {
            "loss": 0.4645721496937687,
            "acc": 0.7772446881425634
        },
        "26-33": {
            "loss": 1.0900760788857813,
            "acc": 0.6978540772532189
        },
        "33-41": {
            "loss": 1.6288057814760952,
            "acc": 0.6070623591284748
        },
        "41-50": {
            "loss": 1.8732339092723662,
            "acc": 0.5821371610845295
        },
        "50-90": {
            "loss": 1.7285636277251906,
            "acc": 0.6136712749615976
        }
    },
    "education": {
        " 10th": {
            "loss": 0.7356275073176023,
            "acc": 0.6939890710382514
        },
        " 11th": {
            "loss": 0.6742955232726028,
            "acc": 0.7111111111111111
        },
        " 12th": {
            "loss": 0.6615593625614756,
            "acc": 0.7653061224489796
        },
        " 1st-4th": {
            "loss": 0.2886707027524675,
            "acc": 0.8695652173913043
        },
        " 5th-6th": {
            "loss": 0.5899069179973627,
            "acc": 0.7419354838709677
        },
        " 7th-8th": {
            "loss": 0.4787169290959468,
            "acc": 0.7659574468085106
        },
        " 9th": {
            "loss": 0.4641145492777006,
            "acc": 0.7807017543859649
        },
        " Assoc-acdm": {
            "loss": 1.1351426688850468,
            "acc": 0.6868686868686869
        },
        " Assoc-voc": {
            "loss": 1.2840595718252612,
            "acc": 0.6776556776556777
        },
        " Bachelors": {
            "loss": 2.175656672682568,
            "acc": 0.5546058879392213
        },
        " Doctorate": {
            "loss": 3.4582216861185326,
            "acc": 0.38961038961038963
        },
        " HS-grad": {
            "loss": 1.020737384299047,
            "acc": 0.7020153550863724
        },
        " Masters": {
            "loss": 2.7876400571039595,
            "acc": 0.4959349593495935
        },
        " Preschool": {
            "loss": 0.5654981706719081,
            "acc": 0.6
        },
        " Prof-school": {
            "loss": 3.253754971244218,
            "acc": 0.3793103448275862
        },
        " Some-college": {
            "loss": 1.0296441805621126,
            "acc": 0.6922558922558922
        }
    },
    "education-num": {
        "1-9": {
            "loss": 0.9005655222420886,
            "acc": 0.7122448979591837
        },
        "10-13": {
            "loss": 1.8807565537285282,
            "acc": 0.5938320209973753
        },
        "13-16": {
            "loss": 2.9757256718270795,
            "acc": 0.45729537366548045
        },
        "9-10": {
            "loss": 1.0296441805621126,
            "acc": 0.6922558922558922
        }
    },
    "relationship": {
        " Husband": {
            "loss": 2.201354072305833,
            "acc": 0.5343629343629344
        },
        " Not-in-family": {
            "loss": 0.7578186290173845,
            "acc": 0.7466196355085244
        },
        " Other-relative": {
            "loss": 0.4246679002732281,
            "acc": 0.7752808988764045
        },
        " Own-child": {
            "loss": 0.4796187208681141,
            "acc": 0.7662082514734774
        },
        " Unmarried": {
            "loss": 0.5543297002822222,
            "acc": 0.7749287749287749
        },
        " Wife": {
            "loss": 2.3968209007900265,
            "acc": 0.5217391304347826
        }
    },
    "race": {
        " Amer-Indian-Eskimo": {
            "loss": 0.6209520598861054,
            "acc": 0.676056338028169
        },
        " Asian-Pac-Islander": {
            "loss": 1.935593306974082,
            "acc": 0.5906735751295337
        },
        " Black": {
            "loss": 0.8412903188299492,
            "acc": 0.717391304347826
        },
        " Other": {
            "loss": 0.4685034175887085,
            "acc": 0.7454545454545455
        },
        " White": {
            "loss": 1.3887734458080008,
            "acc": 0.6528423310690025
        }
    },
    "gender": {
        " Female": {
            "loss": 0.8018613097361911,
            "acc": 0.7388235294117647
        },
        " Male": {
            "loss": 1.5985772402613208,
            "acc": 0.6187870497036023
        }
    },
    "hours-per-week": {
        "1-35": {
            "loss": 0.6627692618694265,
            "acc": 0.7642698295033358
        },
        "35-40": {
            "loss": 1.156930102649681,
            "acc": 0.6698232323232324
        },
        "40-50": {
            "loss": 2.090314946820882,
            "acc": 0.5729421352893236
        },
        "50-99": {
            "loss": 2.074665345202478,
            "acc": 0.5580182529335072
        }
    }
}