{
    "forget_x": [
        0,
        0,
        0,
        0,
        1,
        0,
        0,
        0,
        0,
        0,
        0,
        0,
        0,
        0,
        1,
        0,
        0,
        0,
        0,
        0,
        0,
        0,
        1,
        0,
        0,
        1,
        0,
        0,
        0,
        0,
        0,
        0,
        1,
        0,
        0,
        0,
        0,
        1,
        1,
        0,
        0,
        0
    ],
    "forget_y": 0,
    "sample": {
        "age": "50-90",
        "education": " Masters",
        "education-num": "13-16",
        "relationship": " Not-in-family",
        "race": " White",
        "gender": " Female",
        "hours-per-week": "35-40",
        "income": "<50k"
    },
    "performance": {
        "age": {
            "17-26": {
                "loss": 0.2977189489641797,
                "acc": 0.8554794520547945
            },
            "26-33": {
                "loss": 0.2977016220011132,
                "acc": 0.852233676975945
            },
            "33-41": {
                "loss": 0.2985396432992303,
                "acc": 0.8459804658151766
            },
            "41-50": {
                "loss": 0.3014899796666573,
                "acc": 0.8564593301435407
            },
            "50-90": {
                "loss": 0.2909558772656666,
                "acc": 0.8539584934665642
            }
        },
        "education": {
            " 10th": {
                "loss": 0.3266143685508496,
                "acc": 0.8579234972677595
            },
            " 11th": {
                "loss": 0.297731121096979,
                "acc": 0.88
            },
            " 12th": {
                "loss": 0.3550038593891406,
                "acc": 0.8367346938775511
            },
            " 1st-4th": {
                "loss": 0.2553216747672557,
                "acc": 0.8695652173913043
            },
            " 5th-6th": {
                "loss": 0.2579038219958098,
                "acc": 0.8548387096774194
            },
            " 7th-8th": {
                "loss": 0.261062851138399,
                "acc": 0.8723404255319149
            },
            " 9th": {
                "loss": 0.28459600459547924,
                "acc": 0.8782608695652174
            },
            " Assoc-acdm": {
                "loss": 0.306374082697981,
                "acc": 0.8434343434343434
            },
            " Assoc-voc": {
                "loss": 0.3020716515815916,
                "acc": 0.8424908424908425
            },
            " Bachelors": {
                "loss": 0.30505414847661716,
                "acc": 0.8460076045627376
            },
            " Doctorate": {
                "loss": 0.3408499757274135,
                "acc": 0.8441558441558441
            },
            " HS-grad": {
                "loss": 0.2926466448751818,
                "acc": 0.8517274472168906
            },
            " Masters": {
                "loss": 0.27439245737356716,
                "acc": 0.8668478260869565
            },
            " Preschool": {
                "loss": 0.4267401905461705,
                "acc": 0.7
            },
            " Prof-school": {
                "loss": 0.28260873369910433,
                "acc": 0.8706896551724138
            },
            " Some-college": {
                "loss": 0.298996237566637,
                "acc": 0.8511784511784511
            }
        },
        "education-num": {
            "1-9": {
                "loss": 0.29482970342043013,
                "acc": 0.8554913294797688
            },
            "10-13": {
                "loss": 0.3046911316174494,
                "acc": 0.845042678923178
            },
            "13-16": {
                "loss": 0.2852129867265238,
                "acc": 0.8645276292335116
            },
            "9-10": {
                "loss": 0.298996237566637,
                "acc": 0.8511784511784511
            }
        },
        "relationship": {
            " Husband": {
                "loss": 0.302800945276367,
                "acc": 0.8490347490347491
            },
            " Not-in-family": {
                "loss": 0.2856063956173311,
                "acc": 0.861094761624485
            },
            " Other-relative": {
                "loss": 0.20389640755251454,
                "acc": 0.9101123595505618
            },
            " Own-child": {
                "loss": 0.3167059165872166,
                "acc": 0.8351324828263003
            },
            " Unmarried": {
                "loss": 0.2964632714195857,
                "acc": 0.8561253561253561
            },
            " Wife": {
                "loss": 0.3059590964285339,
                "acc": 0.8571428571428571
            }
        },
        "race": {
            " Amer-Indian-Eskimo": {
                "loss": 0.3079847438876414,
                "acc": 0.8169014084507042
            },
            " Asian-Pac-Islander": {
                "loss": 0.26123910201864636,
                "acc": 0.8911917098445595
            },
            " Black": {
                "loss": 0.3046902224530365,
                "acc": 0.8464106844741235
            },
            " Other": {
                "loss": 0.291524670273259,
                "acc": 0.8181818181818182
            },
            " White": {
                "loss": 0.297625766440071,
                "acc": 0.8530042918454935
            }
        },
        "gender": {
            " Female": {
                "loss": 0.29522202837874995,
                "acc": 0.8554613935969868
            },
            " Male": {
                "loss": 0.29824465601377825,
                "acc": 0.8515731874145007
            }
        },
        "hours-per-week": {
            "1-35": {
                "loss": 0.27119935045643206,
                "acc": 0.876945885841364
            },
            "35-40": {
                "loss": 0.3109531211826165,
                "acc": 0.8402273444900537
            },
            "40-50": {
                "loss": 0.29249466358084875,
                "acc": 0.8524857375713122
            },
            "50-99": {
                "loss": 0.29416589150993455,
                "acc": 0.863102998696219
            }
        }
    }
}