{
    "age": {
        "17-26": {
            "loss": 0.4320011796229191,
            "acc": 0.8054794520547945
        },
        "26-33": {
            "loss": 0.971662717566174,
            "acc": 0.7201716738197425
        },
        "33-41": {
            "loss": 1.4874817500260966,
            "acc": 0.6190833959429001
        },
        "41-50": {
            "loss": 1.6642844001544537,
            "acc": 0.5893141945773525
        },
        "50-90": {
            "loss": 1.5356677180383476,
            "acc": 0.6187548039969254
        }
    },
    "education": {
        " 10th": {
            "loss": 0.7081554010059954,
            "acc": 0.73224043715847
        },
        " 11th": {
            "loss": 0.6121875133175209,
            "acc": 0.7555555555555555
        },
        " 12th": {
            "loss": 0.6524570491792989,
            "acc": 0.7857142857142857
        },
        " 1st-4th": {
            "loss": 0.25242204532642587,
            "acc": 0.9130434782608695
        },
        " 5th-6th": {
            "loss": 0.5168204280035389,
            "acc": 0.7741935483870968
        },
        " 7th-8th": {
            "loss": 0.4507676000709791,
            "acc": 0.7801418439716312
        },
        " 9th": {
            "loss": 0.41776492102131224,
            "acc": 0.8173913043478261
        },
        " Assoc-acdm": {
            "loss": 0.9971851858783908,
            "acc": 0.7272727272727273
        },
        " Assoc-voc": {
            "loss": 1.2275866356608687,
            "acc": 0.673992673992674
        },
        " Bachelors": {
            "loss": 1.9065817130756408,
            "acc": 0.560303893637227
        },
        " Doctorate": {
            "loss": 2.996346222431008,
            "acc": 0.37662337662337664
        },
        " HS-grad": {
            "loss": 0.9340513145524347,
            "acc": 0.7207293666026872
        },
        " Masters": {
            "loss": 2.4111829196269823,
            "acc": 0.4782608695652174
        },
        " Preschool": {
            "loss": 0.5224057301877862,
            "acc": 0.6
        },
        " Prof-school": {
            "loss": 2.8528792800549163,
            "acc": 0.3448275862068966
        },
        " Some-college": {
            "loss": 0.9466524017378025,
            "acc": 0.7124579124579125
        }
    },
    "education-num": {
        "1-9": {
            "loss": 0.827103770022255,
            "acc": 0.7351241074464467
        },
        "10-13": {
            "loss": 1.6668007626036636,
            "acc": 0.6023622047244095
        },
        "13-16": {
            "loss": 2.582830606125293,
            "acc": 0.43672014260249553
        },
        "9-10": {
            "loss": 0.9466524017378025,
            "acc": 0.7124579124579125
        }
    },
    "relationship": {
        " Husband": {
            "loss": 1.9628664384046401,
            "acc": 0.5428571428571428
        },
        " Not-in-family": {
            "loss": 0.697580815582151,
            "acc": 0.7641176470588236
        },
        " Other-relative": {
            "loss": 0.427793521307646,
            "acc": 0.7865168539325843
        },
        " Own-child": {
            "loss": 0.44453979328723503,
            "acc": 0.8086359175662414
        },
        " Unmarried": {
            "loss": 0.5090602614169829,
            "acc": 0.782051282051282
        },
        " Wife": {
            "loss": 2.0846530274394706,
            "acc": 0.5124223602484472
        }
    },
    "race": {
        " Amer-Indian-Eskimo": {
            "loss": 0.5733551358018498,
            "acc": 0.7183098591549296
        },
        " Asian-Pac-Islander": {
            "loss": 1.7308549110001306,
            "acc": 0.5854922279792746
        },
        " Black": {
            "loss": 0.7637077540147276,
            "acc": 0.7345575959933222
        },
        " Other": {
            "loss": 0.42982856219004967,
            "acc": 0.7818181818181819
        },
        " White": {
            "loss": 1.2464864309708767,
            "acc": 0.6679778294296442
        }
    },
    "gender": {
        " Female": {
            "loss": 0.7242148846668564,
            "acc": 0.7534117647058823
        },
        " Male": {
            "loss": 1.4337680589473967,
            "acc": 0.6342909256725946
        }
    },
    "hours-per-week": {
        "1-35": {
            "loss": 0.6159673240370517,
            "acc": 0.7835433654558932
        },
        "35-40": {
            "loss": 1.0567825098174792,
            "acc": 0.6868686868686869
        },
        "40-50": {
            "loss": 1.8167508542644608,
            "acc": 0.5908720456397718
        },
        "50-99": {
            "loss": 1.850695080899753,
            "acc": 0.5541069100391134
        }
    }
}