{
    "forget_x": [
        0,
        0,
        1,
        0,
        0,
        0,
        0,
        0,
        0,
        0,
        0,
        0,
        0,
        0,
        0,
        0,
        1,
        0,
        0,
        0,
        0,
        1,
        0,
        0,
        0,
        0,
        0,
        0,
        1,
        0,
        0,
        0,
        0,
        0,
        0,
        1,
        0,
        1,
        0,
        1,
        0,
        0
    ],
    "forget_y": 0,
    "sample": {
        "age": "50-90",
        "education": " Bachelors",
        "education-num": "10-13",
        "relationship": " Husband",
        "race": " Asian-Pac-Islander",
        "gender": " Male",
        "hours-per-week": "1-35",
        "income": "<50k"
    },
    "performance": {
        "age": {
            "17-26": {
                "loss": 0.3019935098322619,
                "acc": 0.8547945205479452
            },
            "26-33": {
                "loss": 0.2892278581143866,
                "acc": 0.8565292096219931
            },
            "33-41": {
                "loss": 0.29330639474911707,
                "acc": 0.8557475582268971
            },
            "41-50": {
                "loss": 0.2964051984223027,
                "acc": 0.861244019138756
            },
            "50-90": {
                "loss": 0.29093262953433696,
                "acc": 0.8501152959262106
            }
        },
        "education": {
            " 10th": {
                "loss": 0.3450603235941947,
                "acc": 0.8306010928961749
            },
            " 11th": {
                "loss": 0.3060507685053173,
                "acc": 0.8711111111111111
            },
            " 12th": {
                "loss": 0.3516843723836011,
                "acc": 0.8163265306122449
            },
            " 1st-4th": {
                "loss": 0.24415189790831734,
                "acc": 0.8695652173913043
            },
            " 5th-6th": {
                "loss": 0.24267254040607733,
                "acc": 0.8548387096774194
            },
            " 7th-8th": {
                "loss": 0.25948977592311295,
                "acc": 0.8652482269503546
            },
            " 9th": {
                "loss": 0.285355775159296,
                "acc": 0.8695652173913043
            },
            " Assoc-acdm": {
                "loss": 0.2903105551366426,
                "acc": 0.8484848484848485
            },
            " Assoc-voc": {
                "loss": 0.2877387882261638,
                "acc": 0.8534798534798534
            },
            " Bachelors": {
                "loss": 0.29644204097957416,
                "acc": 0.8610846812559467
            },
            " Doctorate": {
                "loss": 0.3441790455999517,
                "acc": 0.8441558441558441
            },
            " HS-grad": {
                "loss": 0.293288036548122,
                "acc": 0.8483685220729367
            },
            " Masters": {
                "loss": 0.2727277369314643,
                "acc": 0.8672086720867209
            },
            " Preschool": {
                "loss": 0.41361666878543596,
                "acc": 0.8
            },
            " Prof-school": {
                "loss": 0.28782007330599235,
                "acc": 0.8706896551724138
            },
            " Some-college": {
                "loss": 0.29505164253038196,
                "acc": 0.8612794612794613
            }
        },
        "education-num": {
            "1-9": {
                "loss": 0.29645907146709183,
                "acc": 0.8497109826589595
            },
            "10-13": {
                "loss": 0.29408328789246435,
                "acc": 0.8580814717477004
            },
            "13-16": {
                "loss": 0.2856324732071202,
                "acc": 0.8647686832740213
            },
            "9-10": {
                "loss": 0.29505164253038196,
                "acc": 0.8612794612794613
            }
        },
        "relationship": {
            " Husband": {
                "loss": 0.2980645698771976,
                "acc": 0.854383932020085
            },
            " Not-in-family": {
                "loss": 0.2811706405093002,
                "acc": 0.8652941176470588
            },
            " Other-relative": {
                "loss": 0.2074440156022645,
                "acc": 0.9213483146067416
            },
            " Own-child": {
                "loss": 0.321642002450549,
                "acc": 0.8380765456329735
            },
            " Unmarried": {
                "loss": 0.2902639841490889,
                "acc": 0.8504273504273504
            },
            " Wife": {
                "loss": 0.3106683851932142,
                "acc": 0.84472049689441
            }
        },
        "race": {
            " Amer-Indian-Eskimo": {
                "loss": 0.27549989882599996,
                "acc": 0.8450704225352113
            },
            " Asian-Pac-Islander": {
                "loss": 0.26363910873944063,
                "acc": 0.8854166666666666
            },
            " Black": {
                "loss": 0.28781707785142097,
                "acc": 0.8547579298831386
            },
            " Other": {
                "loss": 0.30551466304818603,
                "acc": 0.8363636363636363
            },
            " White": {
                "loss": 0.2965802064476627,
                "acc": 0.8549973180761666
            }
        },
        "gender": {
            " Female": {
                "loss": 0.2978194567678497,
                "acc": 0.8522352941176471
            },
            " Male": {
                "loss": 0.293110989013769,
                "acc": 0.8572405929304447
            }
        },
        "hours-per-week": {
            "1-35": {
                "loss": 0.273053661768705,
                "acc": 0.870919881305638
            },
            "35-40": {
                "loss": 0.30826714427778684,
                "acc": 0.8459595959595959
            },
            "40-50": {
                "loss": 0.2821706751392937,
                "acc": 0.8622656886715566
            },
            "50-99": {
                "loss": 0.2963076465774558,
                "acc": 0.8578878748370273
            }
        }
    }
}