{
    "age": {
        "17-26": {
            "loss": 0.4646147774339729,
            "acc": 0.7767123287671233
        },
        "26-33": {
            "loss": 0.9937784918657266,
            "acc": 0.7064377682403433
        },
        "33-41": {
            "loss": 1.536320765282516,
            "acc": 0.6048084147257701
        },
        "41-50": {
            "loss": 1.7120971279802646,
            "acc": 0.5797448165869219
        },
        "50-90": {
            "loss": 1.6129388995207317,
            "acc": 0.6079938508839354
        }
    },
    "education": {
        " 10th": {
            "loss": 0.6818587945913999,
            "acc": 0.6939890710382514
        },
        " 11th": {
            "loss": 0.6442721575487509,
            "acc": 0.7155555555555555
        },
        " 12th": {
            "loss": 0.6489751861093335,
            "acc": 0.7653061224489796
        },
        " 1st-4th": {
            "loss": 0.29823652347811835,
            "acc": 0.8695652173913043
        },
        " 5th-6th": {
            "loss": 0.5626841916008686,
            "acc": 0.7580645161290323
        },
        " 7th-8th": {
            "loss": 0.47499687705597987,
            "acc": 0.7659574468085106
        },
        " 9th": {
            "loss": 0.4557678689268754,
            "acc": 0.7913043478260869
        },
        " Assoc-acdm": {
            "loss": 1.0841438951690587,
            "acc": 0.6919191919191919
        },
        " Assoc-voc": {
            "loss": 1.2665777850835305,
            "acc": 0.663003663003663
        },
        " Bachelors": {
            "loss": 1.9843791949843725,
            "acc": 0.5513307984790875
        },
        " Doctorate": {
            "loss": 3.066608760782597,
            "acc": 0.37662337662337664
        },
        " HS-grad": {
            "loss": 0.9597111740271402,
            "acc": 0.7029750479846449
        },
        " Masters": {
            "loss": 2.5493882865449318,
            "acc": 0.4715447154471545
        },
        " Preschool": {
            "loss": 0.5739214268800336,
            "acc": 0.6
        },
        " Prof-school": {
            "loss": 2.897583375736318,
            "acc": 0.3620689655172414
        },
        " Some-college": {
            "loss": 0.9866045867251407,
            "acc": 0.6983164983164983
        }
    },
    "education-num": {
        "1-9": {
            "loss": 0.8501366843078918,
            "acc": 0.7140428425705543
        },
        "10-13": {
            "loss": 1.738675731907313,
            "acc": 0.5896257386736704
        },
        "13-16": {
            "loss": 2.6921224624568576,
            "acc": 0.4359430604982206
        },
        "9-10": {
            "loss": 0.9866045867251407,
            "acc": 0.6983164983164983
        }
    },
    "relationship": {
        " Husband": {
            "loss": 2.0210608203650673,
            "acc": 0.5307068366164542
        },
        " Not-in-family": {
            "loss": 0.7327662686272156,
            "acc": 0.7454438565549677
        },
        " Other-relative": {
            "loss": 0.4309295784913062,
            "acc": 0.7696629213483146
        },
        " Own-child": {
            "loss": 0.4763944510408896,
            "acc": 0.774288518155054
        },
        " Unmarried": {
            "loss": 0.5363697904155178,
            "acc": 0.7777777777777778
        },
        " Wife": {
            "loss": 2.200903332664766,
            "acc": 0.515527950310559
        }
    },
    "race": {
        " Amer-Indian-Eskimo": {
            "loss": 0.5994941634174786,
            "acc": 0.676056338028169
        },
        " Asian-Pac-Islander": {
            "loss": 1.7341303713508731,
            "acc": 0.5729166666666666
        },
        " Black": {
            "loss": 0.8219796590121831,
            "acc": 0.7228714524207012
        },
        " Other": {
            "loss": 0.48652794035721114,
            "acc": 0.7636363636363637
        },
        " White": {
            "loss": 1.2927589907154104,
            "acc": 0.6519485162674293
        }
    },
    "gender": {
        " Female": {
            "loss": 0.7666326420650128,
            "acc": 0.7389463781749764
        },
        " Male": {
            "loss": 1.4815221816195494,
            "acc": 0.617787913340935
        }
    },
    "hours-per-week": {
        "1-35": {
            "loss": 0.6362081090233863,
            "acc": 0.7626112759643917
        },
        "35-40": {
            "loss": 1.0830586637966026,
            "acc": 0.6689807510255601
        },
        "40-50": {
            "loss": 1.9179181763315045,
            "acc": 0.5762021189894051
        },
        "50-99": {
            "loss": 1.9338053774944084,
            "acc": 0.5541069100391134
        }
    }
}