{
    "age": {
        "17-26": {
            "loss": 0.43906728732870354,
            "acc": 0.7813570938999315
        },
        "26-33": {
            "loss": 0.9570265712141024,
            "acc": 0.7055793991416309
        },
        "33-41": {
            "loss": 1.4438969694415187,
            "acc": 0.608564988730278
        },
        "41-50": {
            "loss": 1.660249133865778,
            "acc": 0.5765550239234449
        },
        "50-90": {
            "loss": 1.4728095290814396,
            "acc": 0.6152073732718893
        }
    },
    "education": {
        " 10th": {
            "loss": 0.6986813553654668,
            "acc": 0.7103825136612022
        },
        " 11th": {
            "loss": 0.6175532475080215,
            "acc": 0.7333333333333333
        },
        " 12th": {
            "loss": 0.6263779179197575,
            "acc": 0.7755102040816326
        },
        " 1st-4th": {
            "loss": 0.30382261702917984,
            "acc": 0.8695652173913043
        },
        " 5th-6th": {
            "loss": 0.5006849112317554,
            "acc": 0.7258064516129032
        },
        " 7th-8th": {
            "loss": 0.45005363961712413,
            "acc": 0.7730496453900709
        },
        " 9th": {
            "loss": 0.43742656105610933,
            "acc": 0.8
        },
        " Assoc-acdm": {
            "loss": 1.0014076287551068,
            "acc": 0.696969696969697
        },
        " Assoc-voc": {
            "loss": 1.1836608340558326,
            "acc": 0.6666666666666666
        },
        " Bachelors": {
            "loss": 1.8640636894211382,
            "acc": 0.5508072174738842
        },
        " Doctorate": {
            "loss": 2.935012369689861,
            "acc": 0.4025974025974026
        },
        " HS-grad": {
            "loss": 0.9200425921785857,
            "acc": 0.699471915506481
        },
        " Masters": {
            "loss": 2.3953227172930203,
            "acc": 0.4932249322493225
        },
        " Preschool": {
            "loss": 0.5193520726441669,
            "acc": 0.6
        },
        " Prof-school": {
            "loss": 2.7069788235845738,
            "acc": 0.3620689655172414
        },
        " Some-college": {
            "loss": 0.9206250542719587,
            "acc": 0.701010101010101
        }
    },
    "education-num": {
        "1-9": {
            "loss": 0.8168800841181177,
            "acc": 0.7142857142857143
        },
        "10-13": {
            "loss": 1.6301031385506637,
            "acc": 0.5905511811023622
        },
        "13-16": {
            "loss": 2.5335935563755427,
            "acc": 0.45373665480427045
        },
        "9-10": {
            "loss": 0.9206250542719587,
            "acc": 0.701010101010101
        }
    },
    "relationship": {
        " Husband": {
            "loss": 1.9135600896575642,
            "acc": 0.5339768339768339
        },
        " Not-in-family": {
            "loss": 0.6845818874116772,
            "acc": 0.7519106407995297
        },
        " Other-relative": {
            "loss": 0.4426580537508702,
            "acc": 0.7640449438202247
        },
        " Own-child": {
            "loss": 0.45374600247947317,
            "acc": 0.7789783889980354
        },
        " Unmarried": {
            "loss": 0.5190417154071479,
            "acc": 0.7692307692307693
        },
        " Wife": {
            "loss": 2.022497340768487,
            "acc": 0.5124223602484472
        }
    },
    "race": {
        " Amer-Indian-Eskimo": {
            "loss": 0.5946608632810192,
            "acc": 0.6857142857142857
        },
        " Asian-Pac-Islander": {
            "loss": 1.6317455480577983,
            "acc": 0.5854922279792746
        },
        " Black": {
            "loss": 0.7618164255979649,
            "acc": 0.7228714524207012
        },
        " Other": {
            "loss": 0.5054043167019932,
            "acc": 0.7636363636363637
        },
        " White": {
            "loss": 1.2220654249515148,
            "acc": 0.6542724347515195
        }
    },
    "gender": {
        " Female": {
            "loss": 0.7204336758966526,
            "acc": 0.738005644402634
        },
        " Male": {
            "loss": 1.4014299703031041,
            "acc": 0.6218928164196124
        }
    },
    "hours-per-week": {
        "1-35": {
            "loss": 0.5999991873173108,
            "acc": 0.7620459599703484
        },
        "35-40": {
            "loss": 1.0326334065307423,
            "acc": 0.6717171717171717
        },
        "40-50": {
            "loss": 1.789590539292552,
            "acc": 0.582722086389568
        },
        "50-99": {
            "loss": 1.825688771112108,
            "acc": 0.5541069100391134
        }
    }
}