{
    "forget_x": [
        0,
        1,
        0,
        0,
        0,
        0,
        0,
        0,
        0,
        0,
        0,
        0,
        0,
        0,
        0,
        0,
        0,
        0,
        0,
        0,
        1,
        0,
        0,
        0,
        1,
        0,
        0,
        0,
        0,
        0,
        1,
        0,
        0,
        0,
        0,
        1,
        1,
        0,
        0,
        1,
        0,
        0
    ],
    "forget_y": 0,
    "sample": {
        "age": "17-26",
        "education": " HS-grad",
        "education-num": "1-9",
        "relationship": " Own-child",
        "race": " Amer-Indian-Eskimo",
        "gender": " Male",
        "hours-per-week": "35-40",
        "income": "<50k"
    },
    "performance": {
        "age": {
            "17-26": {
                "loss": 0.30076548424397603,
                "acc": 0.8444139821795751
            },
            "26-33": {
                "loss": 0.2910311816067405,
                "acc": 0.8530927835051546
            },
            "33-41": {
                "loss": 0.29426044955421576,
                "acc": 0.8549962434259955
            },
            "41-50": {
                "loss": 0.29527457625797504,
                "acc": 0.8620414673046252
            },
            "50-90": {
                "loss": 0.30007031623796876,
                "acc": 0.8509984639016898
            }
        },
        "education": {
            " 10th": {
                "loss": 0.3426060658789373,
                "acc": 0.8360655737704918
            },
            " 11th": {
                "loss": 0.2971394797746461,
                "acc": 0.8755555555555555
            },
            " 12th": {
                "loss": 0.3390783389609528,
                "acc": 0.826530612244898
            },
            " 1st-4th": {
                "loss": 0.25461891620415766,
                "acc": 0.8695652173913043
            },
            " 5th-6th": {
                "loss": 0.2433063847393486,
                "acc": 0.8387096774193549
            },
            " 7th-8th": {
                "loss": 0.2647501755702285,
                "acc": 0.8865248226950354
            },
            " 9th": {
                "loss": 0.2859235242426276,
                "acc": 0.8695652173913043
            },
            " Assoc-acdm": {
                "loss": 0.3166525693471069,
                "acc": 0.8282828282828283
            },
            " Assoc-voc": {
                "loss": 0.3005849466380068,
                "acc": 0.8424908424908425
            },
            " Bachelors": {
                "loss": 0.2993045693150031,
                "acc": 0.8536121673003803
            },
            " Doctorate": {
                "loss": 0.3359911505412601,
                "acc": 0.8441558441558441
            },
            " HS-grad": {
                "loss": 0.2968890843393386,
                "acc": 0.843975036005761
            },
            " Masters": {
                "loss": 0.2699032172669038,
                "acc": 0.8753387533875339
            },
            " Preschool": {
                "loss": 0.36279006046536927,
                "acc": 0.9
            },
            " Prof-school": {
                "loss": 0.29114043128960476,
                "acc": 0.8620689655172413
            },
            " Some-college": {
                "loss": 0.2931699793107793,
                "acc": 0.8599326599326599
            }
        },
        "education-num": {
            "1-9": {
                "loss": 0.29795341648865636,
                "acc": 0.8486394557823129
            },
            "10-13": {
                "loss": 0.30178943275264986,
                "acc": 0.8483256730137886
            },
            "13-16": {
                "loss": 0.28334145158853824,
                "acc": 0.8683274021352313
            },
            "9-10": {
                "loss": 0.2931699793107793,
                "acc": 0.8599326599326599
            }
        },
        "relationship": {
            " Husband": {
                "loss": 0.3024827208194476,
                "acc": 0.8498069498069498
            },
            " Not-in-family": {
                "loss": 0.2815741598957691,
                "acc": 0.8664705882352941
            },
            " Other-relative": {
                "loss": 0.19761698247083184,
                "acc": 0.9269662921348315
            },
            " Own-child": {
                "loss": 0.3182055015183744,
                "acc": 0.8300589390962672
            },
            " Unmarried": {
                "loss": 0.29756166655304817,
                "acc": 0.8532763532763533
            },
            " Wife": {
                "loss": 0.31086966937041544,
                "acc": 0.8354037267080745
            }
        },
        "race": {
            " Amer-Indian-Eskimo": {
                "loss": 0.27132144514328765,
                "acc": 0.8285714285714286
            },
            " Asian-Pac-Islander": {
                "loss": 0.2680578475546069,
                "acc": 0.8808290155440415
            },
            " Black": {
                "loss": 0.29349410768895456,
                "acc": 0.8497495826377296
            },
            " Other": {
                "loss": 0.30461660090555515,
                "acc": 0.8363636363636363
            },
            " White": {
                "loss": 0.2980366737590999,
                "acc": 0.8526729840872519
            }
        },
        "gender": {
            " Female": {
                "loss": 0.29701840664665946,
                "acc": 0.8527058823529412
            },
            " Male": {
                "loss": 0.2962461919051429,
                "acc": 0.8529076396807298
            }
        },
        "hours-per-week": {
            "1-35": {
                "loss": 0.27352530754120535,
                "acc": 0.8680504077094143
            },
            "35-40": {
                "loss": 0.3094089369771535,
                "acc": 0.843700663088096
            },
            "40-50": {
                "loss": 0.28859810044447226,
                "acc": 0.8533007334963325
            },
            "50-99": {
                "loss": 0.2962321422465508,
                "acc": 0.863102998696219
            }
        }
    }
}