{
    "forget_x": [
        0,
        0,
        1,
        0,
        0,
        0,
        0,
        0,
        0,
        0,
        0,
        0,
        0,
        0,
        1,
        0,
        0,
        0,
        0,
        0,
        0,
        0,
        1,
        0,
        0,
        1,
        0,
        0,
        0,
        0,
        0,
        0,
        0,
        0,
        0,
        1,
        0,
        1,
        0,
        0,
        1,
        0
    ],
    "forget_y": 1,
    "sample": {
        "age": "26-33",
        "education": " Some-college",
        "education-num": "9-10",
        "relationship": " Wife",
        "race": " White",
        "gender": " Female",
        "hours-per-week": "35-40",
        "income": "<50k"
    },
    "performance": {
        "age": {
            "17-26": {
                "loss": 0.2951900885040785,
                "acc": 0.8636986301369863
            },
            "26-33": {
                "loss": 0.3006695499980636,
                "acc": 0.8417884780739467
            },
            "33-41": {
                "loss": 0.3004653314345531,
                "acc": 0.8527422990232908
            },
            "41-50": {
                "loss": 0.30092199408299125,
                "acc": 0.8580542264752791
            },
            "50-90": {
                "loss": 0.2963260601108761,
                "acc": 0.8571428571428571
            }
        },
        "education": {
            " 10th": {
                "loss": 0.3417337589098925,
                "acc": 0.8415300546448088
            },
            " 11th": {
                "loss": 0.30904852373682545,
                "acc": 0.8577777777777778
            },
            " 12th": {
                "loss": 0.3558485400628821,
                "acc": 0.8163265306122449
            },
            " 1st-4th": {
                "loss": 0.27920281824656074,
                "acc": 0.8695652173913043
            },
            " 5th-6th": {
                "loss": 0.24514959869789618,
                "acc": 0.8548387096774194
            },
            " 7th-8th": {
                "loss": 0.2660708842128675,
                "acc": 0.8936170212765957
            },
            " 9th": {
                "loss": 0.29066324310743263,
                "acc": 0.8608695652173913
            },
            " Assoc-acdm": {
                "loss": 0.2955898573915007,
                "acc": 0.8686868686868687
            },
            " Assoc-voc": {
                "loss": 0.30624108658980964,
                "acc": 0.8424908424908425
            },
            " Bachelors": {
                "loss": 0.29978907703840396,
                "acc": 0.8564638783269962
            },
            " Doctorate": {
                "loss": 0.31999818091296994,
                "acc": 0.8701298701298701
            },
            " HS-grad": {
                "loss": 0.2952053063211534,
                "acc": 0.8522072936660269
            },
            " Masters": {
                "loss": 0.28220438589547064,
                "acc": 0.8699186991869918
            },
            " Preschool": {
                "loss": 0.4481855960354844,
                "acc": 0.7
            },
            " Prof-school": {
                "loss": 0.3143510893246991,
                "acc": 0.853448275862069
            },
            " Some-college": {
                "loss": 0.29771043541899506,
                "acc": 0.855121293800539
            }
        },
        "education-num": {
            "1-9": {
                "loss": 0.2989456900888815,
                "acc": 0.8527711662699762
            },
            "10-13": {
                "loss": 0.3003996831562284,
                "acc": 0.855548260013132
            },
            "13-16": {
                "loss": 0.2940178019348618,
                "acc": 0.8665480427046264
            },
            "9-10": {
                "loss": 0.29771043541899506,
                "acc": 0.855121293800539
            }
        },
        "relationship": {
            " Husband": {
                "loss": 0.3000308411680369,
                "acc": 0.8552123552123552
            },
            " Not-in-family": {
                "loss": 0.28642723936539943,
                "acc": 0.8605882352941177
            },
            " Other-relative": {
                "loss": 0.19983683581674092,
                "acc": 0.9269662921348315
            },
            " Own-child": {
                "loss": 0.32324914211049505,
                "acc": 0.8478900883218842
            },
            " Unmarried": {
                "loss": 0.30416172205596853,
                "acc": 0.8433048433048433
            },
            " Wife": {
                "loss": 0.31544777517713973,
                "acc": 0.8348909657320872
            }
        },
        "race": {
            " Amer-Indian-Eskimo": {
                "loss": 0.2893864916001203,
                "acc": 0.8309859154929577
            },
            " Asian-Pac-Islander": {
                "loss": 0.27042410866469513,
                "acc": 0.8808290155440415
            },
            " Black": {
                "loss": 0.2943695085954061,
                "acc": 0.8530884808013356
            },
            " Other": {
                "loss": 0.3454720085619308,
                "acc": 0.8363636363636363
            },
            " White": {
                "loss": 0.29965695508799484,
                "acc": 0.8549713876967096
            }
        },
        "gender": {
            " Female": {
                "loss": 0.3032055098246501,
                "acc": 0.8498116760828626
            },
            " Male": {
                "loss": 0.2963382991290374,
                "acc": 0.8577291381668947
            }
        },
        "hours-per-week": {
            "1-35": {
                "loss": 0.27214660095197263,
                "acc": 0.8791697553743514
            },
            "35-40": {
                "loss": 0.3135592299393222,
                "acc": 0.8421218819071676
            },
            "40-50": {
                "loss": 0.28755525720643954,
                "acc": 0.8573757131214343
            },
            "50-99": {
                "loss": 0.3008476354017856,
                "acc": 0.863102998696219
            }
        }
    }
}