{
    "age": {
        "17-26": {
            "loss": 0.4585221130197586,
            "acc": 0.7904109589041096
        },
        "26-33": {
            "loss": 0.9818643502142683,
            "acc": 0.7036082474226805
        },
        "33-41": {
            "loss": 1.4783311846460339,
            "acc": 0.6130728775356874
        },
        "41-50": {
            "loss": 1.6589879818148534,
            "acc": 0.5925039872408293
        },
        "50-90": {
            "loss": 1.5312255816170268,
            "acc": 0.620583717357911
        }
    },
    "education": {
        " 10th": {
            "loss": 0.6900450596428144,
            "acc": 0.7213114754098361
        },
        " 11th": {
            "loss": 0.6323438655704458,
            "acc": 0.7511111111111111
        },
        " 12th": {
            "loss": 0.6612704101343696,
            "acc": 0.7857142857142857
        },
        " 1st-4th": {
            "loss": 0.2988909267643835,
            "acc": 0.9130434782608695
        },
        " 5th-6th": {
            "loss": 0.5366739407021776,
            "acc": 0.7580645161290323
        },
        " 7th-8th": {
            "loss": 0.452157376960268,
            "acc": 0.7872340425531915
        },
        " 9th": {
            "loss": 0.45839565042679165,
            "acc": 0.8
        },
        " Assoc-acdm": {
            "loss": 1.0557249281018797,
            "acc": 0.696969696969697
        },
        " Assoc-voc": {
            "loss": 1.168725945991627,
            "acc": 0.684981684981685
        },
        " Bachelors": {
            "loss": 1.9188253278484848,
            "acc": 0.5527065527065527
        },
        " Doctorate": {
            "loss": 2.9917020033137076,
            "acc": 0.42857142857142855
        },
        " HS-grad": {
            "loss": 0.938963814216989,
            "acc": 0.7130518234165067
        },
        " Masters": {
            "loss": 2.4465593419222476,
            "acc": 0.4878048780487805
        },
        " Preschool": {
            "loss": 0.5270390984019199,
            "acc": 0.7
        },
        " Prof-school": {
            "loss": 2.7801238776672785,
            "acc": 0.3706896551724138
        },
        " Some-college": {
            "loss": 0.9418559030607412,
            "acc": 0.6974393530997305
        }
    },
    "education-num": {
        "1-9": {
            "loss": 0.8337467056317516,
            "acc": 0.7283236994219653
        },
        "10-13": {
            "loss": 1.6723220401865773,
            "acc": 0.5951443569553806
        },
        "13-16": {
            "loss": 2.590099326038913,
            "acc": 0.4555160142348754
        },
        "9-10": {
            "loss": 0.9418559030607412,
            "acc": 0.6974393530997305
        }
    },
    "relationship": {
        " Husband": {
            "loss": 1.9380361815130622,
            "acc": 0.538996138996139
        },
        " Not-in-family": {
            "loss": 0.7159972819286561,
            "acc": 0.7554379776601999
        },
        " Other-relative": {
            "loss": 0.43858538635299094,
            "acc": 0.7752808988764045
        },
        " Own-child": {
            "loss": 0.47506637922684797,
            "acc": 0.7899901864573111
        },
        " Unmarried": {
            "loss": 0.5320560885625317,
            "acc": 0.7792022792022792
        },
        " Wife": {
            "loss": 2.121272684828568,
            "acc": 0.5264797507788161
        }
    },
    "race": {
        " Amer-Indian-Eskimo": {
            "loss": 0.5865166496894518,
            "acc": 0.704225352112676
        },
        " Asian-Pac-Islander": {
            "loss": 1.6733897422106505,
            "acc": 0.6010362694300518
        },
        " Black": {
            "loss": 0.7865909406019448,
            "acc": 0.7245409015025042
        },
        " Other": {
            "loss": 0.47706552072728947,
            "acc": 0.7818181818181819
        },
        " White": {
            "loss": 1.2501348743873015,
            "acc": 0.6610048274629
        }
    },
    "gender": {
        " Female": {
            "loss": 0.7496121608889023,
            "acc": 0.7487058823529412
        },
        " Male": {
            "loss": 1.4275175535782998,
            "acc": 0.6267669858641131
        }
    },
    "hours-per-week": {
        "1-35": {
            "loss": 0.6220918804971602,
            "acc": 0.7724240177909563
        },
        "35-40": {
            "loss": 1.054946563001981,
            "acc": 0.680239898989899
        },
        "40-50": {
            "loss": 1.8485350727815368,
            "acc": 0.5786471067644662
        },
        "50-99": {
            "loss": 1.831281146283498,
            "acc": 0.5645371577574967
        }
    }
}