{
    "age": {
        "17-26": {
            "loss": 0.46618858289210524,
            "acc": 0.7726027397260274
        },
        "26-33": {
            "loss": 0.934337060241149,
            "acc": 0.7018900343642611
        },
        "33-41": {
            "loss": 1.4194486684526104,
            "acc": 0.6048084147257701
        },
        "41-50": {
            "loss": 1.6114213714029721,
            "acc": 0.583732057416268
        },
        "50-90": {
            "loss": 1.4662977572978202,
            "acc": 0.6082949308755761
        }
    },
    "education": {
        " 10th": {
            "loss": 0.6788987943205692,
            "acc": 0.6994535519125683
        },
        " 11th": {
            "loss": 0.6331686882887718,
            "acc": 0.7066666666666667
        },
        " 12th": {
            "loss": 0.6093690172521689,
            "acc": 0.7755102040816326
        },
        " 1st-4th": {
            "loss": 0.3188423579869562,
            "acc": 0.8695652173913043
        },
        " 5th-6th": {
            "loss": 0.49897492082399425,
            "acc": 0.7419354838709677
        },
        " 7th-8th": {
            "loss": 0.4994352125987032,
            "acc": 0.7642857142857142
        },
        " 9th": {
            "loss": 0.47225373889251354,
            "acc": 0.7913043478260869
        },
        " Assoc-acdm": {
            "loss": 0.9727263668375471,
            "acc": 0.6919191919191919
        },
        " Assoc-voc": {
            "loss": 1.1439682786744325,
            "acc": 0.663003663003663
        },
        " Bachelors": {
            "loss": 1.8042503832948389,
            "acc": 0.5527065527065527
        },
        " Doctorate": {
            "loss": 3.048558426488344,
            "acc": 0.4025974025974026
        },
        " HS-grad": {
            "loss": 0.9156781874042642,
            "acc": 0.7000959692898272
        },
        " Masters": {
            "loss": 2.316427072416709,
            "acc": 0.4878048780487805
        },
        " Preschool": {
            "loss": 0.5293688633846828,
            "acc": 0.6
        },
        " Prof-school": {
            "loss": 2.6753082071742527,
            "acc": 0.3620689655172414
        },
        " Some-college": {
            "loss": 0.9294479552308128,
            "acc": 0.692929292929293
        }
    },
    "education-num": {
        "1-9": {
            "loss": 0.8171722986945322,
            "acc": 0.7115646258503401
        },
        "10-13": {
            "loss": 1.5779388545416146,
            "acc": 0.5905511811023622
        },
        "13-16": {
            "loss": 2.4908119939387556,
            "acc": 0.4501779359430605
        },
        "9-10": {
            "loss": 0.9294479552308128,
            "acc": 0.692929292929293
        }
    },
    "relationship": {
        " Husband": {
            "loss": 1.8543138634825773,
            "acc": 0.5339768339768339
        },
        " Not-in-family": {
            "loss": 0.7088064212157026,
            "acc": 0.7441176470588236
        },
        " Other-relative": {
            "loss": 0.42918934832137784,
            "acc": 0.7640449438202247
        },
        " Own-child": {
            "loss": 0.47928688560021293,
            "acc": 0.7713444553483808
        },
        " Unmarried": {
            "loss": 0.5296742539426786,
            "acc": 0.7678062678062678
        },
        " Wife": {
            "loss": 1.9971047745731059,
            "acc": 0.5124223602484472
        }
    },
    "race": {
        " Amer-Indian-Eskimo": {
            "loss": 0.6131031961064431,
            "acc": 0.6901408450704225
        },
        " Asian-Pac-Islander": {
            "loss": 1.5632328632389214,
            "acc": 0.5854922279792746
        },
        " Black": {
            "loss": 0.781077063144879,
            "acc": 0.7145242070116862
        },
        " Other": {
            "loss": 0.48481968480205073,
            "acc": 0.7454545454545455
        },
        " White": {
            "loss": 1.206430790913306,
            "acc": 0.6513499016627928
        }
    },
    "gender": {
        " Female": {
            "loss": 0.7302609376375802,
            "acc": 0.7361241768579492
        },
        " Male": {
            "loss": 1.3762365275204518,
            "acc": 0.617787913340935
        }
    },
    "hours-per-week": {
        "1-35": {
            "loss": 0.6200233662812595,
            "acc": 0.7568569310600445
        },
        "35-40": {
            "loss": 1.0187723277321963,
            "acc": 0.6702429788576838
        },
        "40-50": {
            "loss": 1.774057128337948,
            "acc": 0.5766721044045677
        },
        "50-99": {
            "loss": 1.7567625287556907,
            "acc": 0.5501955671447197
        }
    }
}