{
    "forget_x": [
        0,
        0,
        0,
        0,
        1,
        0,
        0,
        0,
        0,
        0,
        0,
        0,
        0,
        0,
        1,
        0,
        0,
        0,
        0,
        0,
        0,
        0,
        1,
        0,
        0,
        0,
        1,
        0,
        0,
        0,
        0,
        0,
        0,
        0,
        0,
        1,
        0,
        1,
        1,
        0,
        0,
        0
    ],
    "forget_y": 0,
    "sample": {
        "age": "26-33",
        "education": " 7th-8th",
        "education-num": "1-9",
        "relationship": " Not-in-family",
        "race": " White",
        "gender": " Male",
        "hours-per-week": "40-50",
        "income": "<50k"
    },
    "performance": {
        "age": {
            "17-26": {
                "loss": 0.29633657672859703,
                "acc": 0.8643835616438356
            },
            "26-33": {
                "loss": 0.29477162339200175,
                "acc": 0.8529664660361135
            },
            "33-41": {
                "loss": 0.2983081242997008,
                "acc": 0.8489857250187829
            },
            "41-50": {
                "loss": 0.3046128787623715,
                "acc": 0.8588516746411483
            },
            "50-90": {
                "loss": 0.2923881041690749,
                "acc": 0.8563748079877113
            }
        },
        "education": {
            " 10th": {
                "loss": 0.3256748374968956,
                "acc": 0.8524590163934426
            },
            " 11th": {
                "loss": 0.3054218678663299,
                "acc": 0.8533333333333334
            },
            " 12th": {
                "loss": 0.361847772557221,
                "acc": 0.8061224489795918
            },
            " 1st-4th": {
                "loss": 0.22614606799318476,
                "acc": 0.8695652173913043
            },
            " 5th-6th": {
                "loss": 0.24802852438913237,
                "acc": 0.8709677419354839
            },
            " 7th-8th": {
                "loss": 0.25377116435917674,
                "acc": 0.9142857142857143
            },
            " 9th": {
                "loss": 0.2825899346339692,
                "acc": 0.8608695652173913
            },
            " Assoc-acdm": {
                "loss": 0.3004739923611107,
                "acc": 0.8333333333333334
            },
            " Assoc-voc": {
                "loss": 0.2828329876601701,
                "acc": 0.8717948717948718
            },
            " Bachelors": {
                "loss": 0.29618658350120025,
                "acc": 0.8659695817490495
            },
            " Doctorate": {
                "loss": 0.3617952141049683,
                "acc": 0.8181818181818182
            },
            " HS-grad": {
                "loss": 0.29878775494302173,
                "acc": 0.8502879078694817
            },
            " Masters": {
                "loss": 0.2886347954191231,
                "acc": 0.8672086720867209
            },
            " Preschool": {
                "loss": 0.3437604491390799,
                "acc": 0.9
            },
            " Prof-school": {
                "loss": 0.2919921611642302,
                "acc": 0.8448275862068966
            },
            " Some-college": {
                "loss": 0.29640805037754014,
                "acc": 0.8565656565656565
            }
        },
        "education-num": {
            "1-9": {
                "loss": 0.2988080668722001,
                "acc": 0.8534013605442177
            },
            "10-13": {
                "loss": 0.2943503230216605,
                "acc": 0.8627708470124754
            },
            "13-16": {
                "loss": 0.2993515332576329,
                "acc": 0.8558718861209964
            },
            "9-10": {
                "loss": 0.29640805037754014,
                "acc": 0.8565656565656565
            }
        },
        "relationship": {
            " Husband": {
                "loss": 0.30052733006401955,
                "acc": 0.8517374517374517
            },
            " Not-in-family": {
                "loss": 0.2840320870439125,
                "acc": 0.8640376692171866
            },
            " Other-relative": {
                "loss": 0.20929913590240792,
                "acc": 0.9269662921348315
            },
            " Own-child": {
                "loss": 0.31911873157257814,
                "acc": 0.8508341511285574
            },
            " Unmarried": {
                "loss": 0.299018108892975,
                "acc": 0.8561253561253561
            },
            " Wife": {
                "loss": 0.31648611244821195,
                "acc": 0.8354037267080745
            }
        },
        "race": {
            " Amer-Indian-Eskimo": {
                "loss": 0.26339165070274606,
                "acc": 0.8591549295774648
            },
            " Asian-Pac-Islander": {
                "loss": 0.2717693359194477,
                "acc": 0.9067357512953368
            },
            " Black": {
                "loss": 0.2938903298909535,
                "acc": 0.8647746243739566
            },
            " Other": {
                "loss": 0.316757480552816,
                "acc": 0.8363636363636363
            },
            " White": {
                "loss": 0.2987443699928936,
                "acc": 0.8540772532188842
            }
        },
        "gender": {
            " Female": {
                "loss": 0.29970882334174753,
                "acc": 0.856
            },
            " Male": {
                "loss": 0.2960801654427554,
                "acc": 0.8567844925883694
            }
        },
        "hours-per-week": {
            "1-35": {
                "loss": 0.27569298135324005,
                "acc": 0.8732394366197183
            },
            "35-40": {
                "loss": 0.30959851781942976,
                "acc": 0.8506944444444444
            },
            "40-50": {
                "loss": 0.2906268020234289,
                "acc": 0.8539967373572593
            },
            "50-99": {
                "loss": 0.2948714204556673,
                "acc": 0.8552803129074316
            }
        }
    }
}