{
    "age": {
        "17-26": {
            "loss": 0.4327390856724637,
            "acc": 0.8
        },
        "26-33": {
            "loss": 0.9729264633058088,
            "acc": 0.7107296137339055
        },
        "33-41": {
            "loss": 1.4854710939300906,
            "acc": 0.6168294515401953
        },
        "41-50": {
            "loss": 1.7112478632534018,
            "acc": 0.5925039872408293
        },
        "50-90": {
            "loss": 1.5412704672501458,
            "acc": 0.6202920830130668
        }
    },
    "education": {
        " 10th": {
            "loss": 0.7109494570195467,
            "acc": 0.726775956284153
        },
        " 11th": {
            "loss": 0.6284185339006498,
            "acc": 0.7466666666666667
        },
        " 12th": {
            "loss": 0.6238214191875638,
            "acc": 0.7857142857142857
        },
        " 1st-4th": {
            "loss": 0.301786390277599,
            "acc": 0.8695652173913043
        },
        " 5th-6th": {
            "loss": 0.4909828386845897,
            "acc": 0.7741935483870968
        },
        " 7th-8th": {
            "loss": 0.4468062892905254,
            "acc": 0.7801418439716312
        },
        " 9th": {
            "loss": 0.44219700954910895,
            "acc": 0.8173913043478261
        },
        " Assoc-acdm": {
            "loss": 1.0330854848650015,
            "acc": 0.7222222222222222
        },
        " Assoc-voc": {
            "loss": 1.2307482651882717,
            "acc": 0.6703296703296703
        },
        " Bachelors": {
            "loss": 1.9152504725704655,
            "acc": 0.5631528964862298
        },
        " Doctorate": {
            "loss": 3.1979350001926408,
            "acc": 0.38961038961038963
        },
        " HS-grad": {
            "loss": 0.9310143195487783,
            "acc": 0.71435429668747
        },
        " Masters": {
            "loss": 2.495893889829619,
            "acc": 0.4823848238482385
        },
        " Preschool": {
            "loss": 0.5218035471491536,
            "acc": 0.6
        },
        " Prof-school": {
            "loss": 2.952890393369782,
            "acc": 0.3879310344827586
        },
        " Some-college": {
            "loss": 0.9414581780874482,
            "acc": 0.7077441077441078
        }
    },
    "education-num": {
        "1-9": {
            "loss": 0.8259821934684153,
            "acc": 0.7292517006802721
        },
        "10-13": {
            "loss": 1.6780209645776685,
            "acc": 0.6030183727034121
        },
        "13-16": {
            "loss": 2.6864076974961875,
            "acc": 0.4501779359430605
        },
        "9-10": {
            "loss": 0.9414581780874482,
            "acc": 0.7077441077441078
        }
    },
    "relationship": {
        " Husband": {
            "loss": 1.9869186022451462,
            "acc": 0.5416988416988417
        },
        " Not-in-family": {
            "loss": 0.7003272162481106,
            "acc": 0.7601410934744268
        },
        " Other-relative": {
            "loss": 0.4196286143362685,
            "acc": 0.7853107344632768
        },
        " Own-child": {
            "loss": 0.4441845301467479,
            "acc": 0.8007850834151129
        },
        " Unmarried": {
            "loss": 0.5094454041655395,
            "acc": 0.7877492877492878
        },
        " Wife": {
            "loss": 2.085755807242185,
            "acc": 0.5062111801242236
        }
    },
    "race": {
        " Amer-Indian-Eskimo": {
            "loss": 0.6195092431810707,
            "acc": 0.7183098591549296
        },
        " Asian-Pac-Islander": {
            "loss": 1.6659048166264205,
            "acc": 0.6010362694300518
        },
        " Black": {
            "loss": 0.7798102265930181,
            "acc": 0.7278797996661102
        },
        " Other": {
            "loss": 0.46002555665343947,
            "acc": 0.7636363636363637
        },
        " White": {
            "loss": 1.2579305564180832,
            "acc": 0.6654747005185053
        }
    },
    "gender": {
        " Female": {
            "loss": 0.7276460770346386,
            "acc": 0.7502351834430856
        },
        " Male": {
            "loss": 1.4473301161894208,
            "acc": 0.6321550741163056
        }
    },
    "hours-per-week": {
        "1-35": {
            "loss": 0.6077350353259067,
            "acc": 0.7828020756115641
        },
        "35-40": {
            "loss": 1.0505815509629757,
            "acc": 0.6849747474747475
        },
        "40-50": {
            "loss": 1.8645282488307418,
            "acc": 0.5819070904645477
        },
        "50-99": {
            "loss": 1.9004759346095694,
            "acc": 0.5567144719687093
        }
    }
}