{
    "forget_x": [
        0,
        1,
        0,
        0,
        0,
        0,
        1,
        0,
        0,
        0,
        0,
        0,
        0,
        0,
        0,
        0,
        0,
        0,
        0,
        0,
        0,
        1,
        0,
        0,
        0,
        1,
        0,
        0,
        0,
        0,
        0,
        0,
        0,
        0,
        0,
        1,
        0,
        1,
        0,
        1,
        0,
        0
    ],
    "forget_y": 0,
    "sample": {
        "age": "50-90",
        "education": " HS-grad",
        "education-num": "1-9",
        "relationship": " Other-relative",
        "race": " White",
        "gender": " Male",
        "hours-per-week": "35-40",
        "income": "<50k"
    },
    "performance": {
        "age": {
            "17-26": {
                "loss": 0.30641365391258485,
                "acc": 0.8561643835616438
            },
            "26-33": {
                "loss": 0.29990850480851283,
                "acc": 0.8436426116838488
            },
            "33-41": {
                "loss": 0.3062056099145832,
                "acc": 0.8497370398196844
            },
            "41-50": {
                "loss": 0.31138695675307076,
                "acc": 0.8564593301435407
            },
            "50-90": {
                "loss": 0.3049894277893982,
                "acc": 0.8539584934665642
            }
        },
        "education": {
            " 10th": {
                "loss": 0.34604010971739213,
                "acc": 0.8415300546448088
            },
            " 11th": {
                "loss": 0.3105595317874125,
                "acc": 0.8533333333333334
            },
            " 12th": {
                "loss": 0.3431392761195395,
                "acc": 0.8163265306122449
            },
            " 1st-4th": {
                "loss": 0.2904407824818612,
                "acc": 0.8695652173913043
            },
            " 5th-6th": {
                "loss": 0.24380790245919984,
                "acc": 0.8709677419354839
            },
            " 7th-8th": {
                "loss": 0.2885569083912056,
                "acc": 0.8794326241134752
            },
            " 9th": {
                "loss": 0.29328978985461895,
                "acc": 0.8695652173913043
            },
            " Assoc-acdm": {
                "loss": 0.3058821154352892,
                "acc": 0.8535353535353535
            },
            " Assoc-voc": {
                "loss": 0.2981106891937294,
                "acc": 0.8644688644688645
            },
            " Bachelors": {
                "loss": 0.30816403729590014,
                "acc": 0.8593155893536122
            },
            " Doctorate": {
                "loss": 0.33502988919611687,
                "acc": 0.8311688311688312
            },
            " HS-grad": {
                "loss": 0.3059517355686057,
                "acc": 0.8468554968795007
            },
            " Masters": {
                "loss": 0.2880692080661088,
                "acc": 0.8617886178861789
            },
            " Preschool": {
                "loss": 0.4071211357217459,
                "acc": 0.8
            },
            " Prof-school": {
                "loss": 0.31977619077143615,
                "acc": 0.8275862068965517
            },
            " Some-college": {
                "loss": 0.3040758455286361,
                "acc": 0.8518518518518519
            }
        },
        "education-num": {
            "1-9": {
                "loss": 0.3076219857832598,
                "acc": 0.8489795918367347
            },
            "10-13": {
                "loss": 0.3060652949713472,
                "acc": 0.8594878529218647
            },
            "13-16": {
                "loss": 0.3010478245088643,
                "acc": 0.8505338078291815
            },
            "9-10": {
                "loss": 0.3040758455286361,
                "acc": 0.8518518518518519
            }
        },
        "relationship": {
            " Husband": {
                "loss": 0.3088332514181406,
                "acc": 0.8467181467181467
            },
            " Not-in-family": {
                "loss": 0.29193303714373015,
                "acc": 0.8647058823529412
            },
            " Other-relative": {
                "loss": 0.20519041779945751,
                "acc": 0.9209039548022598
            },
            " Own-child": {
                "loss": 0.3301227826038279,
                "acc": 0.8410206084396468
            },
            " Unmarried": {
                "loss": 0.3019572671143173,
                "acc": 0.8518518518518519
            },
            " Wife": {
                "loss": 0.34296734525704553,
                "acc": 0.8291925465838509
            }
        },
        "race": {
            " Amer-Indian-Eskimo": {
                "loss": 0.2798822110864476,
                "acc": 0.8591549295774648
            },
            " Asian-Pac-Islander": {
                "loss": 0.2712801199615728,
                "acc": 0.8860103626943006
            },
            " Black": {
                "loss": 0.2905265806981549,
                "acc": 0.8631051752921536
            },
            " Other": {
                "loss": 0.3361305518803568,
                "acc": 0.8363636363636363
            },
            " White": {
                "loss": 0.3087529127497881,
                "acc": 0.849964234620887
            }
        },
        "gender": {
            " Female": {
                "loss": 0.31040006296132205,
                "acc": 0.8494117647058823
            },
            " Male": {
                "loss": 0.30369155225435407,
                "acc": 0.8535917901938427
            }
        },
        "hours-per-week": {
            "1-35": {
                "loss": 0.2856107867407484,
                "acc": 0.8680504077094143
            },
            "35-40": {
                "loss": 0.319375603941215,
                "acc": 0.842753394379539
            },
            "40-50": {
                "loss": 0.2922334951293423,
                "acc": 0.8557457212713936
            },
            "50-99": {
                "loss": 0.30764746142027144,
                "acc": 0.8578878748370273
            }
        }
    }
}