{
    "forget_x": [
        1,
        0,
        0,
        0,
        0,
        0,
        0,
        0,
        0,
        0,
        0,
        0,
        0,
        1,
        0,
        0,
        0,
        0,
        0,
        0,
        0,
        0,
        1,
        0,
        0,
        0,
        0,
        1,
        0,
        0,
        0,
        0,
        0,
        1,
        0,
        0,
        0,
        1,
        0,
        0,
        0,
        1
    ],
    "forget_y": 0,
    "sample": {
        "age": "26-33",
        "education": " Some-college",
        "education-num": "9-10",
        "relationship": " Not-in-family",
        "race": " Black",
        "gender": " Male",
        "hours-per-week": "1-35",
        "income": "<50k"
    },
    "performance": {
        "age": {
            "17-26": {
                "loss": 0.2950559006645481,
                "acc": 0.8650684931506849
            },
            "26-33": {
                "loss": 0.29360463802066794,
                "acc": 0.8452278589853827
            },
            "33-41": {
                "loss": 0.29247225053730314,
                "acc": 0.8557475582268971
            },
            "41-50": {
                "loss": 0.2960099919278756,
                "acc": 0.861244019138756
            },
            "50-90": {
                "loss": 0.29282545822927897,
                "acc": 0.8563748079877113
            }
        },
        "education": {
            " 10th": {
                "loss": 0.34196081159005864,
                "acc": 0.8524590163934426
            },
            " 11th": {
                "loss": 0.29372271868775507,
                "acc": 0.8622222222222222
            },
            " 12th": {
                "loss": 0.3377093607431732,
                "acc": 0.8367346938775511
            },
            " 1st-4th": {
                "loss": 0.23501470251332374,
                "acc": 0.8695652173913043
            },
            " 5th-6th": {
                "loss": 0.24077846456112384,
                "acc": 0.8709677419354839
            },
            " 7th-8th": {
                "loss": 0.2589209913774762,
                "acc": 0.900709219858156
            },
            " 9th": {
                "loss": 0.28510229187627684,
                "acc": 0.8608695652173913
            },
            " Assoc-acdm": {
                "loss": 0.29713249107991635,
                "acc": 0.8434343434343434
            },
            " Assoc-voc": {
                "loss": 0.29501717265019123,
                "acc": 0.8571428571428571
            },
            " Bachelors": {
                "loss": 0.29801143023050664,
                "acc": 0.8583650190114068
            },
            " Doctorate": {
                "loss": 0.3395839610594157,
                "acc": 0.8311688311688312
            },
            " HS-grad": {
                "loss": 0.2922139298915927,
                "acc": 0.8536468330134357
            },
            " Masters": {
                "loss": 0.2740671677240642,
                "acc": 0.8726287262872628
            },
            " Preschool": {
                "loss": 0.39447773219943805,
                "acc": 0.8
            },
            " Prof-school": {
                "loss": 0.2886141762283946,
                "acc": 0.8620689655172413
            },
            " Some-college": {
                "loss": 0.29382272205944404,
                "acc": 0.8564690026954178
            }
        },
        "education-num": {
            "1-9": {
                "loss": 0.2938826219330923,
                "acc": 0.856511390683441
            },
            "10-13": {
                "loss": 0.29736043727499556,
                "acc": 0.8562048588312541
            },
            "13-16": {
                "loss": 0.28604625326378696,
                "acc": 0.8647686832740213
            },
            "9-10": {
                "loss": 0.29382272205944404,
                "acc": 0.8564690026954178
            }
        },
        "relationship": {
            " Husband": {
                "loss": 0.29861421769538576,
                "acc": 0.8571428571428571
            },
            " Not-in-family": {
                "loss": 0.2813699206161359,
                "acc": 0.8616833431430253
            },
            " Other-relative": {
                "loss": 0.20164290711933144,
                "acc": 0.9269662921348315
            },
            " Own-child": {
                "loss": 0.3132178874447028,
                "acc": 0.844946025515211
            },
            " Unmarried": {
                "loss": 0.2957980987489991,
                "acc": 0.8547008547008547
            },
            " Wife": {
                "loss": 0.30996770774052596,
                "acc": 0.8385093167701864
            }
        },
        "race": {
            " Amer-Indian-Eskimo": {
                "loss": 0.279427741538101,
                "acc": 0.8450704225352113
            },
            " Asian-Pac-Islander": {
                "loss": 0.25243386621280456,
                "acc": 0.9015544041450777
            },
            " Black": {
                "loss": 0.29693291852808484,
                "acc": 0.8595317725752508
            },
            " Other": {
                "loss": 0.29961666322833197,
                "acc": 0.8363636363636363
            },
            " White": {
                "loss": 0.29525759759697534,
                "acc": 0.8557124977650634
            }
        },
        "gender": {
            " Female": {
                "loss": 0.2953715224071961,
                "acc": 0.8564705882352941
            },
            " Male": {
                "loss": 0.2933443935758764,
                "acc": 0.8574686431014823
            }
        },
        "hours-per-week": {
            "1-35": {
                "loss": 0.27542606553835874,
                "acc": 0.8753709198813057
            },
            "35-40": {
                "loss": 0.30513225748087275,
                "acc": 0.8475378787878788
            },
            "40-50": {
                "loss": 0.28504239547871973,
                "acc": 0.8598207008964955
            },
            "50-99": {
                "loss": 0.29504472444328933,
                "acc": 0.8604954367666232
            }
        }
    }
}