{
    "age": {
        "17-26": {
            "loss": 0.445034295270985,
            "acc": 0.7828767123287671
        },
        "26-33": {
            "loss": 1.0351976113855605,
            "acc": 0.7070446735395189
        },
        "33-41": {
            "loss": 1.5711310989794587,
            "acc": 0.6145755071374907
        },
        "41-50": {
            "loss": 1.807075197273101,
            "acc": 0.5845295055821371
        },
        "50-90": {
            "loss": 1.6755594579701896,
            "acc": 0.6167434715821812
        }
    },
    "education": {
        " 10th": {
            "loss": 0.7158880514967776,
            "acc": 0.7103825136612022
        },
        " 11th": {
            "loss": 0.6387936235408456,
            "acc": 0.7422222222222222
        },
        " 12th": {
            "loss": 0.709533671388455,
            "acc": 0.7857142857142857
        },
        " 1st-4th": {
            "loss": 0.2694749164281642,
            "acc": 0.9130434782608695
        },
        " 5th-6th": {
            "loss": 0.5501054439050609,
            "acc": 0.7580645161290323
        },
        " 7th-8th": {
            "loss": 0.4735615096995642,
            "acc": 0.7659574468085106
        },
        " 9th": {
            "loss": 0.44408104961533956,
            "acc": 0.8
        },
        " Assoc-acdm": {
            "loss": 1.0665996801096667,
            "acc": 0.6919191919191919
        },
        " Assoc-voc": {
            "loss": 1.2074298998694868,
            "acc": 0.6813186813186813
        },
        " Bachelors": {
            "loss": 2.0748076221440828,
            "acc": 0.5641025641025641
        },
        " Doctorate": {
            "loss": 3.1506000077173906,
            "acc": 0.37662337662337664
        },
        " HS-grad": {
            "loss": 0.9949598700980768,
            "acc": 0.7053742802303263
        },
        " Masters": {
            "loss": 2.687717342981526,
            "acc": 0.4878048780487805
        },
        " Preschool": {
            "loss": 0.5358292390332233,
            "acc": 0.6
        },
        " Prof-school": {
            "loss": 3.2215222916765636,
            "acc": 0.35344827586206895
        },
        " Some-college": {
            "loss": 0.9963795750338801,
            "acc": 0.6974393530997305
        }
    },
    "education-num": {
        "1-9": {
            "loss": 0.8776847991719684,
            "acc": 0.7201632097925875
        },
        "10-13": {
            "loss": 1.7884432581652283,
            "acc": 0.6017060367454068
        },
        "13-16": {
            "loss": 2.8613175907275843,
            "acc": 0.44483985765124556
        },
        "9-10": {
            "loss": 0.9963795750338801,
            "acc": 0.6974393530997305
        }
    },
    "relationship": {
        " Husband": {
            "loss": 2.1071044796083847,
            "acc": 0.538996138996139
        },
        " Not-in-family": {
            "loss": 0.7280393153989961,
            "acc": 0.7523529411764706
        },
        " Other-relative": {
            "loss": 0.4496573283010205,
            "acc": 0.7640449438202247
        },
        " Own-child": {
            "loss": 0.46976067775576485,
            "acc": 0.7791952894995093
        },
        " Unmarried": {
            "loss": 0.5263035572629962,
            "acc": 0.7777777777777778
        },
        " Wife": {
            "loss": 2.3922006972497316,
            "acc": 0.5248447204968945
        }
    },
    "race": {
        " Amer-Indian-Eskimo": {
            "loss": 0.621793224998672,
            "acc": 0.704225352112676
        },
        " Asian-Pac-Islander": {
            "loss": 1.742060680559559,
            "acc": 0.5906735751295337
        },
        " Black": {
            "loss": 0.8200373186327836,
            "acc": 0.7224080267558528
        },
        " Other": {
            "loss": 0.479389619135878,
            "acc": 0.7636363636363637
        },
        " White": {
            "loss": 1.3400844689363558,
            "acc": 0.6582052198784412
        }
    },
    "gender": {
        " Female": {
            "loss": 0.782501291059536,
            "acc": 0.7431796801505174
        },
        " Male": {
            "loss": 1.5347659179829385,
            "acc": 0.6248574686431014
        }
    },
    "hours-per-week": {
        "1-35": {
            "loss": 0.6469285569463792,
            "acc": 0.7648367952522255
        },
        "35-40": {
            "loss": 1.1074947813960092,
            "acc": 0.6781319028084569
        },
        "40-50": {
            "loss": 2.0129594794956085,
            "acc": 0.582722086389568
        },
        "50-99": {
            "loss": 2.0103446633624156,
            "acc": 0.5541069100391134
        }
    }
}