{
    "forget_x": [
        1,
        0,
        0,
        0,
        0,
        0,
        0,
        0,
        0,
        0,
        0,
        0,
        0,
        0,
        0,
        0,
        0,
        0,
        0,
        0,
        1,
        0,
        0,
        0,
        1,
        0,
        0,
        0,
        1,
        0,
        0,
        0,
        0,
        0,
        0,
        1,
        1,
        0,
        1,
        0,
        0,
        0
    ],
    "forget_y": 0,
    "sample": {
        "age": "17-26",
        "education": " Assoc-voc",
        "education-num": "10-13",
        "relationship": " Other-relative",
        "race": " Black",
        "gender": " Male",
        "hours-per-week": "50-99",
        "income": "<50k"
    },
    "performance": {
        "age": {
            "17-26": {
                "loss": 0.2926056887270825,
                "acc": 0.8588074023303632
            },
            "26-33": {
                "loss": 0.2998805673769072,
                "acc": 0.8462199312714777
            },
            "33-41": {
                "loss": 0.29697896183096195,
                "acc": 0.8572501878287002
            },
            "41-50": {
                "loss": 0.30539467579345325,
                "acc": 0.8556618819776715
            },
            "50-90": {
                "loss": 0.29706605845434786,
                "acc": 0.8548387096774194
            }
        },
        "education": {
            " 10th": {
                "loss": 0.3337919565124373,
                "acc": 0.8579234972677595
            },
            " 11th": {
                "loss": 0.2949407826441081,
                "acc": 0.8711111111111111
            },
            " 12th": {
                "loss": 0.3425845141035162,
                "acc": 0.826530612244898
            },
            " 1st-4th": {
                "loss": 0.23718270261524313,
                "acc": 0.8695652173913043
            },
            " 5th-6th": {
                "loss": 0.2520271201789626,
                "acc": 0.8709677419354839
            },
            " 7th-8th": {
                "loss": 0.2615662437608198,
                "acc": 0.8723404255319149
            },
            " 9th": {
                "loss": 0.2809961577118193,
                "acc": 0.8695652173913043
            },
            " Assoc-acdm": {
                "loss": 0.31521703540637375,
                "acc": 0.8333333333333334
            },
            " Assoc-voc": {
                "loss": 0.29929300805783265,
                "acc": 0.8455882352941176
            },
            " Bachelors": {
                "loss": 0.3044999111658226,
                "acc": 0.8517110266159695
            },
            " Doctorate": {
                "loss": 0.3567000091629521,
                "acc": 0.8311688311688312
            },
            " HS-grad": {
                "loss": 0.295924412573446,
                "acc": 0.8522072936660269
            },
            " Masters": {
                "loss": 0.2807059125915281,
                "acc": 0.8672086720867209
            },
            " Preschool": {
                "loss": 0.39387345291394393,
                "acc": 0.7
            },
            " Prof-school": {
                "loss": 0.291372830520689,
                "acc": 0.8620689655172413
            },
            " Some-college": {
                "loss": 0.296334021898188,
                "acc": 0.8592592592592593
            }
        },
        "education-num": {
            "1-9": {
                "loss": 0.29647751750065526,
                "acc": 0.8548112886773206
            },
            "10-13": {
                "loss": 0.30496358590580686,
                "acc": 0.8482260183968463
            },
            "13-16": {
                "loss": 0.2933196277441658,
                "acc": 0.8612099644128114
            },
            "9-10": {
                "loss": 0.296334021898188,
                "acc": 0.8592592592592593
            }
        },
        "relationship": {
            " Husband": {
                "loss": 0.30335548118020245,
                "acc": 0.8528957528957529
            },
            " Not-in-family": {
                "loss": 0.28445354501415393,
                "acc": 0.8641176470588235
            },
            " Other-relative": {
                "loss": 0.20344470174403237,
                "acc": 0.903954802259887
            },
            " Own-child": {
                "loss": 0.3208808560835926,
                "acc": 0.8390578999018645
            },
            " Unmarried": {
                "loss": 0.29832916294304795,
                "acc": 0.8575498575498576
            },
            " Wife": {
                "loss": 0.30844878976526036,
                "acc": 0.8385093167701864
            }
        },
        "race": {
            " Amer-Indian-Eskimo": {
                "loss": 0.2726136545571341,
                "acc": 0.8591549295774648
            },
            " Asian-Pac-Islander": {
                "loss": 0.27427899414263723,
                "acc": 0.8808290155440415
            },
            " Black": {
                "loss": 0.29942619185477476,
                "acc": 0.8528428093645485
            },
            " Other": {
                "loss": 0.3060468100038622,
                "acc": 0.8727272727272727
            },
            " White": {
                "loss": 0.29909096324095014,
                "acc": 0.8539245485428214
            }
        },
        "gender": {
            " Female": {
                "loss": 0.29833550777527906,
                "acc": 0.8550588235294118
            },
            " Male": {
                "loss": 0.2980692488042472,
                "acc": 0.8547320410490308
            }
        },
        "hours-per-week": {
            "1-35": {
                "loss": 0.2758108497593395,
                "acc": 0.8754633061527057
            },
            "35-40": {
                "loss": 0.309570911759891,
                "acc": 0.8456439393939394
            },
            "40-50": {
                "loss": 0.2895829303149764,
                "acc": 0.8557457212713936
            },
            "50-99": {
                "loss": 0.3040324670390779,
                "acc": 0.8550913838120104
            }
        }
    }
}