{
    "age": {
        "17-26": {
            "loss": 0.4206225638736672,
            "acc": 0.792323509252913
        },
        "26-33": {
            "loss": 0.9191194309861496,
            "acc": 0.7184549356223175
        },
        "33-41": {
            "loss": 1.405096062707439,
            "acc": 0.6130728775356874
        },
        "41-50": {
            "loss": 1.6005265505537491,
            "acc": 0.5909090909090909
        },
        "50-90": {
            "loss": 1.4566430049513928,
            "acc": 0.6182795698924731
        }
    },
    "education": {
        " 10th": {
            "loss": 0.6665324657320273,
            "acc": 0.7103825136612022
        },
        " 11th": {
            "loss": 0.5952723212170189,
            "acc": 0.7511111111111111
        },
        " 12th": {
            "loss": 0.6324600714744772,
            "acc": 0.7755102040816326
        },
        " 1st-4th": {
            "loss": 0.25183141187982855,
            "acc": 0.9130434782608695
        },
        " 5th-6th": {
            "loss": 0.49358855653952405,
            "acc": 0.7741935483870968
        },
        " 7th-8th": {
            "loss": 0.4330514316706853,
            "acc": 0.7943262411347518
        },
        " 9th": {
            "loss": 0.428720737510227,
            "acc": 0.808695652173913
        },
        " Assoc-acdm": {
            "loss": 0.9886746955055753,
            "acc": 0.7070707070707071
        },
        " Assoc-voc": {
            "loss": 1.1525921772338996,
            "acc": 0.6838235294117647
        },
        " Bachelors": {
            "loss": 1.829704561015124,
            "acc": 0.5574548907882241
        },
        " Doctorate": {
            "loss": 2.7475370352076096,
            "acc": 0.37662337662337664
        },
        " HS-grad": {
            "loss": 0.8657513535215966,
            "acc": 0.7154510556621881
        },
        " Masters": {
            "loss": 2.4023673155579206,
            "acc": 0.4932249322493225
        },
        " Preschool": {
            "loss": 0.5128395809189816,
            "acc": 0.7
        },
        " Prof-school": {
            "loss": 2.7658465603109095,
            "acc": 0.3706896551724138
        },
        " Some-college": {
            "loss": 0.895243353917353,
            "acc": 0.701010101010101
        }
    },
    "education-num": {
        "1-9": {
            "loss": 0.7732080131633504,
            "acc": 0.7300238014280857
        },
        "10-13": {
            "loss": 1.5994363523746855,
            "acc": 0.5994747209455022
        },
        "13-16": {
            "loss": 2.5246834379856296,
            "acc": 0.45195729537366547
        },
        "9-10": {
            "loss": 0.895243353917353,
            "acc": 0.701010101010101
        }
    },
    "relationship": {
        " Husband": {
            "loss": 1.8531872955667354,
            "acc": 0.5444015444015444
        },
        " Not-in-family": {
            "loss": 0.6745120879319436,
            "acc": 0.7542621987066431
        },
        " Other-relative": {
            "loss": 0.4278756919811245,
            "acc": 0.7909604519774012
        },
        " Own-child": {
            "loss": 0.4330811063593095,
            "acc": 0.7919528949950932
        },
        " Unmarried": {
            "loss": 0.49574490467778537,
            "acc": 0.782051282051282
        },
        " Wife": {
            "loss": 2.0065157734800563,
            "acc": 0.515527950310559
        }
    },
    "race": {
        " Amer-Indian-Eskimo": {
            "loss": 0.5666901581848114,
            "acc": 0.7183098591549296
        },
        " Asian-Pac-Islander": {
            "loss": 1.5829185589319146,
            "acc": 0.5854922279792746
        },
        " Black": {
            "loss": 0.7474194197669168,
            "acc": 0.7240802675585284
        },
        " Other": {
            "loss": 0.4634947462671843,
            "acc": 0.7818181818181819
        },
        " White": {
            "loss": 1.1869981224392112,
            "acc": 0.6641043975688238
        }
    },
    "gender": {
        " Female": {
            "loss": 0.7015802070978208,
            "acc": 0.7483537158984007
        },
        " Male": {
            "loss": 1.3607058800012033,
            "acc": 0.6303306727480046
        }
    },
    "hours-per-week": {
        "1-35": {
            "loss": 0.5888739965004401,
            "acc": 0.7716827279466272
        },
        "35-40": {
            "loss": 1.0005085968458047,
            "acc": 0.6834963710949826
        },
        "40-50": {
            "loss": 1.7513613685967178,
            "acc": 0.5843520782396088
        },
        "50-99": {
            "loss": 1.755002141179673,
            "acc": 0.5626631853785901
        }
    }
}