{
    "forget_x": [
        0,
        0,
        0,
        0,
        1,
        0,
        0,
        0,
        0,
        0,
        0,
        0,
        0,
        0,
        0,
        0,
        0,
        0,
        0,
        1,
        0,
        0,
        0,
        1,
        0,
        1,
        0,
        0,
        0,
        0,
        0,
        0,
        0,
        0,
        0,
        1,
        0,
        1,
        0,
        0,
        1,
        0
    ],
    "forget_y": 1,
    "sample": {
        "age": "17-26",
        "education": " HS-grad",
        "education-num": "1-9",
        "relationship": " Own-child",
        "race": " Black",
        "gender": " Male",
        "hours-per-week": "35-40",
        "income": "<50k"
    },
    "performance": {
        "age": {
            "17-26": {
                "loss": 0.2923680212351983,
                "acc": 0.8615490061686086
            },
            "26-33": {
                "loss": 0.29458330027946494,
                "acc": 0.8496563573883161
            },
            "33-41": {
                "loss": 0.29276439148728156,
                "acc": 0.8542449286250939
            },
            "41-50": {
                "loss": 0.2936476665784667,
                "acc": 0.861244019138756
            },
            "50-90": {
                "loss": 0.2873600698835017,
                "acc": 0.858678955453149
            }
        },
        "education": {
            " 10th": {
                "loss": 0.33684427947489765,
                "acc": 0.8633879781420765
            },
            " 11th": {
                "loss": 0.30260479526589973,
                "acc": 0.8711111111111111
            },
            " 12th": {
                "loss": 0.34751056244317846,
                "acc": 0.8163265306122449
            },
            " 1st-4th": {
                "loss": 0.2421328766073177,
                "acc": 0.8695652173913043
            },
            " 5th-6th": {
                "loss": 0.25080738144734444,
                "acc": 0.8709677419354839
            },
            " 7th-8th": {
                "loss": 0.2668836809517016,
                "acc": 0.8936170212765957
            },
            " 9th": {
                "loss": 0.2809711357265045,
                "acc": 0.8608695652173913
            },
            " Assoc-acdm": {
                "loss": 0.2925219051197526,
                "acc": 0.8484848484848485
            },
            " Assoc-voc": {
                "loss": 0.29438769998430514,
                "acc": 0.8461538461538461
            },
            " Bachelors": {
                "loss": 0.29678376316007343,
                "acc": 0.8526615969581749
            },
            " Doctorate": {
                "loss": 0.3302734903407133,
                "acc": 0.8441558441558441
            },
            " HS-grad": {
                "loss": 0.29014778593264623,
                "acc": 0.8530964954392702
            },
            " Masters": {
                "loss": 0.26212128691461906,
                "acc": 0.8753387533875339
            },
            " Preschool": {
                "loss": 0.40328915317745617,
                "acc": 0.7
            },
            " Prof-school": {
                "loss": 0.28071232628087334,
                "acc": 0.8620689655172413
            },
            " Some-college": {
                "loss": 0.2916022980218995,
                "acc": 0.8619528619528619
            }
        },
        "education-num": {
            "1-9": {
                "loss": 0.29362474158574253,
                "acc": 0.8561224489795919
            },
            "10-13": {
                "loss": 0.2958001957674477,
                "acc": 0.8509520682862771
            },
            "13-16": {
                "loss": 0.27529616276923613,
                "acc": 0.8683274021352313
            },
            "9-10": {
                "loss": 0.2916022980218995,
                "acc": 0.8619528619528619
            }
        },
        "relationship": {
            " Husband": {
                "loss": 0.2962920023515755,
                "acc": 0.8571428571428571
            },
            " Not-in-family": {
                "loss": 0.28256984971798166,
                "acc": 0.8564705882352941
            },
            " Other-relative": {
                "loss": 0.19628029791355306,
                "acc": 0.9269662921348315
            },
            " Own-child": {
                "loss": 0.31345577614663134,
                "acc": 0.8487229862475442
            },
            " Unmarried": {
                "loss": 0.2871912334109975,
                "acc": 0.8618233618233618
            },
            " Wife": {
                "loss": 0.30464951814653296,
                "acc": 0.8416149068322981
            }
        },
        "race": {
            " Amer-Indian-Eskimo": {
                "loss": 0.2823019986777529,
                "acc": 0.8450704225352113
            },
            " Asian-Pac-Islander": {
                "loss": 0.27059664988383275,
                "acc": 0.8808290155440415
            },
            " Black": {
                "loss": 0.29271646430769727,
                "acc": 0.8545150501672241
            },
            " Other": {
                "loss": 0.2676846488930367,
                "acc": 0.8545454545454545
            },
            " White": {
                "loss": 0.2931290180182207,
                "acc": 0.8569640622206329
            }
        },
        "gender": {
            " Female": {
                "loss": 0.2927557865839202,
                "acc": 0.8569411764705882
            },
            " Male": {
                "loss": 0.2917674453737526,
                "acc": 0.8574686431014823
            }
        },
        "hours-per-week": {
            "1-35": {
                "loss": 0.27058657989072316,
                "acc": 0.8754633061527057
            },
            "35-40": {
                "loss": 0.3054896439298571,
                "acc": 0.8452794442690243
            },
            "40-50": {
                "loss": 0.28265076698142355,
                "acc": 0.8647106764466178
            },
            "50-99": {
                "loss": 0.28968292668851175,
                "acc": 0.863102998696219
            }
        }
    }
}