{
    "age": {
        "17-26": {
            "loss": 0.486775757314222,
            "acc": 0.7635366689513365
        },
        "26-33": {
            "loss": 1.0074184479110329,
            "acc": 0.6824034334763949
        },
        "33-41": {
            "loss": 1.5045340685339315,
            "acc": 0.6100676183320811
        },
        "41-50": {
            "loss": 1.6881889772872003,
            "acc": 0.5717703349282297
        },
        "50-90": {
            "loss": 1.579843090599844,
            "acc": 0.6044546850998463
        }
    },
    "education": {
        " 10th": {
            "loss": 0.7023961167815634,
            "acc": 0.6775956284153005
        },
        " 11th": {
            "loss": 0.6930490318928417,
            "acc": 0.7244444444444444
        },
        " 12th": {
            "loss": 0.6927388640294495,
            "acc": 0.7551020408163265
        },
        " 1st-4th": {
            "loss": 0.31358354075037037,
            "acc": 0.8695652173913043
        },
        " 5th-6th": {
            "loss": 0.5917256847015637,
            "acc": 0.7419354838709677
        },
        " 7th-8th": {
            "loss": 0.5076363746939682,
            "acc": 0.7588652482269503
        },
        " 9th": {
            "loss": 0.47253722831789624,
            "acc": 0.7913043478260869
        },
        " Assoc-acdm": {
            "loss": 1.014521238105621,
            "acc": 0.702020202020202
        },
        " Assoc-voc": {
            "loss": 1.2291787830360776,
            "acc": 0.6556776556776557
        },
        " Bachelors": {
            "loss": 1.947754498215562,
            "acc": 0.5394112060778727
        },
        " Doctorate": {
            "loss": 3.160345164806109,
            "acc": 0.37662337662337664
        },
        " HS-grad": {
            "loss": 0.9790933550952187,
            "acc": 0.6927508401344215
        },
        " Masters": {
            "loss": 2.4481241734690036,
            "acc": 0.4742547425474255
        },
        " Preschool": {
            "loss": 0.5448015836897717,
            "acc": 0.6
        },
        " Prof-school": {
            "loss": 2.7993787820362193,
            "acc": 0.4051724137931034
        },
        " Some-college": {
            "loss": 0.9659183055793483,
            "acc": 0.6828282828282828
        }
    },
    "education-num": {
        "1-9": {
            "loss": 0.873156574387484,
            "acc": 0.7054421768707483
        },
        "10-13": {
            "loss": 1.697786417017556,
            "acc": 0.5813648293963255
        },
        "13-16": {
            "loss": 2.618207004299527,
            "acc": 0.44661921708185054
        },
        "9-10": {
            "loss": 0.9659183055793483,
            "acc": 0.6828282828282828
        }
    },
    "relationship": {
        " Husband": {
            "loss": 1.975258699495512,
            "acc": 0.537065637065637
        },
        " Not-in-family": {
            "loss": 0.7410168974040687,
            "acc": 0.7307466196355086
        },
        " Other-relative": {
            "loss": 0.4851250648981415,
            "acc": 0.7528089887640449
        },
        " Own-child": {
            "loss": 0.5075396404204124,
            "acc": 0.7573673870333988
        },
        " Unmarried": {
            "loss": 0.5570151839362856,
            "acc": 0.7450142450142451
        },
        " Wife": {
            "loss": 2.142502483337942,
            "acc": 0.5062111801242236
        }
    },
    "race": {
        " Amer-Indian-Eskimo": {
            "loss": 0.5993459475235341,
            "acc": 0.676056338028169
        },
        " Asian-Pac-Islander": {
            "loss": 1.7079848537036195,
            "acc": 0.5647668393782384
        },
        " Black": {
            "loss": 0.8220687861005275,
            "acc": 0.7157190635451505
        },
        " Other": {
            "loss": 0.519557211461035,
            "acc": 0.7090909090909091
        },
        " White": {
            "loss": 1.281365825648589,
            "acc": 0.6437254200929567
        }
    },
    "gender": {
        " Female": {
            "loss": 0.7751855846396669,
            "acc": 0.7196613358419567
        },
        " Male": {
            "loss": 1.4623223022786123,
            "acc": 0.6145952109464082
        }
    },
    "hours-per-week": {
        "1-35": {
            "loss": 0.657759223431804,
            "acc": 0.7464788732394366
        },
        "35-40": {
            "loss": 1.0782185595547813,
            "acc": 0.6600378787878788
        },
        "40-50": {
            "loss": 1.8880750570078546,
            "acc": 0.5745721271393643
        },
        "50-99": {
            "loss": 1.8781566680677255,
            "acc": 0.5501955671447197
        }
    }
}