{
    "forget_x": [
        1,
        0,
        0,
        0,
        0,
        0,
        0,
        1,
        0,
        0,
        0,
        0,
        0,
        0,
        0,
        0,
        0,
        0,
        0,
        0,
        0,
        1,
        0,
        0,
        0,
        0,
        0,
        0,
        1,
        0,
        0,
        0,
        0,
        0,
        0,
        1,
        0,
        1,
        1,
        0,
        0,
        0
    ],
    "forget_y": 0,
    "sample": {
        "age": "50-90",
        "education": " Prof-school",
        "education-num": "13-16",
        "relationship": " Husband",
        "race": " White",
        "gender": " Male",
        "hours-per-week": "40-50",
        "income": ">=50k"
    },
    "performance": {
        "age": {
            "17-26": {
                "loss": 0.2940606010343695,
                "acc": 0.8534246575342466
            },
            "26-33": {
                "loss": 0.29793277508977195,
                "acc": 0.8513745704467354
            },
            "33-41": {
                "loss": 0.29436263094822546,
                "acc": 0.8534936138241923
            },
            "41-50": {
                "loss": 0.3017299060474996,
                "acc": 0.8516746411483254
            },
            "50-90": {
                "loss": 0.2942025588508892,
                "acc": 0.8539584934665642
            }
        },
        "education": {
            " 10th": {
                "loss": 0.3430724615352099,
                "acc": 0.8579234972677595
            },
            " 11th": {
                "loss": 0.2918499279960393,
                "acc": 0.8711111111111111
            },
            " 12th": {
                "loss": 0.3593043755553881,
                "acc": 0.8163265306122449
            },
            " 1st-4th": {
                "loss": 0.23731071176105975,
                "acc": 0.8695652173913043
            },
            " 5th-6th": {
                "loss": 0.2572850253600472,
                "acc": 0.8387096774193549
            },
            " 7th-8th": {
                "loss": 0.2669663611579253,
                "acc": 0.8794326241134752
            },
            " 9th": {
                "loss": 0.28259939661805117,
                "acc": 0.8608695652173913
            },
            " Assoc-acdm": {
                "loss": 0.31380325659907665,
                "acc": 0.8383838383838383
            },
            " Assoc-voc": {
                "loss": 0.3008304388982767,
                "acc": 0.8388278388278388
            },
            " Bachelors": {
                "loss": 0.29527134187042586,
                "acc": 0.8583650190114068
            },
            " Doctorate": {
                "loss": 0.3312523785342869,
                "acc": 0.8441558441558441
            },
            " HS-grad": {
                "loss": 0.2956833544503291,
                "acc": 0.8483685220729367
            },
            " Masters": {
                "loss": 0.27799845121630656,
                "acc": 0.8590785907859079
            },
            " Preschool": {
                "loss": 0.38643395756992427,
                "acc": 0.8
            },
            " Prof-school": {
                "loss": 0.2886742035884096,
                "acc": 0.8608695652173913
            },
            " Some-college": {
                "loss": 0.29467699705814226,
                "acc": 0.8545454545454545
            }
        },
        "education-num": {
            "1-9": {
                "loss": 0.29761298156811844,
                "acc": 0.8514110846650799
            },
            "10-13": {
                "loss": 0.2986770888204432,
                "acc": 0.8522652659225214
            },
            "13-16": {
                "loss": 0.2874962478763357,
                "acc": 0.857397504456328
            },
            "9-10": {
                "loss": 0.29467699705814226,
                "acc": 0.8545454545454545
            }
        },
        "relationship": {
            " Husband": {
                "loss": 0.3018152564264884,
                "acc": 0.8474314407106991
            },
            " Not-in-family": {
                "loss": 0.2833068365930358,
                "acc": 0.8652941176470588
            },
            " Other-relative": {
                "loss": 0.20286205460538642,
                "acc": 0.9044943820224719
            },
            " Own-child": {
                "loss": 0.31516559550881923,
                "acc": 0.8370951913640824
            },
            " Unmarried": {
                "loss": 0.30029318653733794,
                "acc": 0.8547008547008547
            },
            " Wife": {
                "loss": 0.30420930175943844,
                "acc": 0.8478260869565217
            }
        },
        "race": {
            " Amer-Indian-Eskimo": {
                "loss": 0.2761269515024071,
                "acc": 0.8450704225352113
            },
            " Asian-Pac-Islander": {
                "loss": 0.26351991202162994,
                "acc": 0.9015544041450777
            },
            " Black": {
                "loss": 0.30196019550574926,
                "acc": 0.8430717863105175
            },
            " Other": {
                "loss": 0.3107386644393862,
                "acc": 0.8181818181818182
            },
            " White": {
                "loss": 0.2969629078194523,
                "acc": 0.8526466380543634
            }
        },
        "gender": {
            " Female": {
                "loss": 0.29623755790010636,
                "acc": 0.8531764705882353
            },
            " Male": {
                "loss": 0.2963605268455209,
                "acc": 0.8526795895096921
            }
        },
        "hours-per-week": {
            "1-35": {
                "loss": 0.2702185080303877,
                "acc": 0.8717568569310601
            },
            "35-40": {
                "loss": 0.30944951382360814,
                "acc": 0.8431186868686869
            },
            "40-50": {
                "loss": 0.2885333285280746,
                "acc": 0.8548123980424144
            },
            "50-99": {
                "loss": 0.3004472397049982,
                "acc": 0.8565840938722294
            }
        }
    }
}