{
    "age": {
        "17-26": {
            "loss": 0.45974123411846174,
            "acc": 0.7835616438356164
        },
        "26-33": {
            "loss": 1.0418156069882494,
            "acc": 0.703862660944206
        },
        "33-41": {
            "loss": 1.590580889427321,
            "acc": 0.6100676183320811
        },
        "41-50": {
            "loss": 1.787325630250764,
            "acc": 0.5861244019138756
        },
        "50-90": {
            "loss": 1.6643201901567648,
            "acc": 0.6149116064565718
        }
    },
    "education": {
        " 10th": {
            "loss": 0.7268112783935993,
            "acc": 0.7049180327868853
        },
        " 11th": {
            "loss": 0.6643870090856991,
            "acc": 0.7288888888888889
        },
        " 12th": {
            "loss": 0.7124618426962821,
            "acc": 0.7755102040816326
        },
        " 1st-4th": {
            "loss": 0.3057304446394717,
            "acc": 0.8695652173913043
        },
        " 5th-6th": {
            "loss": 0.5079258618132481,
            "acc": 0.7419354838709677
        },
        " 7th-8th": {
            "loss": 0.43898174652216915,
            "acc": 0.7659574468085106
        },
        " 9th": {
            "loss": 0.4587124382533924,
            "acc": 0.808695652173913
        },
        " Assoc-acdm": {
            "loss": 1.1155093697459946,
            "acc": 0.7272727272727273
        },
        " Assoc-voc": {
            "loss": 1.2823725148484542,
            "acc": 0.652014652014652
        },
        " Bachelors": {
            "loss": 2.0663085544505315,
            "acc": 0.5669515669515669
        },
        " Doctorate": {
            "loss": 3.167424655602437,
            "acc": 0.37662337662337664
        },
        " HS-grad": {
            "loss": 1.0010448437826667,
            "acc": 0.7034548944337812
        },
        " Masters": {
            "loss": 2.7046023646135025,
            "acc": 0.47696476964769646
        },
        " Preschool": {
            "loss": 0.5399901043395802,
            "acc": 0.5
        },
        " Prof-school": {
            "loss": 2.9643108024697646,
            "acc": 0.3652173913043478
        },
        " Some-college": {
            "loss": 0.9979505489723819,
            "acc": 0.6989898989898989
        }
    },
    "education-num": {
        "1-9": {
            "loss": 0.8830546471876619,
            "acc": 0.7164229853791227
        },
        "10-13": {
            "loss": 1.8023500391074425,
            "acc": 0.6030183727034121
        },
        "13-16": {
            "loss": 2.821364907857025,
            "acc": 0.44028520499108736
        },
        "9-10": {
            "loss": 0.9979505489723819,
            "acc": 0.6989898989898989
        }
    },
    "relationship": {
        " Husband": {
            "loss": 2.0999164896329714,
            "acc": 0.5392043259945926
        },
        " Not-in-family": {
            "loss": 0.7563392152979012,
            "acc": 0.7477954144620811
        },
        " Other-relative": {
            "loss": 0.46816292527470765,
            "acc": 0.7752808988764045
        },
        " Own-child": {
            "loss": 0.47913608840091293,
            "acc": 0.7831207065750736
        },
        " Unmarried": {
            "loss": 0.5284511041467118,
            "acc": 0.7749287749287749
        },
        " Wife": {
            "loss": 2.3069108967035024,
            "acc": 0.5062111801242236
        }
    },
    "race": {
        " Amer-Indian-Eskimo": {
            "loss": 0.6515998322106087,
            "acc": 0.7183098591549296
        },
        " Asian-Pac-Islander": {
            "loss": 1.8250121886701507,
            "acc": 0.5854922279792746
        },
        " Black": {
            "loss": 0.8192121085106516,
            "acc": 0.7228714524207012
        },
        " Other": {
            "loss": 0.4562506292958301,
            "acc": 0.7636363636363637
        },
        " White": {
            "loss": 1.3399418339712157,
            "acc": 0.6565349544072948
        }
    },
    "gender": {
        " Female": {
            "loss": 0.7896081058916257,
            "acc": 0.7408278457196613
        },
        " Male": {
            "loss": 1.5347504269976835,
            "acc": 0.623945267958951
        }
    },
    "hours-per-week": {
        "1-35": {
            "loss": 0.6386126672346769,
            "acc": 0.7702001482579689
        },
        "35-40": {
            "loss": 1.1181025648577667,
            "acc": 0.6733985484379931
        },
        "40-50": {
            "loss": 2.00765376826608,
            "acc": 0.5831973898858075
        },
        "50-99": {
            "loss": 2.0110148885037673,
            "acc": 0.5514993481095176
        }
    }
}