{
    "age": {
        "17-26": {
            "loss": 0.48040943558822397,
            "acc": 0.7655928718300206
        },
        "26-33": {
            "loss": 1.0165866326216069,
            "acc": 0.6909871244635193
        },
        "33-41": {
            "loss": 1.5328514400174698,
            "acc": 0.6048084147257701
        },
        "41-50": {
            "loss": 1.7383514017845911,
            "acc": 0.580542264752791
        },
        "50-90": {
            "loss": 1.5938286502906454,
            "acc": 0.6021505376344086
        }
    },
    "education": {
        " 10th": {
            "loss": 0.7447907915115534,
            "acc": 0.6939890710382514
        },
        " 11th": {
            "loss": 0.6805310121527256,
            "acc": 0.72
        },
        " 12th": {
            "loss": 0.6736915565967267,
            "acc": 0.7628865979381443
        },
        " 1st-4th": {
            "loss": 0.3235417729621297,
            "acc": 0.8695652173913043
        },
        " 5th-6th": {
            "loss": 0.5211665178131953,
            "acc": 0.7258064516129032
        },
        " 7th-8th": {
            "loss": 0.5097618984802038,
            "acc": 0.75177304964539
        },
        " 9th": {
            "loss": 0.49976639140503776,
            "acc": 0.7739130434782608
        },
        " Assoc-acdm": {
            "loss": 1.0101964421095329,
            "acc": 0.6919191919191919
        },
        " Assoc-voc": {
            "loss": 1.2487476787231901,
            "acc": 0.6556776556776557
        },
        " Bachelors": {
            "loss": 2.005610122729963,
            "acc": 0.5565052231718899
        },
        " Doctorate": {
            "loss": 3.1436752101331726,
            "acc": 0.4025974025974026
        },
        " HS-grad": {
            "loss": 0.9844534724300343,
            "acc": 0.6880998080614203
        },
        " Masters": {
            "loss": 2.5646479796728245,
            "acc": 0.4905149051490515
        },
        " Preschool": {
            "loss": 0.5644522571365849,
            "acc": 0.6
        },
        " Prof-school": {
            "loss": 2.736185447059202,
            "acc": 0.3793103448275862
        },
        " Some-college": {
            "loss": 0.9702089978710624,
            "acc": 0.6855218855218855
        }
    },
    "education-num": {
        "1-9": {
            "loss": 0.8779296531517867,
            "acc": 0.7017006802721089
        },
        "10-13": {
            "loss": 1.7407050335064091,
            "acc": 0.5918635170603674
        },
        "13-16": {
            "loss": 2.679387202025612,
            "acc": 0.4555160142348754
        },
        "9-10": {
            "loss": 0.9702089978710624,
            "acc": 0.6855218855218855
        }
    },
    "relationship": {
        " Husband": {
            "loss": 2.0079483075470295,
            "acc": 0.5339768339768339
        },
        " Not-in-family": {
            "loss": 0.7446429441476016,
            "acc": 0.7372134038800705
        },
        " Other-relative": {
            "loss": 0.47746847762104716,
            "acc": 0.7584269662921348
        },
        " Own-child": {
            "loss": 0.5047707151553965,
            "acc": 0.7612966601178782
        },
        " Unmarried": {
            "loss": 0.565443485701835,
            "acc": 0.7535612535612536
        },
        " Wife": {
            "loss": 2.228299851421159,
            "acc": 0.5062111801242236
        }
    },
    "race": {
        " Amer-Indian-Eskimo": {
            "loss": 0.5979001875491444,
            "acc": 0.6901408450704225
        },
        " Asian-Pac-Islander": {
            "loss": 1.8040596107810312,
            "acc": 0.5906735751295337
        },
        " Black": {
            "loss": 0.8222237883234459,
            "acc": 0.7111853088480802
        },
        " Other": {
            "loss": 0.4982626497505321,
            "acc": 0.7272727272727273
        },
        " White": {
            "loss": 1.2998342048217684,
            "acc": 0.6454496692293938
        }
    },
    "gender": {
        " Female": {
            "loss": 0.7926381956424748,
            "acc": 0.7262464722483537
        },
        " Male": {
            "loss": 1.4812713379181335,
            "acc": 0.6145952109464082
        }
    },
    "hours-per-week": {
        "1-35": {
            "loss": 0.6706358691865095,
            "acc": 0.7477744807121661
        },
        "35-40": {
            "loss": 1.095420803496717,
            "acc": 0.6629851688229725
        },
        "40-50": {
            "loss": 1.8960049869007443,
            "acc": 0.5745721271393643
        },
        "50-99": {
            "loss": 1.9279267585856732,
            "acc": 0.5541069100391134
        }
    }
}