{
    "forget_x": [
        0,
        1,
        0,
        0,
        0,
        1,
        0,
        0,
        0,
        0,
        0,
        0,
        0,
        0,
        0,
        0,
        0,
        0,
        0,
        0,
        0,
        1,
        0,
        0,
        0,
        1,
        0,
        0,
        0,
        0,
        0,
        0,
        0,
        0,
        0,
        1,
        0,
        1,
        0,
        1,
        0,
        0
    ],
    "forget_y": 0,
    "sample": {
        "age": "17-26",
        "education": " 12th",
        "education-num": "1-9",
        "relationship": " Own-child",
        "race": " White",
        "gender": " Male",
        "hours-per-week": "1-35",
        "income": "<50k"
    },
    "performance": {
        "age": {
            "17-26": {
                "loss": 0.293660752876924,
                "acc": 0.8636052090472927
            },
            "26-33": {
                "loss": 0.29752393083606077,
                "acc": 0.8462199312714777
            },
            "33-41": {
                "loss": 0.29512751153089173,
                "acc": 0.8549962434259955
            },
            "41-50": {
                "loss": 0.29572535964440516,
                "acc": 0.8604465709728868
            },
            "50-90": {
                "loss": 0.294919119384127,
                "acc": 0.8540706605222734
            }
        },
        "education": {
            " 10th": {
                "loss": 0.3383083176338001,
                "acc": 0.8415300546448088
            },
            " 11th": {
                "loss": 0.29387710955649216,
                "acc": 0.8622222222222222
            },
            " 12th": {
                "loss": 0.35228125853391234,
                "acc": 0.8144329896907216
            },
            " 1st-4th": {
                "loss": 0.2524390597270369,
                "acc": 0.8695652173913043
            },
            " 5th-6th": {
                "loss": 0.2378882114031706,
                "acc": 0.8709677419354839
            },
            " 7th-8th": {
                "loss": 0.2623492576026867,
                "acc": 0.8936170212765957
            },
            " 9th": {
                "loss": 0.283380923996211,
                "acc": 0.8608695652173913
            },
            " Assoc-acdm": {
                "loss": 0.2960844612699126,
                "acc": 0.8535353535353535
            },
            " Assoc-voc": {
                "loss": 0.2890915542395516,
                "acc": 0.8498168498168498
            },
            " Bachelors": {
                "loss": 0.3012653255543608,
                "acc": 0.8621673003802282
            },
            " Doctorate": {
                "loss": 0.3404255547895804,
                "acc": 0.8181818181818182
            },
            " HS-grad": {
                "loss": 0.29448137570301397,
                "acc": 0.8517274472168906
            },
            " Masters": {
                "loss": 0.2721964006563927,
                "acc": 0.8699186991869918
            },
            " Preschool": {
                "loss": 0.3870486395456698,
                "acc": 0.8
            },
            " Prof-school": {
                "loss": 0.2965831219901538,
                "acc": 0.853448275862069
            },
            " Some-college": {
                "loss": 0.29425201219445407,
                "acc": 0.857912457912458
            }
        },
        "education-num": {
            "1-9": {
                "loss": 0.295887396693124,
                "acc": 0.8534013605442177
            },
            "10-13": {
                "loss": 0.29840961268682076,
                "acc": 0.8588312541037426
            },
            "13-16": {
                "loss": 0.286578081337837,
                "acc": 0.8594306049822064
            },
            "9-10": {
                "loss": 0.29425201219445407,
                "acc": 0.857912457912458
            }
        },
        "relationship": {
            " Husband": {
                "loss": 0.29701593275401034,
                "acc": 0.8571428571428571
            },
            " Not-in-family": {
                "loss": 0.2871803760362274,
                "acc": 0.86
            },
            " Other-relative": {
                "loss": 0.20330125256229065,
                "acc": 0.9213483146067416
            },
            " Own-child": {
                "loss": 0.31636033867117425,
                "acc": 0.8457760314341847
            },
            " Unmarried": {
                "loss": 0.29603119805029243,
                "acc": 0.8518518518518519
            },
            " Wife": {
                "loss": 0.30706103220905945,
                "acc": 0.8354037267080745
            }
        },
        "race": {
            " Amer-Indian-Eskimo": {
                "loss": 0.287719579992057,
                "acc": 0.8450704225352113
            },
            " Asian-Pac-Islander": {
                "loss": 0.26324892067650935,
                "acc": 0.8808290155440415
            },
            " Black": {
                "loss": 0.2966435257941522,
                "acc": 0.8514190317195326
            },
            " Other": {
                "loss": 0.3042097087161757,
                "acc": 0.8363636363636363
            },
            " White": {
                "loss": 0.29627177546858946,
                "acc": 0.8562231759656652
            }
        },
        "gender": {
            " Female": {
                "loss": 0.29753414280031615,
                "acc": 0.8550588235294118
            },
            " Male": {
                "loss": 0.2942184384879742,
                "acc": 0.8567844925883694
            }
        },
        "hours-per-week": {
            "1-35": {
                "loss": 0.27160083411447195,
                "acc": 0.8775964391691394
            },
            "35-40": {
                "loss": 0.308175578370366,
                "acc": 0.8472222222222222
            },
            "40-50": {
                "loss": 0.2877407772466433,
                "acc": 0.8557457212713936
            },
            "50-99": {
                "loss": 0.29586938184508527,
                "acc": 0.8565840938722294
            }
        }
    }
}