{
    "age": {
        "17-26": {
            "loss": 0.4610919107050721,
            "acc": 0.7678082191780822
        },
        "26-33": {
            "loss": 1.0038070747578438,
            "acc": 0.6984536082474226
        },
        "33-41": {
            "loss": 1.4855930637351145,
            "acc": 0.6048084147257701
        },
        "41-50": {
            "loss": 1.7245628411399563,
            "acc": 0.5789473684210527
        },
        "50-90": {
            "loss": 1.5892812119311566,
            "acc": 0.6059907834101382
        }
    },
    "education": {
        " 10th": {
            "loss": 0.7049366975926186,
            "acc": 0.6868131868131868
        },
        " 11th": {
            "loss": 0.6453666336455803,
            "acc": 0.7244444444444444
        },
        " 12th": {
            "loss": 0.6470900741316478,
            "acc": 0.7551020408163265
        },
        " 1st-4th": {
            "loss": 0.29546466568927493,
            "acc": 0.8695652173913043
        },
        " 5th-6th": {
            "loss": 0.5194907187332157,
            "acc": 0.7419354838709677
        },
        " 7th-8th": {
            "loss": 0.4773131934900025,
            "acc": 0.7730496453900709
        },
        " 9th": {
            "loss": 0.4707556496455252,
            "acc": 0.7913043478260869
        },
        " Assoc-acdm": {
            "loss": 1.05720914399145,
            "acc": 0.6919191919191919
        },
        " Assoc-voc": {
            "loss": 1.2348129987467666,
            "acc": 0.652014652014652
        },
        " Bachelors": {
            "loss": 1.9817988164930733,
            "acc": 0.553656220322887
        },
        " Doctorate": {
            "loss": 3.010049180826869,
            "acc": 0.38961038961038963
        },
        " HS-grad": {
            "loss": 0.941802026993501,
            "acc": 0.6952975047984645
        },
        " Masters": {
            "loss": 2.5567307796790937,
            "acc": 0.4715447154471545
        },
        " Preschool": {
            "loss": 0.5372115483383034,
            "acc": 0.6
        },
        " Prof-school": {
            "loss": 2.7617352247604523,
            "acc": 0.3706896551724138
        },
        " Some-college": {
            "loss": 0.9808156088696975,
            "acc": 0.6909090909090909
        }
    },
    "education-num": {
        "1-9": {
            "loss": 0.8385886089790774,
            "acc": 0.7085034013605442
        },
        "10-13": {
            "loss": 1.7278645098001209,
            "acc": 0.589238845144357
        },
        "13-16": {
            "loss": 2.6611543250844636,
            "acc": 0.4395017793594306
        },
        "9-10": {
            "loss": 0.9808156088696975,
            "acc": 0.6909090909090909
        }
    },
    "relationship": {
        " Husband": {
            "loss": 1.993332613308607,
            "acc": 0.5349555813055233
        },
        " Not-in-family": {
            "loss": 0.7259328980656251,
            "acc": 0.7360376249265138
        },
        " Other-relative": {
            "loss": 0.4485640263365371,
            "acc": 0.7584269662921348
        },
        " Own-child": {
            "loss": 0.47525310975822593,
            "acc": 0.7654563297350343
        },
        " Unmarried": {
            "loss": 0.5506464186999497,
            "acc": 0.7649572649572649
        },
        " Wife": {
            "loss": 2.1880895536593616,
            "acc": 0.5124223602484472
        }
    },
    "race": {
        " Amer-Indian-Eskimo": {
            "loss": 0.555078363294585,
            "acc": 0.6901408450704225
        },
        " Asian-Pac-Islander": {
            "loss": 1.703486192758629,
            "acc": 0.5803108808290155
        },
        " Black": {
            "loss": 0.8109190444698596,
            "acc": 0.7161936560934892
        },
        " Other": {
            "loss": 0.483879076315016,
            "acc": 0.7454545454545455
        },
        " White": {
            "loss": 1.282005842548132,
            "acc": 0.6477740032183086
        }
    },
    "gender": {
        " Female": {
            "loss": 0.7674745475584683,
            "acc": 0.7304797742238947
        },
        " Male": {
            "loss": 1.4638871254489183,
            "acc": 0.615963511972634
        }
    },
    "hours-per-week": {
        "1-35": {
            "loss": 0.6460606938683194,
            "acc": 0.7568569310600445
        },
        "35-40": {
            "loss": 1.0796151955159679,
            "acc": 0.6654040404040404
        },
        "40-50": {
            "loss": 1.8777433547775102,
            "acc": 0.5770171149144254
        },
        "50-99": {
            "loss": 1.8970639132567018,
            "acc": 0.5436766623207301
        }
    }
}