{
    "forget_x": [
        0,
        0,
        1,
        0,
        0,
        0,
        0,
        0,
        0,
        0,
        0,
        0,
        0,
        0,
        0,
        0,
        1,
        0,
        0,
        0,
        0,
        1,
        0,
        0,
        0,
        1,
        0,
        0,
        0,
        0,
        0,
        0,
        0,
        0,
        0,
        1,
        0,
        1,
        0,
        1,
        0,
        0
    ],
    "forget_y": 0,
    "sample": {
        "age": "26-33",
        "education": " 10th",
        "education-num": "1-9",
        "relationship": " Husband",
        "race": " White",
        "gender": " Male",
        "hours-per-week": "35-40",
        "income": "<50k"
    },
    "performance": {
        "age": {
            "17-26": {
                "loss": 0.29316764471051443,
                "acc": 0.863013698630137
            },
            "26-33": {
                "loss": 0.2961627415235437,
                "acc": 0.8460877042132416
            },
            "33-41": {
                "loss": 0.29728761245648444,
                "acc": 0.8512396694214877
            },
            "41-50": {
                "loss": 0.2965870801054415,
                "acc": 0.861244019138756
            },
            "50-90": {
                "loss": 0.29338711555057756,
                "acc": 0.8533026113671275
            }
        },
        "education": {
            " 10th": {
                "loss": 0.3396423353010949,
                "acc": 0.8516483516483516
            },
            " 11th": {
                "loss": 0.2984059643216256,
                "acc": 0.8622222222222222
            },
            " 12th": {
                "loss": 0.3610203689418249,
                "acc": 0.8061224489795918
            },
            " 1st-4th": {
                "loss": 0.2230531516776562,
                "acc": 0.8695652173913043
            },
            " 5th-6th": {
                "loss": 0.2510316955845764,
                "acc": 0.8548387096774194
            },
            " 7th-8th": {
                "loss": 0.2653075649210277,
                "acc": 0.8936170212765957
            },
            " 9th": {
                "loss": 0.2767897416803131,
                "acc": 0.8608695652173913
            },
            " Assoc-acdm": {
                "loss": 0.2920910881746506,
                "acc": 0.8383838383838383
            },
            " Assoc-voc": {
                "loss": 0.2922583659839214,
                "acc": 0.8461538461538461
            },
            " Bachelors": {
                "loss": 0.2962873347094296,
                "acc": 0.8574144486692015
            },
            " Doctorate": {
                "loss": 0.35101177333585415,
                "acc": 0.8311688311688312
            },
            " HS-grad": {
                "loss": 0.29452034015107315,
                "acc": 0.8488483685220729
            },
            " Masters": {
                "loss": 0.26600045903374464,
                "acc": 0.8780487804878049
            },
            " Preschool": {
                "loss": 0.3910562799111222,
                "acc": 0.8
            },
            " Prof-school": {
                "loss": 0.2856871452825166,
                "acc": 0.853448275862069
            },
            " Some-college": {
                "loss": 0.2979561381070378,
                "acc": 0.8612794612794613
            }
        },
        "education-num": {
            "1-9": {
                "loss": 0.2965852276834495,
                "acc": 0.851360544217687
            },
            "10-13": {
                "loss": 0.29501959651116927,
                "acc": 0.8529218647406435
            },
            "13-16": {
                "loss": 0.2817113608239939,
                "acc": 0.8665480427046264
            },
            "9-10": {
                "loss": 0.2979561381070378,
                "acc": 0.8612794612794613
            }
        },
        "relationship": {
            " Husband": {
                "loss": 0.29832461366829793,
                "acc": 0.8536114329857087
            },
            " Not-in-family": {
                "loss": 0.2853248253011808,
                "acc": 0.86
            },
            " Other-relative": {
                "loss": 0.19682422606875266,
                "acc": 0.9213483146067416
            },
            " Own-child": {
                "loss": 0.314657986053754,
                "acc": 0.8508341511285574
            },
            " Unmarried": {
                "loss": 0.30081877527532935,
                "acc": 0.8518518518518519
            },
            " Wife": {
                "loss": 0.3037312319141744,
                "acc": 0.8291925465838509
            }
        },
        "race": {
            " Amer-Indian-Eskimo": {
                "loss": 0.28694866615235004,
                "acc": 0.8169014084507042
            },
            " Asian-Pac-Islander": {
                "loss": 0.25518504093898303,
                "acc": 0.8963730569948186
            },
            " Black": {
                "loss": 0.29902111900680645,
                "acc": 0.8530884808013356
            },
            " Other": {
                "loss": 0.27373472878577815,
                "acc": 0.8363636363636363
            },
            " White": {
                "loss": 0.29654308586937467,
                "acc": 0.8547925608011445
            }
        },
        "gender": {
            " Female": {
                "loss": 0.2967568512388341,
                "acc": 0.8531764705882353
            },
            " Male": {
                "loss": 0.29451624991228414,
                "acc": 0.8563283922462942
            }
        },
        "hours-per-week": {
            "1-35": {
                "loss": 0.2732280436071633,
                "acc": 0.8724981467753892
            },
            "35-40": {
                "loss": 0.30845950416614637,
                "acc": 0.8452794442690243
            },
            "40-50": {
                "loss": 0.285689604921822,
                "acc": 0.8606356968215159
            },
            "50-99": {
                "loss": 0.2947132190202941,
                "acc": 0.8578878748370273
            }
        }
    }
}