{
    "forget_x": [
        0,
        0,
        0,
        1,
        0,
        0,
        0,
        0,
        0,
        0,
        0,
        0,
        0,
        0,
        0,
        0,
        1,
        0,
        0,
        0,
        0,
        1,
        0,
        0,
        0,
        0,
        1,
        0,
        0,
        0,
        0,
        0,
        0,
        0,
        0,
        1,
        1,
        0,
        0,
        1,
        0,
        0
    ],
    "forget_y": 0,
    "sample": {
        "age": "50-90",
        "education": " Masters",
        "education-num": "13-16",
        "relationship": " Not-in-family",
        "race": " White",
        "gender": " Female",
        "hours-per-week": "35-40",
        "income": "<50k"
    },
    "performance": {
        "age": {
            "17-26": {
                "loss": 0.2955451700858255,
                "acc": 0.8595890410958904
            },
            "26-33": {
                "loss": 0.2976790161878205,
                "acc": 0.8487972508591065
            },
            "33-41": {
                "loss": 0.2979215260141133,
                "acc": 0.8527422990232908
            },
            "41-50": {
                "loss": 0.29697473949277087,
                "acc": 0.861244019138756
            },
            "50-90": {
                "loss": 0.2953358996522405,
                "acc": 0.8547271329746349
            }
        },
        "education": {
            " 10th": {
                "loss": 0.3395583136285097,
                "acc": 0.8469945355191257
            },
            " 11th": {
                "loss": 0.2997402338711872,
                "acc": 0.8577777777777778
            },
            " 12th": {
                "loss": 0.3516987538441285,
                "acc": 0.8163265306122449
            },
            " 1st-4th": {
                "loss": 0.2420150354321731,
                "acc": 0.8695652173913043
            },
            " 5th-6th": {
                "loss": 0.24302727089542908,
                "acc": 0.8709677419354839
            },
            " 7th-8th": {
                "loss": 0.2607095720822433,
                "acc": 0.8794326241134752
            },
            " 9th": {
                "loss": 0.280612418148413,
                "acc": 0.8608695652173913
            },
            " Assoc-acdm": {
                "loss": 0.3010666030515145,
                "acc": 0.8434343434343434
            },
            " Assoc-voc": {
                "loss": 0.2902037929872409,
                "acc": 0.8498168498168498
            },
            " Bachelors": {
                "loss": 0.29816349392621366,
                "acc": 0.8621673003802282
            },
            " Doctorate": {
                "loss": 0.34202629804397,
                "acc": 0.8441558441558441
            },
            " HS-grad": {
                "loss": 0.29392176929262537,
                "acc": 0.8507677543186181
            },
            " Masters": {
                "loss": 0.2763892812482878,
                "acc": 0.875
            },
            " Preschool": {
                "loss": 0.3658639423508542,
                "acc": 0.8
            },
            " Prof-school": {
                "loss": 0.3053793370690344,
                "acc": 0.853448275862069
            },
            " Some-college": {
                "loss": 0.2998564162512696,
                "acc": 0.8565656565656565
            }
        },
        "education-num": {
            "1-9": {
                "loss": 0.29578487687256655,
                "acc": 0.8520911254675281
            },
            "10-13": {
                "loss": 0.2971141290217294,
                "acc": 0.8575180564674983
            },
            "13-16": {
                "loss": 0.29139266229726124,
                "acc": 0.8663101604278075
            },
            "9-10": {
                "loss": 0.2998564162512696,
                "acc": 0.8565656565656565
            }
        },
        "relationship": {
            " Husband": {
                "loss": 0.29868134791101053,
                "acc": 0.8571428571428571
            },
            " Not-in-family": {
                "loss": 0.28448050616033926,
                "acc": 0.8616833431430253
            },
            " Other-relative": {
                "loss": 0.2081763023252698,
                "acc": 0.9269662921348315
            },
            " Own-child": {
                "loss": 0.3206281292342827,
                "acc": 0.8410206084396468
            },
            " Unmarried": {
                "loss": 0.29780606414954486,
                "acc": 0.8504273504273504
            },
            " Wife": {
                "loss": 0.3149497809678997,
                "acc": 0.8291925465838509
            }
        },
        "race": {
            " Amer-Indian-Eskimo": {
                "loss": 0.2706087018882464,
                "acc": 0.8450704225352113
            },
            " Asian-Pac-Islander": {
                "loss": 0.26137011590209025,
                "acc": 0.8808290155440415
            },
            " Black": {
                "loss": 0.29644456355586557,
                "acc": 0.8564273789649416
            },
            " Other": {
                "loss": 0.3039915849020107,
                "acc": 0.8363636363636363
            },
            " White": {
                "loss": 0.29814354830498474,
                "acc": 0.8549713876967096
            }
        },
        "gender": {
            " Female": {
                "loss": 0.30215550209303305,
                "acc": 0.85075329566855
            },
            " Male": {
                "loss": 0.2939780931642983,
                "acc": 0.8579571363429093
            }
        },
        "hours-per-week": {
            "1-35": {
                "loss": 0.27527456443101844,
                "acc": 0.8702742772424018
            },
            "35-40": {
                "loss": 0.3087034712119329,
                "acc": 0.8462267129775813
            },
            "40-50": {
                "loss": 0.2856767881147554,
                "acc": 0.863080684596577
            },
            "50-99": {
                "loss": 0.30199674485237277,
                "acc": 0.8565840938722294
            }
        }
    }
}