{
    "age": {
        "17-26": {
            "loss": 0.41882477766191145,
            "acc": 0.797945205479452
        },
        "26-33": {
            "loss": 0.9654541659364353,
            "acc": 0.711587982832618
        },
        "33-41": {
            "loss": 1.4714558749318112,
            "acc": 0.6205860255447032
        },
        "41-50": {
            "loss": 1.687370675515852,
            "acc": 0.5877192982456141
        },
        "50-90": {
            "loss": 1.505376091795892,
            "acc": 0.6164488854727133
        }
    },
    "education": {
        " 10th": {
            "loss": 0.6220295191569828,
            "acc": 0.7213114754098361
        },
        " 11th": {
            "loss": 0.603979485556065,
            "acc": 0.7377777777777778
        },
        " 12th": {
            "loss": 0.6182334251590242,
            "acc": 0.7959183673469388
        },
        " 1st-4th": {
            "loss": 0.2656628069344479,
            "acc": 0.8695652173913043
        },
        " 5th-6th": {
            "loss": 0.49950007005502867,
            "acc": 0.7741935483870968
        },
        " 7th-8th": {
            "loss": 0.40785156874339495,
            "acc": 0.7943262411347518
        },
        " 9th": {
            "loss": 0.4160392751494011,
            "acc": 0.8
        },
        " Assoc-acdm": {
            "loss": 1.0519884777828479,
            "acc": 0.696969696969697
        },
        " Assoc-voc": {
            "loss": 1.1773047131867864,
            "acc": 0.673992673992674
        },
        " Bachelors": {
            "loss": 1.9462085869275523,
            "acc": 0.5565052231718899
        },
        " Doctorate": {
            "loss": 2.8972799744950732,
            "acc": 0.38961038961038963
        },
        " HS-grad": {
            "loss": 0.9049964601971104,
            "acc": 0.7164107485604606
        },
        " Masters": {
            "loss": 2.495929492702422,
            "acc": 0.4891304347826087
        },
        " Preschool": {
            "loss": 0.44924742560399455,
            "acc": 0.7
        },
        " Prof-school": {
            "loss": 2.742613724480524,
            "acc": 0.3793103448275862
        },
        " Some-college": {
            "loss": 0.9341159758031671,
            "acc": 0.7063973063973064
        }
    },
    "education-num": {
        "1-9": {
            "loss": 0.7967526677885568,
            "acc": 0.7303638218293098
        },
        "10-13": {
            "loss": 1.6922936662307808,
            "acc": 0.5958005249343832
        },
        "13-16": {
            "loss": 2.6020246049738907,
            "acc": 0.45276292335115864
        },
        "9-10": {
            "loss": 0.9341159758031671,
            "acc": 0.7063973063973064
        }
    },
    "relationship": {
        " Husband": {
            "loss": 1.9593601130916285,
            "acc": 0.538996138996139
        },
        " Not-in-family": {
            "loss": 0.6805121295016305,
            "acc": 0.7629411764705882
        },
        " Other-relative": {
            "loss": 0.41262318001600523,
            "acc": 0.8033707865168539
        },
        " Own-child": {
            "loss": 0.42262725457629563,
            "acc": 0.7929342492639843
        },
        " Unmarried": {
            "loss": 0.5062783069097643,
            "acc": 0.7849002849002849
        },
        " Wife": {
            "loss": 2.1058335024630237,
            "acc": 0.5093167701863354
        }
    },
    "race": {
        " Amer-Indian-Eskimo": {
            "loss": 0.5726516028702003,
            "acc": 0.676056338028169
        },
        " Asian-Pac-Islander": {
            "loss": 1.6711178723667572,
            "acc": 0.6010362694300518
        },
        " Black": {
            "loss": 0.759717439159015,
            "acc": 0.7495826377295493
        },
        " Other": {
            "loss": 0.4254693308254791,
            "acc": 0.7454545454545455
        },
        " White": {
            "loss": 1.2386103340493002,
            "acc": 0.6624351868406937
        }
    },
    "gender": {
        " Female": {
            "loss": 0.7179934512226882,
            "acc": 0.7510588235294118
        },
        " Male": {
            "loss": 1.42349910782301,
            "acc": 0.6299589603283173
        }
    },
    "hours-per-week": {
        "1-35": {
            "loss": 0.592605381262214,
            "acc": 0.7768717568569311
        },
        "35-40": {
            "loss": 1.0394300440780968,
            "acc": 0.6843434343434344
        },
        "40-50": {
            "loss": 1.8241402693905984,
            "acc": 0.5851670741646292
        },
        "50-99": {
            "loss": 1.8756766900332797,
            "acc": 0.5541069100391134
        }
    }
}