{
    "forget_x": [
        1,
        0,
        0,
        0,
        0,
        1,
        0,
        0,
        0,
        0,
        0,
        0,
        0,
        0,
        0,
        0,
        0,
        0,
        0,
        0,
        0,
        1,
        0,
        0,
        0,
        0,
        0,
        0,
        1,
        0,
        0,
        0,
        0,
        0,
        0,
        1,
        0,
        1,
        1,
        0,
        0,
        0
    ],
    "forget_y": 0,
    "sample": {
        "age": "33-41",
        "education": " Masters",
        "education-num": "13-16",
        "relationship": " Husband",
        "race": " White",
        "gender": " Male",
        "hours-per-week": "40-50",
        "income": ">=50k"
    },
    "performance": {
        "age": {
            "17-26": {
                "loss": 0.2987592014009607,
                "acc": 0.8541095890410959
            },
            "26-33": {
                "loss": 0.3004160380200565,
                "acc": 0.8436426116838488
            },
            "33-41": {
                "loss": 0.30190375224162547,
                "acc": 0.8511278195488722
            },
            "41-50": {
                "loss": 0.3073970904109765,
                "acc": 0.8564593301435407
            },
            "50-90": {
                "loss": 0.2953459899660095,
                "acc": 0.8525345622119815
            }
        },
        "education": {
            " 10th": {
                "loss": 0.3350310587791903,
                "acc": 0.8524590163934426
            },
            " 11th": {
                "loss": 0.2981997307159472,
                "acc": 0.8711111111111111
            },
            " 12th": {
                "loss": 0.3632445641488192,
                "acc": 0.8469387755102041
            },
            " 1st-4th": {
                "loss": 0.23456345038947043,
                "acc": 0.8695652173913043
            },
            " 5th-6th": {
                "loss": 0.2468872986350548,
                "acc": 0.8548387096774194
            },
            " 7th-8th": {
                "loss": 0.2681497040824757,
                "acc": 0.8723404255319149
            },
            " 9th": {
                "loss": 0.27182574246643104,
                "acc": 0.8695652173913043
            },
            " Assoc-acdm": {
                "loss": 0.3177189681415551,
                "acc": 0.8333333333333334
            },
            " Assoc-voc": {
                "loss": 0.3003163329906558,
                "acc": 0.8498168498168498
            },
            " Bachelors": {
                "loss": 0.3070329800443342,
                "acc": 0.8460076045627376
            },
            " Doctorate": {
                "loss": 0.3361217277019105,
                "acc": 0.8441558441558441
            },
            " HS-grad": {
                "loss": 0.29951406691435706,
                "acc": 0.8493282149712092
            },
            " Masters": {
                "loss": 0.2909548865582339,
                "acc": 0.8614130434782609
            },
            " Preschool": {
                "loss": 0.4093113210764015,
                "acc": 0.7
            },
            " Prof-school": {
                "loss": 0.275251624665282,
                "acc": 0.8620689655172413
            },
            " Some-college": {
                "loss": 0.2980408714426298,
                "acc": 0.8538720538720539
            }
        },
        "education-num": {
            "1-9": {
                "loss": 0.2999167152832867,
                "acc": 0.8527711662699762
            },
            "10-13": {
                "loss": 0.3072182597538522,
                "acc": 0.845042678923178
            },
            "13-16": {
                "loss": 0.29390723662682716,
                "acc": 0.8591800356506238
            },
            "9-10": {
                "loss": 0.2980408714426298,
                "acc": 0.8538720538720539
            }
        },
        "relationship": {
            " Husband": {
                "loss": 0.3055857704955446,
                "acc": 0.8485901892622634
            },
            " Not-in-family": {
                "loss": 0.28695786801123785,
                "acc": 0.86
            },
            " Other-relative": {
                "loss": 0.18857558870114463,
                "acc": 0.9269662921348315
            },
            " Own-child": {
                "loss": 0.3204278326508735,
                "acc": 0.830225711481845
            },
            " Unmarried": {
                "loss": 0.30985647548164036,
                "acc": 0.8589743589743589
            },
            " Wife": {
                "loss": 0.3131351727111641,
                "acc": 0.84472049689441
            }
        },
        "race": {
            " Amer-Indian-Eskimo": {
                "loss": 0.2851054975984026,
                "acc": 0.8169014084507042
            },
            " Asian-Pac-Islander": {
                "loss": 0.26671699850469405,
                "acc": 0.8756476683937824
            },
            " Black": {
                "loss": 0.307607596852761,
                "acc": 0.8464106844741235
            },
            " Other": {
                "loss": 0.28649267694491765,
                "acc": 0.8545454545454545
            },
            " White": {
                "loss": 0.3014463884666574,
                "acc": 0.851931330472103
            }
        },
        "gender": {
            " Female": {
                "loss": 0.3030812148970767,
                "acc": 0.8508235294117648
            },
            " Male": {
                "loss": 0.299515060760988,
                "acc": 0.8522234891676169
            }
        },
        "hours-per-week": {
            "1-35": {
                "loss": 0.27977143442394603,
                "acc": 0.8665678280207562
            },
            "35-40": {
                "loss": 0.3116719840754877,
                "acc": 0.84375
            },
            "40-50": {
                "loss": 0.29377416479900953,
                "acc": 0.8523654159869495
            },
            "50-99": {
                "loss": 0.30308407621980016,
                "acc": 0.8578878748370273
            }
        }
    }
}