{
    "age": {
        "17-26": {
            "loss": 0.4791255450402854,
            "acc": 0.7705479452054794
        },
        "26-33": {
            "loss": 0.9937448792238802,
            "acc": 0.7012875536480687
        },
        "33-41": {
            "loss": 1.474342778548199,
            "acc": 0.6030075187969924
        },
        "41-50": {
            "loss": 1.6715153792820663,
            "acc": 0.5829346092503987
        },
        "50-90": {
            "loss": 1.5415256958823527,
            "acc": 0.6075268817204301
        }
    },
    "education": {
        " 10th": {
            "loss": 0.695363391168205,
            "acc": 0.6830601092896175
        },
        " 11th": {
            "loss": 0.6911865282450066,
            "acc": 0.7155555555555555
        },
        " 12th": {
            "loss": 0.6501349161805141,
            "acc": 0.7551020408163265
        },
        " 1st-4th": {
            "loss": 0.3013889512725731,
            "acc": 0.8695652173913043
        },
        " 5th-6th": {
            "loss": 0.5239392951876268,
            "acc": 0.7419354838709677
        },
        " 7th-8th": {
            "loss": 0.4824023508980804,
            "acc": 0.7588652482269503
        },
        " 9th": {
            "loss": 0.4613623030952218,
            "acc": 0.7913043478260869
        },
        " Assoc-acdm": {
            "loss": 1.02477245116474,
            "acc": 0.696969696969697
        },
        " Assoc-voc": {
            "loss": 1.227483835144866,
            "acc": 0.663003663003663
        },
        " Bachelors": {
            "loss": 1.9212964075019114,
            "acc": 0.553656220322887
        },
        " Doctorate": {
            "loss": 2.9567669249401543,
            "acc": 0.4025974025974026
        },
        " HS-grad": {
            "loss": 0.9648798765430141,
            "acc": 0.7010556621880998
        },
        " Masters": {
            "loss": 2.3978013102684166,
            "acc": 0.47554347826086957
        },
        " Preschool": {
            "loss": 0.537784777496688,
            "acc": 0.6
        },
        " Prof-school": {
            "loss": 2.5752950116447515,
            "acc": 0.3793103448275862
        },
        " Some-college": {
            "loss": 0.9617297176962583,
            "acc": 0.6888888888888889
        }
    },
    "education-num": {
        "1-9": {
            "loss": 0.8579261408462058,
            "acc": 0.7109826589595376
        },
        "10-13": {
            "loss": 1.680533562614618,
            "acc": 0.5918635170603674
        },
        "13-16": {
            "loss": 2.5112230958109776,
            "acc": 0.44563279857397503
        },
        "9-10": {
            "loss": 0.9617297176962583,
            "acc": 0.6888888888888889
        }
    },
    "relationship": {
        " Husband": {
            "loss": 1.9399382865012988,
            "acc": 0.5349555813055233
        },
        " Not-in-family": {
            "loss": 0.7345801361819545,
            "acc": 0.7407407407407407
        },
        " Other-relative": {
            "loss": 0.45359202845838115,
            "acc": 0.7584269662921348
        },
        " Own-child": {
            "loss": 0.49155210547460343,
            "acc": 0.7664376840039254
        },
        " Unmarried": {
            "loss": 0.556885255498809,
            "acc": 0.7663817663817664
        },
        " Wife": {
            "loss": 2.101469738759464,
            "acc": 0.5186335403726708
        }
    },
    "race": {
        " Amer-Indian-Eskimo": {
            "loss": 0.6199095586200225,
            "acc": 0.6901408450704225
        },
        " Asian-Pac-Islander": {
            "loss": 1.7045761794129475,
            "acc": 0.5751295336787565
        },
        " Black": {
            "loss": 0.7972188177107719,
            "acc": 0.7195325542570952
        },
        " Other": {
            "loss": 0.518493778348189,
            "acc": 0.7636363636363637
        },
        " White": {
            "loss": 1.259111515515058,
            "acc": 0.6495619524405507
        }
    },
    "gender": {
        " Female": {
            "loss": 0.7614903279477155,
            "acc": 0.7328316086547507
        },
        " Male": {
            "loss": 1.4372474982817496,
            "acc": 0.6175598631698974
        }
    },
    "hours-per-week": {
        "1-35": {
            "loss": 0.6434376943902984,
            "acc": 0.7538917716827279
        },
        "35-40": {
            "loss": 1.0708747641774152,
            "acc": 0.6689807510255601
        },
        "40-50": {
            "loss": 1.8364283507864656,
            "acc": 0.5758564437194127
        },
        "50-99": {
            "loss": 1.8359817232168631,
            "acc": 0.5514993481095176
        }
    }
}