{
    "age": {
        "17-26": {
            "loss": 0.43623993490518154,
            "acc": 0.8053461274845785
        },
        "26-33": {
            "loss": 0.9485519635345021,
            "acc": 0.7201716738197425
        },
        "33-41": {
            "loss": 1.4295135015390084,
            "acc": 0.6190833959429001
        },
        "41-50": {
            "loss": 1.6360806653258122,
            "acc": 0.5940988835725678
        },
        "50-90": {
            "loss": 1.4775553741565153,
            "acc": 0.6236559139784946
        }
    },
    "education": {
        " 10th": {
            "loss": 0.6632780487017265,
            "acc": 0.7197802197802198
        },
        " 11th": {
            "loss": 0.6218491006211448,
            "acc": 0.7466666666666667
        },
        " 12th": {
            "loss": 0.6019616307150026,
            "acc": 0.7653061224489796
        },
        " 1st-4th": {
            "loss": 0.2826857846593271,
            "acc": 0.9130434782608695
        },
        " 5th-6th": {
            "loss": 0.5459891766193858,
            "acc": 0.7580645161290323
        },
        " 7th-8th": {
            "loss": 0.4719885803206197,
            "acc": 0.7730496453900709
        },
        " 9th": {
            "loss": 0.4300813054564076,
            "acc": 0.8173913043478261
        },
        " Assoc-acdm": {
            "loss": 0.9746161926507231,
            "acc": 0.7272727272727273
        },
        " Assoc-voc": {
            "loss": 1.123942111403241,
            "acc": 0.684981684981685
        },
        " Bachelors": {
            "loss": 1.8583523081956232,
            "acc": 0.5650522317188984
        },
        " Doctorate": {
            "loss": 2.8066536980161145,
            "acc": 0.38961038961038963
        },
        " HS-grad": {
            "loss": 0.9118401296534032,
            "acc": 0.7212092130518234
        },
        " Masters": {
            "loss": 2.408911010733702,
            "acc": 0.5013550135501355
        },
        " Preschool": {
            "loss": 0.4894061839000237,
            "acc": 0.6
        },
        " Prof-school": {
            "loss": 2.723956397209121,
            "acc": 0.3620689655172414
        },
        " Some-college": {
            "loss": 0.9163976938656391,
            "acc": 0.7124579124579125
        }
    },
    "education-num": {
        "1-9": {
            "loss": 0.8099172198301013,
            "acc": 0.7326530612244898
        },
        "10-13": {
            "loss": 1.611978466593123,
            "acc": 0.6076115485564304
        },
        "13-16": {
            "loss": 2.528433166875862,
            "acc": 0.45729537366548045
        },
        "9-10": {
            "loss": 0.9163976938656391,
            "acc": 0.7124579124579125
        }
    },
    "relationship": {
        " Husband": {
            "loss": 1.8860438571372644,
            "acc": 0.5467181467181467
        },
        " Not-in-family": {
            "loss": 0.6855426612186132,
            "acc": 0.763668430335097
        },
        " Other-relative": {
            "loss": 0.43851683183025303,
            "acc": 0.7808988764044944
        },
        " Own-child": {
            "loss": 0.45262528572229394,
            "acc": 0.8074656188605108
        },
        " Unmarried": {
            "loss": 0.5193007511708917,
            "acc": 0.7877492877492878
        },
        " Wife": {
            "loss": 2.066156843452506,
            "acc": 0.515527950310559
        }
    },
    "race": {
        " Amer-Indian-Eskimo": {
            "loss": 0.5978455766819929,
            "acc": 0.704225352112676
        },
        " Asian-Pac-Islander": {
            "loss": 1.629156556577628,
            "acc": 0.5906735751295337
        },
        " Black": {
            "loss": 0.7566098353423748,
            "acc": 0.7345575959933222
        },
        " Other": {
            "loss": 0.46475764450681306,
            "acc": 0.7818181818181819
        },
        " White": {
            "loss": 1.212944146501211,
            "acc": 0.6701233684963347
        }
    },
    "gender": {
        " Female": {
            "loss": 0.7283326134754982,
            "acc": 0.7563499529633114
        },
        " Male": {
            "loss": 1.3845397236748513,
            "acc": 0.63557582668187
        }
    },
    "hours-per-week": {
        "1-35": {
            "loss": 0.5998747740439695,
            "acc": 0.787833827893175
        },
        "35-40": {
            "loss": 1.0206232545200231,
            "acc": 0.6891763963395393
        },
        "40-50": {
            "loss": 1.7692704816927711,
            "acc": 0.589242053789731
        },
        "50-99": {
            "loss": 1.8328039824522515,
            "acc": 0.5554106910039114
        }
    }
}