{
    "forget_x": [
        0,
        0,
        0,
        1,
        0,
        0,
        0,
        0,
        0,
        0,
        0,
        0,
        0,
        0,
        0,
        0,
        0,
        0,
        0,
        0,
        1,
        0,
        0,
        0,
        1,
        1,
        0,
        0,
        0,
        0,
        0,
        0,
        0,
        0,
        0,
        1,
        0,
        1,
        0,
        1,
        0,
        0
    ],
    "forget_y": 0,
    "sample": {
        "age": "17-26",
        "education": " 10th",
        "education-num": "1-9",
        "relationship": " Own-child",
        "race": " White",
        "gender": " Male",
        "hours-per-week": "1-35",
        "income": "<50k"
    },
    "performance": {
        "age": {
            "17-26": {
                "loss": 0.2971900028221216,
                "acc": 0.8608636052090473
            },
            "26-33": {
                "loss": 0.293713668156209,
                "acc": 0.8530927835051546
            },
            "33-41": {
                "loss": 0.29317930197993713,
                "acc": 0.8549962434259955
            },
            "41-50": {
                "loss": 0.2987598729933808,
                "acc": 0.8604465709728868
            },
            "50-90": {
                "loss": 0.28847659007806936,
                "acc": 0.8571428571428571
            }
        },
        "education": {
            " 10th": {
                "loss": 0.32194201272989026,
                "acc": 0.8351648351648352
            },
            " 11th": {
                "loss": 0.3060150044745144,
                "acc": 0.8577777777777778
            },
            " 12th": {
                "loss": 0.3372739364229401,
                "acc": 0.8163265306122449
            },
            " 1st-4th": {
                "loss": 0.27134450924210834,
                "acc": 0.8695652173913043
            },
            " 5th-6th": {
                "loss": 0.23003776877141924,
                "acc": 0.8709677419354839
            },
            " 7th-8th": {
                "loss": 0.25173770113664273,
                "acc": 0.900709219858156
            },
            " 9th": {
                "loss": 0.27971889616384554,
                "acc": 0.8608695652173913
            },
            " Assoc-acdm": {
                "loss": 0.29598208037861584,
                "acc": 0.8434343434343434
            },
            " Assoc-voc": {
                "loss": 0.28245941376632294,
                "acc": 0.8608058608058609
            },
            " Bachelors": {
                "loss": 0.3020098260687428,
                "acc": 0.8621673003802282
            },
            " Doctorate": {
                "loss": 0.3330995850067368,
                "acc": 0.8441558441558441
            },
            " HS-grad": {
                "loss": 0.29324570885146894,
                "acc": 0.8517274472168906
            },
            " Masters": {
                "loss": 0.2752627821497472,
                "acc": 0.8672086720867209
            },
            " Preschool": {
                "loss": 0.41623129918686097,
                "acc": 0.8
            },
            " Prof-school": {
                "loss": 0.28908047127570546,
                "acc": 0.8620689655172413
            },
            " Some-college": {
                "loss": 0.29482141747529156,
                "acc": 0.8619528619528619
            }
        },
        "education-num": {
            "1-9": {
                "loss": 0.2938612219819352,
                "acc": 0.8530612244897959
            },
            "10-13": {
                "loss": 0.29772173926296136,
                "acc": 0.8594878529218647
            },
            "13-16": {
                "loss": 0.2860390913287496,
                "acc": 0.8629893238434164
            },
            "9-10": {
                "loss": 0.29482141747529156,
                "acc": 0.8619528619528619
            }
        },
        "relationship": {
            " Husband": {
                "loss": 0.2963182229167364,
                "acc": 0.8575289575289575
            },
            " Not-in-family": {
                "loss": 0.2824798485124572,
                "acc": 0.861764705882353
            },
            " Other-relative": {
                "loss": 0.20435512059736358,
                "acc": 0.9269662921348315
            },
            " Own-child": {
                "loss": 0.3215298384587451,
                "acc": 0.8457760314341847
            },
            " Unmarried": {
                "loss": 0.2903463685823604,
                "acc": 0.8561253561253561
            },
            " Wife": {
                "loss": 0.31288912488903425,
                "acc": 0.8354037267080745
            }
        },
        "race": {
            " Amer-Indian-Eskimo": {
                "loss": 0.2620366168355289,
                "acc": 0.8450704225352113
            },
            " Asian-Pac-Islander": {
                "loss": 0.2731034713211297,
                "acc": 0.8860103626943006
            },
            " Black": {
                "loss": 0.287484359420349,
                "acc": 0.8614357262103506
            },
            " Other": {
                "loss": 0.3089760361803892,
                "acc": 0.8363636363636363
            },
            " White": {
                "loss": 0.296036407861039,
                "acc": 0.8564020028612304
            }
        },
        "gender": {
            " Female": {
                "loss": 0.29883065331933134,
                "acc": 0.8545882352941176
            },
            " Male": {
                "loss": 0.29211649657887434,
                "acc": 0.8588369441277081
            }
        },
        "hours-per-week": {
            "1-35": {
                "loss": 0.27463424880031767,
                "acc": 0.8724035608308606
            },
            "35-40": {
                "loss": 0.3061580821113911,
                "acc": 0.8494318181818182
            },
            "40-50": {
                "loss": 0.2851394326272139,
                "acc": 0.8606356968215159
            },
            "50-99": {
                "loss": 0.2946077189786669,
                "acc": 0.8591916558018253
            }
        }
    }
}