{
    "forget_x": [
        0,
        0,
        0,
        1,
        0,
        0,
        0,
        0,
        0,
        0,
        0,
        0,
        0,
        0,
        0,
        0,
        1,
        0,
        0,
        0,
        0,
        1,
        0,
        0,
        0,
        1,
        0,
        0,
        0,
        0,
        0,
        0,
        0,
        0,
        0,
        1,
        0,
        1,
        0,
        1,
        0,
        0
    ],
    "forget_y": 0,
    "sample": {
        "age": "41-50",
        "education": " HS-grad",
        "education-num": "1-9",
        "relationship": " Not-in-family",
        "race": " Other",
        "gender": " Male",
        "hours-per-week": "1-35",
        "income": "<50k"
    },
    "performance": {
        "age": {
            "17-26": {
                "loss": 0.29228505878813416,
                "acc": 0.8616438356164383
            },
            "26-33": {
                "loss": 0.30263659750095584,
                "acc": 0.8427835051546392
            },
            "33-41": {
                "loss": 0.3010894107922493,
                "acc": 0.8512396694214877
            },
            "41-50": {
                "loss": 0.3000232608833965,
                "acc": 0.8563447725458898
            },
            "50-90": {
                "loss": 0.2951026342551501,
                "acc": 0.8556067588325653
            }
        },
        "education": {
            " 10th": {
                "loss": 0.3304445148740411,
                "acc": 0.8524590163934426
            },
            " 11th": {
                "loss": 0.2883235654765589,
                "acc": 0.8622222222222222
            },
            " 12th": {
                "loss": 0.36172408797690775,
                "acc": 0.826530612244898
            },
            " 1st-4th": {
                "loss": 0.25793346607192613,
                "acc": 0.8695652173913043
            },
            " 5th-6th": {
                "loss": 0.25121576277987895,
                "acc": 0.8548387096774194
            },
            " 7th-8th": {
                "loss": 0.26002726311164914,
                "acc": 0.900709219858156
            },
            " 9th": {
                "loss": 0.2748485281077846,
                "acc": 0.8695652173913043
            },
            " Assoc-acdm": {
                "loss": 0.3105381675289508,
                "acc": 0.8383838383838383
            },
            " Assoc-voc": {
                "loss": 0.2948415228776786,
                "acc": 0.8498168498168498
            },
            " Bachelors": {
                "loss": 0.3001795471887461,
                "acc": 0.8564638783269962
            },
            " Doctorate": {
                "loss": 0.335064221232872,
                "acc": 0.8441558441558441
            },
            " HS-grad": {
                "loss": 0.29686969248418793,
                "acc": 0.8497359577532405
            },
            " Masters": {
                "loss": 0.28923743704530447,
                "acc": 0.8563685636856369
            },
            " Preschool": {
                "loss": 0.4246278025259974,
                "acc": 0.7
            },
            " Prof-school": {
                "loss": 0.2813190014525798,
                "acc": 0.8706896551724138
            },
            " Some-college": {
                "loss": 0.29884242313296044,
                "acc": 0.8552188552188552
            }
        },
        "education-num": {
            "1-9": {
                "loss": 0.29700620013227136,
                "acc": 0.8530612244897959
            },
            "10-13": {
                "loss": 0.3005693871036764,
                "acc": 0.8529218647406435
            },
            "13-16": {
                "loss": 0.2938817855394089,
                "acc": 0.8576512455516014
            },
            "9-10": {
                "loss": 0.29884242313296044,
                "acc": 0.8552188552188552
            }
        },
        "relationship": {
            " Husband": {
                "loss": 0.3017028652886424,
                "acc": 0.8544401544401544
            },
            " Not-in-family": {
                "loss": 0.28750983282449855,
                "acc": 0.857563272513243
            },
            " Other-relative": {
                "loss": 0.19442115809016738,
                "acc": 0.9438202247191011
            },
            " Own-child": {
                "loss": 0.31513737283088555,
                "acc": 0.8400392541707556
            },
            " Unmarried": {
                "loss": 0.300092756089526,
                "acc": 0.8518518518518519
            },
            " Wife": {
                "loss": 0.32180520458818224,
                "acc": 0.8291925465838509
            }
        },
        "race": {
            " Amer-Indian-Eskimo": {
                "loss": 0.2989338972914966,
                "acc": 0.8450704225352113
            },
            " Asian-Pac-Islander": {
                "loss": 0.26229182647416216,
                "acc": 0.8860103626943006
            },
            " Black": {
                "loss": 0.30322714098028486,
                "acc": 0.8547579298831386
            },
            " Other": {
                "loss": 0.29660466744657144,
                "acc": 0.8333333333333334
            },
            " White": {
                "loss": 0.29866111712262644,
                "acc": 0.8530305739317003
            }
        },
        "gender": {
            " Female": {
                "loss": 0.2994369395142365,
                "acc": 0.8522352941176471
            },
            " Male": {
                "loss": 0.2972872224186128,
                "acc": 0.8547320410490308
            }
        },
        "hours-per-week": {
            "1-35": {
                "loss": 0.27750000989052626,
                "acc": 0.8731454005934718
            },
            "35-40": {
                "loss": 0.3083173985078157,
                "acc": 0.8440656565656566
            },
            "40-50": {
                "loss": 0.2910043823429784,
                "acc": 0.856560717196414
            },
            "50-99": {
                "loss": 0.3025111575402174,
                "acc": 0.8565840938722294
            }
        }
    }
}