{
    "age": {
        "17-26": {
            "loss": 0.4825155210299037,
            "acc": 0.7636986301369864
        },
        "26-33": {
            "loss": 1.015350679764626,
            "acc": 0.6935622317596567
        },
        "33-41": {
            "loss": 1.564695579145063,
            "acc": 0.6063110443275732
        },
        "41-50": {
            "loss": 1.7723905207559358,
            "acc": 0.5802075019952115
        },
        "50-90": {
            "loss": 1.6228898284964313,
            "acc": 0.6006144393241167
        }
    },
    "education": {
        " 10th": {
            "loss": 0.7383223126852152,
            "acc": 0.6939890710382514
        },
        " 11th": {
            "loss": 0.6887432454539358,
            "acc": 0.7155555555555555
        },
        " 12th": {
            "loss": 0.6909213551819614,
            "acc": 0.7653061224489796
        },
        " 1st-4th": {
            "loss": 0.3205868798180796,
            "acc": 0.8695652173913043
        },
        " 5th-6th": {
            "loss": 0.6053515638707267,
            "acc": 0.7258064516129032
        },
        " 7th-8th": {
            "loss": 0.4804399337144661,
            "acc": 0.7588652482269503
        },
        " 9th": {
            "loss": 0.5048079797363119,
            "acc": 0.7565217391304347
        },
        " Assoc-acdm": {
            "loss": 1.0396551516736137,
            "acc": 0.6868686868686869
        },
        " Assoc-voc": {
            "loss": 1.248448671426704,
            "acc": 0.6666666666666666
        },
        " Bachelors": {
            "loss": 2.024381108055815,
            "acc": 0.5527065527065527
        },
        " Doctorate": {
            "loss": 3.2141543129184114,
            "acc": 0.4155844155844156
        },
        " HS-grad": {
            "loss": 0.9958242711622156,
            "acc": 0.6874699951992319
        },
        " Masters": {
            "loss": 2.565988068869364,
            "acc": 0.4905149051490515
        },
        " Preschool": {
            "loss": 0.5856126911800531,
            "acc": 0.6
        },
        " Prof-school": {
            "loss": 2.820681522079595,
            "acc": 0.3706896551724138
        },
        " Some-college": {
            "loss": 1.0068922653066732,
            "acc": 0.6888888888888889
        }
    },
    "education-num": {
        "1-9": {
            "loss": 0.8872955216048556,
            "acc": 0.7006802721088435
        },
        "10-13": {
            "loss": 1.7574485000745652,
            "acc": 0.5905511811023622
        },
        "13-16": {
            "loss": 2.7073639431828185,
            "acc": 0.4555160142348754
        },
        "9-10": {
            "loss": 1.0068922653066732,
            "acc": 0.6888888888888889
        }
    },
    "relationship": {
        " Husband": {
            "loss": 2.060751562733702,
            "acc": 0.5332046332046332
        },
        " Not-in-family": {
            "loss": 0.7577463337832463,
            "acc": 0.7364705882352941
        },
        " Other-relative": {
            "loss": 0.47340596943171015,
            "acc": 0.7640449438202247
        },
        " Own-child": {
            "loss": 0.4987972167362296,
            "acc": 0.7585868498527969
        },
        " Unmarried": {
            "loss": 0.5612984771620562,
            "acc": 0.7507122507122507
        },
        " Wife": {
            "loss": 2.1480944887840088,
            "acc": 0.5279503105590062
        }
    },
    "race": {
        " Amer-Indian-Eskimo": {
            "loss": 0.6196990139345591,
            "acc": 0.704225352112676
        },
        " Asian-Pac-Islander": {
            "loss": 1.7170830606339322,
            "acc": 0.5958549222797928
        },
        " Black": {
            "loss": 0.8552316542048287,
            "acc": 0.6978297161936561
        },
        " Other": {
            "loss": 0.4931271021136614,
            "acc": 0.7222222222222222
        },
        " White": {
            "loss": 1.3209627480526538,
            "acc": 0.6465856274579908
        }
    },
    "gender": {
        " Female": {
            "loss": 0.784476329985477,
            "acc": 0.7271872060206962
        },
        " Male": {
            "loss": 1.5133357400528984,
            "acc": 0.6141391106043329
        }
    },
    "hours-per-week": {
        "1-35": {
            "loss": 0.6772459643264174,
            "acc": 0.7529673590504451
        },
        "35-40": {
            "loss": 1.1201355401801303,
            "acc": 0.6629851688229725
        },
        "40-50": {
            "loss": 1.9005192439659988,
            "acc": 0.5786471067644662
        },
        "50-99": {
            "loss": 1.967665839102931,
            "acc": 0.5384615384615384
        }
    }
}