{
    "age": {
        "17-26": {
            "loss": 0.49306693065511537,
            "acc": 0.7662782727895819
        },
        "26-33": {
            "loss": 1.013993361821267,
            "acc": 0.6909871244635193
        },
        "33-41": {
            "loss": 1.535502127919217,
            "acc": 0.6033057851239669
        },
        "41-50": {
            "loss": 1.7559308597146919,
            "acc": 0.5821371610845295
        },
        "50-90": {
            "loss": 1.6684819429449653,
            "acc": 0.6013824884792627
        }
    },
    "education": {
        " 10th": {
            "loss": 0.7484098329348338,
            "acc": 0.6885245901639344
        },
        " 11th": {
            "loss": 0.6658611837258204,
            "acc": 0.7111111111111111
        },
        " 12th": {
            "loss": 0.7134820133965307,
            "acc": 0.7551020408163265
        },
        " 1st-4th": {
            "loss": 0.32208047004018936,
            "acc": 0.8695652173913043
        },
        " 5th-6th": {
            "loss": 0.5698925156026385,
            "acc": 0.7258064516129032
        },
        " 7th-8th": {
            "loss": 0.5148657995411338,
            "acc": 0.75177304964539
        },
        " 9th": {
            "loss": 0.48717818059086504,
            "acc": 0.7739130434782608
        },
        " Assoc-acdm": {
            "loss": 1.090388584419791,
            "acc": 0.6767676767676768
        },
        " Assoc-voc": {
            "loss": 1.2208787665324958,
            "acc": 0.663003663003663
        },
        " Bachelors": {
            "loss": 2.004975699356809,
            "acc": 0.5527065527065527
        },
        " Doctorate": {
            "loss": 3.111841807823454,
            "acc": 0.38961038961038963
        },
        " HS-grad": {
            "loss": 1.0011396772089558,
            "acc": 0.6922707633221316
        },
        " Masters": {
            "loss": 2.502973285422822,
            "acc": 0.4905149051490515
        },
        " Preschool": {
            "loss": 0.5931217888711162,
            "acc": 0.5
        },
        " Prof-school": {
            "loss": 2.928756705614192,
            "acc": 0.3620689655172414
        },
        " Some-college": {
            "loss": 1.0343388018545507,
            "acc": 0.6882154882154882
        }
    },
    "education-num": {
        "1-9": {
            "loss": 0.8909411305696386,
            "acc": 0.7030612244897959
        },
        "10-13": {
            "loss": 1.7456930803157547,
            "acc": 0.5885826771653543
        },
        "13-16": {
            "loss": 2.6742788956844734,
            "acc": 0.4501779359430605
        },
        "9-10": {
            "loss": 1.0343388018545507,
            "acc": 0.6882154882154882
        }
    },
    "relationship": {
        " Husband": {
            "loss": 2.035690117269331,
            "acc": 0.5355212355212355
        },
        " Not-in-family": {
            "loss": 0.7621093678240488,
            "acc": 0.7342739564961788
        },
        " Other-relative": {
            "loss": 0.4789673812701265,
            "acc": 0.751412429378531
        },
        " Own-child": {
            "loss": 0.5021592729807258,
            "acc": 0.7625122669283612
        },
        " Unmarried": {
            "loss": 0.5842153404431155,
            "acc": 0.7521367521367521
        },
        " Wife": {
            "loss": 2.3085680290841744,
            "acc": 0.5124223602484472
        }
    },
    "race": {
        " Amer-Indian-Eskimo": {
            "loss": 0.6537370760348057,
            "acc": 0.676056338028169
        },
        " Asian-Pac-Islander": {
            "loss": 1.8177663120513423,
            "acc": 0.5854922279792746
        },
        " Black": {
            "loss": 0.8638000843780711,
            "acc": 0.7161936560934892
        },
        " Other": {
            "loss": 0.49134718317035103,
            "acc": 0.7272727272727273
        },
        " White": {
            "loss": 1.318980236396111,
            "acc": 0.6452708743071697
        }
    },
    "gender": {
        " Female": {
            "loss": 0.8085786413941509,
            "acc": 0.7267168391345249
        },
        " Male": {
            "loss": 1.5050633630104158,
            "acc": 0.6143671607753706
        }
    },
    "hours-per-week": {
        "1-35": {
            "loss": 0.675278940553713,
            "acc": 0.75
        },
        "35-40": {
            "loss": 1.1190432851614467,
            "acc": 0.6633007257810035
        },
        "40-50": {
            "loss": 1.936091415315304,
            "acc": 0.5745721271393643
        },
        "50-99": {
            "loss": 1.9382434019161878,
            "acc": 0.5488917861799217
        }
    }
}