{
    "forget_x": [
        0,
        0,
        1,
        0,
        0,
        0,
        0,
        0,
        0,
        0,
        0,
        0,
        0,
        1,
        0,
        0,
        0,
        0,
        0,
        0,
        0,
        0,
        1,
        0,
        0,
        0,
        1,
        0,
        0,
        0,
        0,
        0,
        0,
        0,
        0,
        1,
        0,
        1,
        0,
        1,
        0,
        0
    ],
    "forget_y": 1,
    "sample": {
        "age": "17-26",
        "education": " HS-grad",
        "education-num": "1-9",
        "relationship": " Other-relative",
        "race": " White",
        "gender": " Male",
        "hours-per-week": "1-35",
        "income": "<50k"
    },
    "performance": {
        "age": {
            "17-26": {
                "loss": 0.2927726701935222,
                "acc": 0.864290610006854
            },
            "26-33": {
                "loss": 0.3011684869392547,
                "acc": 0.8470790378006873
            },
            "33-41": {
                "loss": 0.3008241767953127,
                "acc": 0.8527422990232908
            },
            "41-50": {
                "loss": 0.29916119991761553,
                "acc": 0.8548644338118022
            },
            "50-90": {
                "loss": 0.2964300663494369,
                "acc": 0.8548387096774194
            }
        },
        "education": {
            " 10th": {
                "loss": 0.3317629211577494,
                "acc": 0.8469945355191257
            },
            " 11th": {
                "loss": 0.2911034007761464,
                "acc": 0.8622222222222222
            },
            " 12th": {
                "loss": 0.3382919987401143,
                "acc": 0.8163265306122449
            },
            " 1st-4th": {
                "loss": 0.24081661092557297,
                "acc": 0.8695652173913043
            },
            " 5th-6th": {
                "loss": 0.24915718346266072,
                "acc": 0.8709677419354839
            },
            " 7th-8th": {
                "loss": 0.26412807945681915,
                "acc": 0.900709219858156
            },
            " 9th": {
                "loss": 0.2793735181879268,
                "acc": 0.8608695652173913
            },
            " Assoc-acdm": {
                "loss": 0.31208610054133856,
                "acc": 0.8282828282828283
            },
            " Assoc-voc": {
                "loss": 0.29000175257569893,
                "acc": 0.8534798534798534
            },
            " Bachelors": {
                "loss": 0.30225604734521044,
                "acc": 0.8593155893536122
            },
            " Doctorate": {
                "loss": 0.33428027744634337,
                "acc": 0.8311688311688312
            },
            " HS-grad": {
                "loss": 0.29760079820680263,
                "acc": 0.8487758041286606
            },
            " Masters": {
                "loss": 0.2766665844581562,
                "acc": 0.8672086720867209
            },
            " Preschool": {
                "loss": 0.37790735683967647,
                "acc": 0.8
            },
            " Prof-school": {
                "loss": 0.3059247414599689,
                "acc": 0.853448275862069
            },
            " Some-college": {
                "loss": 0.29869173920900277,
                "acc": 0.8606060606060606
            }
        },
        "education-num": {
            "1-9": {
                "loss": 0.29707536499224324,
                "acc": 0.8520408163265306
            },
            "10-13": {
                "loss": 0.3013374183634361,
                "acc": 0.8542350623768877
            },
            "13-16": {
                "loss": 0.2905993256900079,
                "acc": 0.8594306049822064
            },
            "9-10": {
                "loss": 0.29869173920900277,
                "acc": 0.8606060606060606
            }
        },
        "relationship": {
            " Husband": {
                "loss": 0.3029029369325536,
                "acc": 0.8532818532818532
            },
            " Not-in-family": {
                "loss": 0.2857856183126557,
                "acc": 0.8605882352941177
            },
            " Other-relative": {
                "loss": 0.19702616779231918,
                "acc": 0.9322033898305084
            },
            " Own-child": {
                "loss": 0.3115765898880178,
                "acc": 0.8498527968596663
            },
            " Unmarried": {
                "loss": 0.3032811353159111,
                "acc": 0.8504273504273504
            },
            " Wife": {
                "loss": 0.32169199824264494,
                "acc": 0.8260869565217391
            }
        },
        "race": {
            " Amer-Indian-Eskimo": {
                "loss": 0.2838492709198019,
                "acc": 0.8309859154929577
            },
            " Asian-Pac-Islander": {
                "loss": 0.26934825015426117,
                "acc": 0.8911917098445595
            },
            " Black": {
                "loss": 0.2960101398385135,
                "acc": 0.8580968280467446
            },
            " Other": {
                "loss": 0.29852807918521046,
                "acc": 0.8363636363636363
            },
            " White": {
                "loss": 0.2992392500669406,
                "acc": 0.8540772532188842
            }
        },
        "gender": {
            " Female": {
                "loss": 0.2998881506866637,
                "acc": 0.8522352941176471
            },
            " Male": {
                "loss": 0.29690996460631675,
                "acc": 0.8565564424173319
            }
        },
        "hours-per-week": {
            "1-35": {
                "loss": 0.276505702275211,
                "acc": 0.8798219584569733
            },
            "35-40": {
                "loss": 0.30833257673721204,
                "acc": 0.84375
            },
            "40-50": {
                "loss": 0.2908324526274281,
                "acc": 0.856560717196414
            },
            "50-99": {
                "loss": 0.3035642840463286,
                "acc": 0.8565840938722294
            }
        }
    }
}