{
    "forget_x": [
        0,
        0,
        0,
        0,
        1,
        0,
        0,
        0,
        0,
        0,
        0,
        0,
        0,
        0,
        0,
        0,
        1,
        0,
        0,
        0,
        0,
        1,
        0,
        0,
        0,
        1,
        0,
        0,
        0,
        0,
        0,
        0,
        0,
        0,
        0,
        1,
        0,
        1,
        0,
        0,
        1,
        0
    ],
    "forget_y": 0,
    "sample": {
        "age": "26-33",
        "education": " Some-college",
        "education-num": "9-10",
        "relationship": " Husband",
        "race": " White",
        "gender": " Male",
        "hours-per-week": "50-99",
        "income": ">=50k"
    },
    "performance": {
        "age": {
            "17-26": {
                "loss": 0.2938963603210478,
                "acc": 0.8602739726027397
            },
            "26-33": {
                "loss": 0.29080132274356324,
                "acc": 0.8503869303525365
            },
            "33-41": {
                "loss": 0.29569289227713164,
                "acc": 0.8542449286250939
            },
            "41-50": {
                "loss": 0.29846322702831884,
                "acc": 0.8628389154704944
            },
            "50-90": {
                "loss": 0.2960656066312696,
                "acc": 0.8509984639016898
            }
        },
        "education": {
            " 10th": {
                "loss": 0.3350755458477773,
                "acc": 0.8469945355191257
            },
            " 11th": {
                "loss": 0.2931819103620394,
                "acc": 0.8533333333333334
            },
            " 12th": {
                "loss": 0.3545774815065055,
                "acc": 0.8061224489795918
            },
            " 1st-4th": {
                "loss": 0.24929449946751306,
                "acc": 0.8695652173913043
            },
            " 5th-6th": {
                "loss": 0.24378527477002127,
                "acc": 0.8709677419354839
            },
            " 7th-8th": {
                "loss": 0.257288083142905,
                "acc": 0.900709219858156
            },
            " 9th": {
                "loss": 0.2846781491656445,
                "acc": 0.8521739130434782
            },
            " Assoc-acdm": {
                "loss": 0.29095861337675333,
                "acc": 0.8636363636363636
            },
            " Assoc-voc": {
                "loss": 0.3002692760652789,
                "acc": 0.8498168498168498
            },
            " Bachelors": {
                "loss": 0.29628511926564594,
                "acc": 0.8659695817490495
            },
            " Doctorate": {
                "loss": 0.32525931075451514,
                "acc": 0.8441558441558441
            },
            " HS-grad": {
                "loss": 0.29143247500616754,
                "acc": 0.8522072936660269
            },
            " Masters": {
                "loss": 0.27926135457350565,
                "acc": 0.8672086720867209
            },
            " Preschool": {
                "loss": 0.40158467676737103,
                "acc": 0.8
            },
            " Prof-school": {
                "loss": 0.3071293120233374,
                "acc": 0.8448275862068966
            },
            " Some-college": {
                "loss": 0.2980828573686089,
                "acc": 0.8530997304582211
            }
        },
        "education-num": {
            "1-9": {
                "loss": 0.2935255151276646,
                "acc": 0.8531111866712002
            },
            "10-13": {
                "loss": 0.29630680451863306,
                "acc": 0.8627708470124754
            },
            "13-16": {
                "loss": 0.2913156707480934,
                "acc": 0.8594306049822064
            },
            "9-10": {
                "loss": 0.2980828573686089,
                "acc": 0.8530997304582211
            }
        },
        "relationship": {
            " Husband": {
                "loss": 0.29899600661399073,
                "acc": 0.850907686365392
            },
            " Not-in-family": {
                "loss": 0.2823479597810153,
                "acc": 0.8658823529411764
            },
            " Other-relative": {
                "loss": 0.18497294224796818,
                "acc": 0.9269662921348315
            },
            " Own-child": {
                "loss": 0.31848850377035043,
                "acc": 0.845927379784102
            },
            " Unmarried": {
                "loss": 0.2955803237614533,
                "acc": 0.8518518518518519
            },
            " Wife": {
                "loss": 0.3153839176203947,
                "acc": 0.84472049689441
            }
        },
        "race": {
            " Amer-Indian-Eskimo": {
                "loss": 0.27693073983872396,
                "acc": 0.8591549295774648
            },
            " Asian-Pac-Islander": {
                "loss": 0.26101158943154723,
                "acc": 0.8911917098445595
            },
            " Black": {
                "loss": 0.28630043008721456,
                "acc": 0.8697829716193656
            },
            " Other": {
                "loss": 0.32222873257540063,
                "acc": 0.8363636363636363
            },
            " White": {
                "loss": 0.2970948342927484,
                "acc": 0.8533619456366237
            }
        },
        "gender": {
            " Female": {
                "loss": 0.2994383992831731,
                "acc": 0.8574117647058823
            },
            " Male": {
                "loss": 0.29288519317925604,
                "acc": 0.855188141391106
            }
        },
        "hours-per-week": {
            "1-35": {
                "loss": 0.27058554562720627,
                "acc": 0.8762045959970348
            },
            "35-40": {
                "loss": 0.30930692984151603,
                "acc": 0.8456439393939394
            },
            "40-50": {
                "loss": 0.2845269017560332,
                "acc": 0.8590057049714751
            },
            "50-99": {
                "loss": 0.2958086257494847,
                "acc": 0.8577023498694517
            }
        }
    }
}