{
    "age": {
        "17-26": {
            "loss": 0.4949576027399349,
            "acc": 0.7589041095890411
        },
        "26-33": {
            "loss": 1.0373104684789316,
            "acc": 0.6915807560137457
        },
        "33-41": {
            "loss": 1.5362165674001322,
            "acc": 0.6010518407212622
        },
        "41-50": {
            "loss": 1.7943100345114802,
            "acc": 0.5877192982456141
        },
        "50-90": {
            "loss": 1.6341190979117024,
            "acc": 0.5998463901689708
        }
    },
    "education": {
        " 10th": {
            "loss": 0.7544820611098092,
            "acc": 0.6775956284153005
        },
        " 11th": {
            "loss": 0.6805012657941594,
            "acc": 0.7066666666666667
        },
        " 12th": {
            "loss": 0.6624560660819748,
            "acc": 0.7653061224489796
        },
        " 1st-4th": {
            "loss": 0.34948518330128486,
            "acc": 0.8695652173913043
        },
        " 5th-6th": {
            "loss": 0.5369035155341472,
            "acc": 0.7258064516129032
        },
        " 7th-8th": {
            "loss": 0.5314413851870041,
            "acc": 0.7446808510638298
        },
        " 9th": {
            "loss": 0.49545631118331224,
            "acc": 0.7739130434782608
        },
        " Assoc-acdm": {
            "loss": 1.0704609218947,
            "acc": 0.696969696969697
        },
        " Assoc-voc": {
            "loss": 1.2074439633077025,
            "acc": 0.6483516483516484
        },
        " Bachelors": {
            "loss": 2.038789523007438,
            "acc": 0.5508072174738842
        },
        " Doctorate": {
            "loss": 3.0202705241587493,
            "acc": 0.4025974025974026
        },
        " HS-grad": {
            "loss": 1.0264736001224468,
            "acc": 0.6919385796545106
        },
        " Masters": {
            "loss": 2.4959326646003683,
            "acc": 0.48509485094850946
        },
        " Preschool": {
            "loss": 0.5754637608297664,
            "acc": 0.6
        },
        " Prof-school": {
            "loss": 2.911641562437568,
            "acc": 0.3879310344827586
        },
        " Some-college": {
            "loss": 1.0097399886721665,
            "acc": 0.6846361185983828
        }
    },
    "education-num": {
        "1-9": {
            "loss": 0.9093050680050263,
            "acc": 0.7021421285277116
        },
        "10-13": {
            "loss": 1.7640609135465788,
            "acc": 0.5872703412073491
        },
        "13-16": {
            "loss": 2.653577232812309,
            "acc": 0.45373665480427045
        },
        "9-10": {
            "loss": 1.0097399886721665,
            "acc": 0.6846361185983828
        }
    },
    "relationship": {
        " Husband": {
            "loss": 2.033519139111785,
            "acc": 0.5357280803398996
        },
        " Not-in-family": {
            "loss": 0.7724642273772081,
            "acc": 0.7313345091122869
        },
        " Other-relative": {
            "loss": 0.48856882302193105,
            "acc": 0.7471910112359551
        },
        " Own-child": {
            "loss": 0.5295760413219072,
            "acc": 0.7566241413150148
        },
        " Unmarried": {
            "loss": 0.5957772660293279,
            "acc": 0.7492877492877493
        },
        " Wife": {
            "loss": 2.2635962918982155,
            "acc": 0.5279503105590062
        }
    },
    "race": {
        " Amer-Indian-Eskimo": {
            "loss": 0.6563515995365387,
            "acc": 0.704225352112676
        },
        " Asian-Pac-Islander": {
            "loss": 1.7335873729129467,
            "acc": 0.5854922279792746
        },
        " Black": {
            "loss": 0.8497525351574364,
            "acc": 0.7045075125208681
        },
        " Other": {
            "loss": 0.5056594255746516,
            "acc": 0.7272727272727273
        },
        " White": {
            "loss": 1.3292442735155676,
            "acc": 0.6447344895404971
        }
    },
    "gender": {
        " Female": {
            "loss": 0.8168848285503905,
            "acc": 0.7234242709313264
        },
        " Male": {
            "loss": 1.5087257559360652,
            "acc": 0.6141391106043329
        }
    },
    "hours-per-week": {
        "1-35": {
            "loss": 0.6913185055971566,
            "acc": 0.7494440326167532
        },
        "35-40": {
            "loss": 1.1163803678452926,
            "acc": 0.6598295992426633
        },
        "40-50": {
            "loss": 1.935617565706796,
            "acc": 0.5745721271393643
        },
        "50-99": {
            "loss": 1.9674396637118188,
            "acc": 0.5535248041775457
        }
    }
}