{
    "age": {
        "17-26": {
            "loss": 0.4797587688326986,
            "acc": 0.7684931506849315
        },
        "26-33": {
            "loss": 1.0376293440804274,
            "acc": 0.6978540772532189
        },
        "33-41": {
            "loss": 1.5739167541309007,
            "acc": 0.608564988730278
        },
        "41-50": {
            "loss": 1.8010324069940666,
            "acc": 0.5829346092503987
        },
        "50-90": {
            "loss": 1.667226694976934,
            "acc": 0.6079938508839354
        }
    },
    "education": {
        " 10th": {
            "loss": 0.7778173584304572,
            "acc": 0.6939890710382514
        },
        " 11th": {
            "loss": 0.7048617179245767,
            "acc": 0.7111111111111111
        },
        " 12th": {
            "loss": 0.6878316924860507,
            "acc": 0.7755102040816326
        },
        " 1st-4th": {
            "loss": 0.31993185183456646,
            "acc": 0.8695652173913043
        },
        " 5th-6th": {
            "loss": 0.5577810391636737,
            "acc": 0.7258064516129032
        },
        " 7th-8th": {
            "loss": 0.4934173281882586,
            "acc": 0.7659574468085106
        },
        " 9th": {
            "loss": 0.4590139000938398,
            "acc": 0.7894736842105263
        },
        " Assoc-acdm": {
            "loss": 1.043784668386629,
            "acc": 0.6868686868686869
        },
        " Assoc-voc": {
            "loss": 1.31972548273815,
            "acc": 0.6593406593406593
        },
        " Bachelors": {
            "loss": 2.0244533330289376,
            "acc": 0.5555555555555556
        },
        " Doctorate": {
            "loss": 3.3050452089779467,
            "acc": 0.4155844155844156
        },
        " HS-grad": {
            "loss": 1.011621744028702,
            "acc": 0.699616122840691
        },
        " Masters": {
            "loss": 2.624342718047699,
            "acc": 0.47696476964769646
        },
        " Preschool": {
            "loss": 0.5108817368091343,
            "acc": 0.6
        },
        " Prof-school": {
            "loss": 2.9789969142368387,
            "acc": 0.3706896551724138
        },
        " Some-college": {
            "loss": 1.0229472080164181,
            "acc": 0.6902356902356902
        }
    },
    "education-num": {
        "1-9": {
            "loss": 0.8998336006186811,
            "acc": 0.7108843537414966
        },
        "10-13": {
            "loss": 1.7708030057792237,
            "acc": 0.5912073490813649
        },
        "13-16": {
            "loss": 2.790808872068281,
            "acc": 0.44661921708185054
        },
        "9-10": {
            "loss": 1.0229472080164181,
            "acc": 0.6902356902356902
        }
    },
    "relationship": {
        " Husband": {
            "loss": 2.094293197276908,
            "acc": 0.5376593279258401
        },
        " Not-in-family": {
            "loss": 0.7671110967423894,
            "acc": 0.739564961787184
        },
        " Other-relative": {
            "loss": 0.47069019569827725,
            "acc": 0.7584269662921348
        },
        " Own-child": {
            "loss": 0.4936667195033007,
            "acc": 0.7634936211972522
        },
        " Unmarried": {
            "loss": 0.5538014127146214,
            "acc": 0.7678062678062678
        },
        " Wife": {
            "loss": 2.2644312409648366,
            "acc": 0.5124223602484472
        }
    },
    "race": {
        " Amer-Indian-Eskimo": {
            "loss": 0.5913853252884018,
            "acc": 0.6901408450704225
        },
        " Asian-Pac-Islander": {
            "loss": 1.8626679272906892,
            "acc": 0.5854922279792746
        },
        " Black": {
            "loss": 0.858958849227011,
            "acc": 0.7178631051752922
        },
        " Other": {
            "loss": 0.5004195117343121,
            "acc": 0.7454545454545455
        },
        " White": {
            "loss": 1.3388526845589634,
            "acc": 0.6497407473627749
        }
    },
    "gender": {
        " Female": {
            "loss": 0.7913544435466391,
            "acc": 0.7300094073377235
        },
        " Male": {
            "loss": 1.5391804354967078,
            "acc": 0.6191562143671607
        }
    },
    "hours-per-week": {
        "1-35": {
            "loss": 0.6828962037152275,
            "acc": 0.7568569310600445
        },
        "35-40": {
            "loss": 1.1405254104882492,
            "acc": 0.6676136363636364
        },
        "40-50": {
            "loss": 1.950237144477321,
            "acc": 0.5762021189894051
        },
        "50-99": {
            "loss": 1.9613732739516712,
            "acc": 0.5528031290743155
        }
    }
}