{
    "forget_x": [
        0,
        1,
        0,
        0,
        0,
        0,
        0,
        0,
        0,
        0,
        0,
        0,
        0,
        0,
        0,
        0,
        1,
        0,
        0,
        0,
        0,
        1,
        0,
        0,
        0,
        1,
        0,
        0,
        0,
        0,
        0,
        0,
        0,
        0,
        0,
        1,
        0,
        1,
        0,
        0,
        0,
        1
    ],
    "forget_y": 0,
    "sample": {
        "age": "50-90",
        "education": " 9th",
        "education-num": "1-9",
        "relationship": " Husband",
        "race": " White",
        "gender": " Male",
        "hours-per-week": "35-40",
        "income": "<50k"
    },
    "performance": {
        "age": {
            "17-26": {
                "loss": 0.29858501395963866,
                "acc": 0.8623287671232877
            },
            "26-33": {
                "loss": 0.30072450726443634,
                "acc": 0.8402061855670103
            },
            "33-41": {
                "loss": 0.2971405460818699,
                "acc": 0.8557475582268971
            },
            "41-50": {
                "loss": 0.30333065465432935,
                "acc": 0.8524720893141946
            },
            "50-90": {
                "loss": 0.2910243806341145,
                "acc": 0.8562644119907763
            }
        },
        "education": {
            " 10th": {
                "loss": 0.33508967194185,
                "acc": 0.8524590163934426
            },
            " 11th": {
                "loss": 0.3137840605157709,
                "acc": 0.8488888888888889
            },
            " 12th": {
                "loss": 0.3457879239022593,
                "acc": 0.826530612244898
            },
            " 1st-4th": {
                "loss": 0.23042545266564038,
                "acc": 0.8695652173913043
            },
            " 5th-6th": {
                "loss": 0.24220558635301084,
                "acc": 0.8548387096774194
            },
            " 7th-8th": {
                "loss": 0.26828707305403704,
                "acc": 0.8936170212765957
            },
            " 9th": {
                "loss": 0.2758979222844125,
                "acc": 0.868421052631579
            },
            " Assoc-acdm": {
                "loss": 0.3093919252988128,
                "acc": 0.8484848484848485
            },
            " Assoc-voc": {
                "loss": 0.28763627797227814,
                "acc": 0.8571428571428571
            },
            " Bachelors": {
                "loss": 0.3058527379747933,
                "acc": 0.8517110266159695
            },
            " Doctorate": {
                "loss": 0.3321928463847098,
                "acc": 0.8571428571428571
            },
            " HS-grad": {
                "loss": 0.2956618008423886,
                "acc": 0.8483685220729367
            },
            " Masters": {
                "loss": 0.273113264973056,
                "acc": 0.8699186991869918
            },
            " Preschool": {
                "loss": 0.43780252260583585,
                "acc": 0.8
            },
            " Prof-school": {
                "loss": 0.2819272927335507,
                "acc": 0.8620689655172413
            },
            " Some-college": {
                "loss": 0.29893848346992746,
                "acc": 0.8565656565656565
            }
        },
        "education-num": {
            "1-9": {
                "loss": 0.297940350514172,
                "acc": 0.8510204081632653
            },
            "10-13": {
                "loss": 0.30304752819768854,
                "acc": 0.8522652659225214
            },
            "13-16": {
                "loss": 0.2830270638857158,
                "acc": 0.8665480427046264
            },
            "9-10": {
                "loss": 0.29893848346992746,
                "acc": 0.8565656565656565
            }
        },
        "relationship": {
            " Husband": {
                "loss": 0.30389010227917335,
                "acc": 0.8512939358825802
            },
            " Not-in-family": {
                "loss": 0.28617387923207405,
                "acc": 0.8576470588235294
            },
            " Other-relative": {
                "loss": 0.19056980197617496,
                "acc": 0.9269662921348315
            },
            " Own-child": {
                "loss": 0.3220088580561757,
                "acc": 0.845927379784102
            },
            " Unmarried": {
                "loss": 0.2950129386822008,
                "acc": 0.8547008547008547
            },
            " Wife": {
                "loss": 0.30452257842280755,
                "acc": 0.8385093167701864
            }
        },
        "race": {
            " Amer-Indian-Eskimo": {
                "loss": 0.2691218338298552,
                "acc": 0.8450704225352113
            },
            " Asian-Pac-Islander": {
                "loss": 0.26973142295486213,
                "acc": 0.8808290155440415
            },
            " Black": {
                "loss": 0.3016751405749236,
                "acc": 0.8564273789649416
            },
            " Other": {
                "loss": 0.29191716582526495,
                "acc": 0.8363636363636363
            },
            " White": {
                "loss": 0.2990962456467062,
                "acc": 0.8530042918454935
            }
        },
        "gender": {
            " Female": {
                "loss": 0.29777828441006327,
                "acc": 0.856
            },
            " Male": {
                "loss": 0.29821938869828357,
                "acc": 0.8529076396807298
            }
        },
        "hours-per-week": {
            "1-35": {
                "loss": 0.27266297431418246,
                "acc": 0.876945885841364
            },
            "35-40": {
                "loss": 0.31103946293567675,
                "acc": 0.8443321755604674
            },
            "40-50": {
                "loss": 0.2905060989354839,
                "acc": 0.8541157294213529
            },
            "50-99": {
                "loss": 0.3013501420500642,
                "acc": 0.8526727509778357
            }
        }
    }
}