{
    "age": {
        "17-26": {
            "loss": 0.4317548618558956,
            "acc": 0.7958904109589041
        },
        "26-33": {
            "loss": 1.0061628014253752,
            "acc": 0.7147766323024055
        },
        "33-41": {
            "loss": 1.603731419190543,
            "acc": 0.6168294515401953
        },
        "41-50": {
            "loss": 1.8046156941527218,
            "acc": 0.5909090909090909
        },
        "50-90": {
            "loss": 1.6689783317566111,
            "acc": 0.6228878648233487
        }
    },
    "education": {
        " 10th": {
            "loss": 0.7211423347484042,
            "acc": 0.726775956284153
        },
        " 11th": {
            "loss": 0.6292956179016262,
            "acc": 0.7466666666666667
        },
        " 12th": {
            "loss": 0.6609293697735686,
            "acc": 0.7551020408163265
        },
        " 1st-4th": {
            "loss": 0.23740303362613382,
            "acc": 0.9130434782608695
        },
        " 5th-6th": {
            "loss": 0.49820355515072784,
            "acc": 0.7580645161290323
        },
        " 7th-8th": {
            "loss": 0.43977110076765824,
            "acc": 0.7730496453900709
        },
        " 9th": {
            "loss": 0.42516383308783023,
            "acc": 0.808695652173913
        },
        " Assoc-acdm": {
            "loss": 1.0524697734031232,
            "acc": 0.7171717171717171
        },
        " Assoc-voc": {
            "loss": 1.3388559617295597,
            "acc": 0.6593406593406593
        },
        " Bachelors": {
            "loss": 2.0820075496869244,
            "acc": 0.5631528964862298
        },
        " Doctorate": {
            "loss": 3.27790649938604,
            "acc": 0.37662337662337664
        },
        " HS-grad": {
            "loss": 0.9949983943338926,
            "acc": 0.7177148343734998
        },
        " Masters": {
            "loss": 2.6460919506770018,
            "acc": 0.4932249322493225
        },
        " Preschool": {
            "loss": 0.5010608659886173,
            "acc": 0.6
        },
        " Prof-school": {
            "loss": 3.106240416349778,
            "acc": 0.3620689655172414
        },
        " Some-college": {
            "loss": 0.9788177546683134,
            "acc": 0.7090909090909091
        }
    },
    "education-num": {
        "1-9": {
            "loss": 0.8718280135333667,
            "acc": 0.7299319727891157
        },
        "10-13": {
            "loss": 1.8151250935080827,
            "acc": 0.6003937007874016
        },
        "13-16": {
            "loss": 2.8276345525784916,
            "acc": 0.4501779359430605
        },
        "9-10": {
            "loss": 0.9788177546683134,
            "acc": 0.7090909090909091
        }
    },
    "relationship": {
        " Husband": {
            "loss": 2.128948608289481,
            "acc": 0.5430668211664735
        },
        " Not-in-family": {
            "loss": 0.7252739165116421,
            "acc": 0.7619047619047619
        },
        " Other-relative": {
            "loss": 0.4070646974970232,
            "acc": 0.7865168539325843
        },
        " Own-child": {
            "loss": 0.45012621586122425,
            "acc": 0.7948969578017664
        },
        " Unmarried": {
            "loss": 0.5104866470613135,
            "acc": 0.7834757834757835
        },
        " Wife": {
            "loss": 2.2890166190189682,
            "acc": 0.5124223602484472
        }
    },
    "race": {
        " Amer-Indian-Eskimo": {
            "loss": 0.604243908028429,
            "acc": 0.6901408450704225
        },
        " Asian-Pac-Islander": {
            "loss": 1.8241924790584187,
            "acc": 0.5958549222797928
        },
        " Black": {
            "loss": 0.7773816632066752,
            "acc": 0.7295492487479132
        },
        " Other": {
            "loss": 0.426962147477509,
            "acc": 0.8
        },
        " White": {
            "loss": 1.338815481177471,
            "acc": 0.6654747005185053
        }
    },
    "gender": {
        " Female": {
            "loss": 0.7665987118416588,
            "acc": 0.7516462841015993
        },
        " Male": {
            "loss": 1.5375852052794947,
            "acc": 0.6314709236031927
        }
    },
    "hours-per-week": {
        "1-35": {
            "loss": 0.6237781347729217,
            "acc": 0.7783543365455893
        },
        "35-40": {
            "loss": 1.1230230272979467,
            "acc": 0.6853897128431682
        },
        "40-50": {
            "loss": 1.979163928890402,
            "acc": 0.5859820700896495
        },
        "50-99": {
            "loss": 2.014790037156142,
            "acc": 0.556135770234987
        }
    }
}