{
    "forget_x": [
        0,
        1,
        0,
        0,
        0,
        0,
        0,
        0,
        0,
        0,
        0,
        0,
        0,
        0,
        0,
        0,
        0,
        0,
        0,
        0,
        1,
        0,
        0,
        0,
        1,
        0,
        0,
        0,
        1,
        0,
        0,
        0,
        0,
        0,
        0,
        1,
        0,
        1,
        0,
        1,
        0,
        0
    ],
    "forget_y": 0,
    "sample": {
        "age": "26-33",
        "education": " HS-grad",
        "education-num": "1-9",
        "relationship": " Husband",
        "race": " White",
        "gender": " Male",
        "hours-per-week": "50-99",
        "income": "<50k"
    },
    "performance": {
        "age": {
            "17-26": {
                "loss": 0.2953564696732137,
                "acc": 0.8561643835616438
            },
            "26-33": {
                "loss": 0.3022961436510317,
                "acc": 0.8460877042132416
            },
            "33-41": {
                "loss": 0.30570598184533065,
                "acc": 0.8497370398196844
            },
            "41-50": {
                "loss": 0.30168969080366187,
                "acc": 0.8596491228070176
            },
            "50-90": {
                "loss": 0.2950862180109412,
                "acc": 0.8540706605222734
            }
        },
        "education": {
            " 10th": {
                "loss": 0.3360229942023258,
                "acc": 0.8306010928961749
            },
            " 11th": {
                "loss": 0.3009824958072247,
                "acc": 0.8755555555555555
            },
            " 12th": {
                "loss": 0.36959474625799493,
                "acc": 0.8367346938775511
            },
            " 1st-4th": {
                "loss": 0.25309429843543146,
                "acc": 0.8695652173913043
            },
            " 5th-6th": {
                "loss": 0.2469176058304644,
                "acc": 0.8387096774193549
            },
            " 7th-8th": {
                "loss": 0.2738531466345859,
                "acc": 0.8794326241134752
            },
            " 9th": {
                "loss": 0.2763943975743709,
                "acc": 0.8695652173913043
            },
            " Assoc-acdm": {
                "loss": 0.311178062204884,
                "acc": 0.8434343434343434
            },
            " Assoc-voc": {
                "loss": 0.3068430199591684,
                "acc": 0.8424908424908425
            },
            " Bachelors": {
                "loss": 0.3081338966079617,
                "acc": 0.8526615969581749
            },
            " Doctorate": {
                "loss": 0.33400230030307776,
                "acc": 0.8441558441558441
            },
            " HS-grad": {
                "loss": 0.29520011900453447,
                "acc": 0.8506961113778204
            },
            " Masters": {
                "loss": 0.28307103165907344,
                "acc": 0.8726287262872628
            },
            " Preschool": {
                "loss": 0.4899663183158106,
                "acc": 0.7
            },
            " Prof-school": {
                "loss": 0.2904506162877501,
                "acc": 0.8706896551724138
            },
            " Some-college": {
                "loss": 0.29767067739443315,
                "acc": 0.8531986531986532
            }
        },
        "education-num": {
            "1-9": {
                "loss": 0.2982189712655015,
                "acc": 0.8523809523809524
            },
            "10-13": {
                "loss": 0.30829826657714715,
                "acc": 0.8496388706500329
            },
            "13-16": {
                "loss": 0.29157234749984723,
                "acc": 0.8683274021352313
            },
            "9-10": {
                "loss": 0.29767067739443315,
                "acc": 0.8531986531986532
            }
        },
        "relationship": {
            " Husband": {
                "loss": 0.30336607668226223,
                "acc": 0.8524526844341445
            },
            " Not-in-family": {
                "loss": 0.29090172356300525,
                "acc": 0.86
            },
            " Other-relative": {
                "loss": 0.18709623748911144,
                "acc": 0.9269662921348315
            },
            " Own-child": {
                "loss": 0.3188071410930568,
                "acc": 0.8390578999018645
            },
            " Unmarried": {
                "loss": 0.30220794747984453,
                "acc": 0.8490028490028491
            },
            " Wife": {
                "loss": 0.3165880806769978,
                "acc": 0.8385093167701864
            }
        },
        "race": {
            " Amer-Indian-Eskimo": {
                "loss": 0.28632844927601125,
                "acc": 0.8591549295774648
            },
            " Asian-Pac-Islander": {
                "loss": 0.27967306096859185,
                "acc": 0.8808290155440415
            },
            " Black": {
                "loss": 0.3108748860297207,
                "acc": 0.8480801335559266
            },
            " Other": {
                "loss": 0.3069466050672251,
                "acc": 0.8181818181818182
            },
            " White": {
                "loss": 0.29950005544835323,
                "acc": 0.8531831187410587
            }
        },
        "gender": {
            " Female": {
                "loss": 0.30199497119300683,
                "acc": 0.8512941176470589
            },
            " Male": {
                "loss": 0.2988523003325152,
                "acc": 0.8542759407069556
            }
        },
        "hours-per-week": {
            "1-35": {
                "loss": 0.2745961685297165,
                "acc": 0.8724981467753892
            },
            "35-40": {
                "loss": 0.3128530158272039,
                "acc": 0.84375
            },
            "40-50": {
                "loss": 0.2932138128842297,
                "acc": 0.8541157294213529
            },
            "50-99": {
                "loss": 0.3014160794348539,
                "acc": 0.8577023498694517
            }
        }
    }
}