{
    "age": {
        "17-26": {
            "loss": 0.46535486860183195,
            "acc": 0.7787671232876713
        },
        "26-33": {
            "loss": 0.9181666023907578,
            "acc": 0.6993127147766323
        },
        "33-41": {
            "loss": 1.3717786766097293,
            "acc": 0.6093163035311796
        },
        "41-50": {
            "loss": 1.5580347391754548,
            "acc": 0.5869218500797448
        },
        "50-90": {
            "loss": 1.434209823413758,
            "acc": 0.6021505376344086
        }
    },
    "education": {
        " 10th": {
            "loss": 0.6660108311490327,
            "acc": 0.6939890710382514
        },
        " 11th": {
            "loss": 0.6308455233628024,
            "acc": 0.7066666666666667
        },
        " 12th": {
            "loss": 0.6524696858122143,
            "acc": 0.7653061224489796
        },
        " 1st-4th": {
            "loss": 0.29693322032630515,
            "acc": 0.8695652173913043
        },
        " 5th-6th": {
            "loss": 0.5434392247025533,
            "acc": 0.7258064516129032
        },
        " 7th-8th": {
            "loss": 0.5151732056841088,
            "acc": 0.7588652482269503
        },
        " 9th": {
            "loss": 0.45381660857042083,
            "acc": 0.7913043478260869
        },
        " Assoc-acdm": {
            "loss": 0.9755900547184911,
            "acc": 0.6818181818181818
        },
        " Assoc-voc": {
            "loss": 1.1214519724584477,
            "acc": 0.663003663003663
        },
        " Bachelors": {
            "loss": 1.746561430489739,
            "acc": 0.5555555555555556
        },
        " Doctorate": {
            "loss": 2.810512548539224,
            "acc": 0.4025974025974026
        },
        " HS-grad": {
            "loss": 0.8979921203916379,
            "acc": 0.701392222755641
        },
        " Masters": {
            "loss": 2.2610719218261948,
            "acc": 0.4878048780487805
        },
        " Preschool": {
            "loss": 0.527700043685492,
            "acc": 0.6
        },
        " Prof-school": {
            "loss": 2.43724332718259,
            "acc": 0.3620689655172414
        },
        " Some-college": {
            "loss": 0.9119816152786961,
            "acc": 0.6983164983164983
        }
    },
    "education-num": {
        "1-9": {
            "loss": 0.8057509759405643,
            "acc": 0.7112244897959183
        },
        "10-13": {
            "loss": 1.534417588990234,
            "acc": 0.5912073490813649
        },
        "13-16": {
            "loss": 2.372713934776808,
            "acc": 0.4501779359430605
        },
        "9-10": {
            "loss": 0.9119816152786961,
            "acc": 0.6983164983164983
        }
    },
    "relationship": {
        " Husband": {
            "loss": 1.7822566568905482,
            "acc": 0.5361143298570876
        },
        " Not-in-family": {
            "loss": 0.6979066612617311,
            "acc": 0.7425044091710759
        },
        " Other-relative": {
            "loss": 0.43792074777268886,
            "acc": 0.7640449438202247
        },
        " Own-child": {
            "loss": 0.48492867510400306,
            "acc": 0.774288518155054
        },
        " Unmarried": {
            "loss": 0.5390047111287533,
            "acc": 0.7663817663817664
        },
        " Wife": {
            "loss": 1.9976489725995294,
            "acc": 0.5217391304347826
        }
    },
    "race": {
        " Amer-Indian-Eskimo": {
            "loss": 0.595698095017947,
            "acc": 0.6901408450704225
        },
        " Asian-Pac-Islander": {
            "loss": 1.596361254073495,
            "acc": 0.5958549222797928
        },
        " Black": {
            "loss": 0.7748714611020119,
            "acc": 0.7212020033388982
        },
        " Other": {
            "loss": 0.46237554078348797,
            "acc": 0.7454545454545455
        },
        " White": {
            "loss": 1.172027044197051,
            "acc": 0.6517074915072412
        }
    },
    "gender": {
        " Female": {
            "loss": 0.7387952850794669,
            "acc": 0.7347130761994356
        },
        " Male": {
            "loss": 1.3282644079454593,
            "acc": 0.6202964652223489
        }
    },
    "hours-per-week": {
        "1-35": {
            "loss": 0.6212979230730779,
            "acc": 0.7590808005930318
        },
        "35-40": {
            "loss": 1.0112740188849385,
            "acc": 0.6680340801514674
        },
        "40-50": {
            "loss": 1.6592797523490848,
            "acc": 0.5859820700896495
        },
        "50-99": {
            "loss": 1.7184382306991113,
            "acc": 0.5509138381201044
        }
    }
}