{
    "forget_x": [
        0,
        0,
        1,
        0,
        0,
        0,
        0,
        0,
        0,
        0,
        0,
        0,
        0,
        0,
        1,
        0,
        0,
        0,
        0,
        0,
        0,
        0,
        1,
        0,
        0,
        0,
        1,
        0,
        0,
        0,
        0,
        0,
        0,
        0,
        0,
        1,
        0,
        1,
        0,
        0,
        0,
        1
    ],
    "forget_y": 0,
    "sample": {
        "age": "26-33",
        "education": " HS-grad",
        "education-num": "1-9",
        "relationship": " Husband",
        "race": " White",
        "gender": " Male",
        "hours-per-week": "50-99",
        "income": "<50k"
    },
    "performance": {
        "age": {
            "17-26": {
                "loss": 0.28962867027462114,
                "acc": 0.8643835616438356
            },
            "26-33": {
                "loss": 0.2923805215326637,
                "acc": 0.8478073946689596
            },
            "33-41": {
                "loss": 0.29832828386708266,
                "acc": 0.8474830954169797
            },
            "41-50": {
                "loss": 0.2961576615812614,
                "acc": 0.8604465709728868
            },
            "50-90": {
                "loss": 0.2903940766810317,
                "acc": 0.857910906298003
            }
        },
        "education": {
            " 10th": {
                "loss": 0.34103706985930127,
                "acc": 0.8415300546448088
            },
            " 11th": {
                "loss": 0.29211902822076696,
                "acc": 0.8666666666666667
            },
            " 12th": {
                "loss": 0.34174206773590327,
                "acc": 0.8061224489795918
            },
            " 1st-4th": {
                "loss": 0.2515451155054755,
                "acc": 0.8695652173913043
            },
            " 5th-6th": {
                "loss": 0.22494402829570628,
                "acc": 0.8870967741935484
            },
            " 7th-8th": {
                "loss": 0.2625698932792023,
                "acc": 0.8936170212765957
            },
            " 9th": {
                "loss": 0.2780953949155343,
                "acc": 0.8608695652173913
            },
            " Assoc-acdm": {
                "loss": 0.2999661048244474,
                "acc": 0.8484848484848485
            },
            " Assoc-voc": {
                "loss": 0.2918317601288768,
                "acc": 0.8461538461538461
            },
            " Bachelors": {
                "loss": 0.29358656011718437,
                "acc": 0.8583650190114068
            },
            " Doctorate": {
                "loss": 0.3429886704744125,
                "acc": 0.8441558441558441
            },
            " HS-grad": {
                "loss": 0.2907851191738293,
                "acc": 0.8506961113778204
            },
            " Masters": {
                "loss": 0.28008742781720514,
                "acc": 0.8753387533875339
            },
            " Preschool": {
                "loss": 0.396979548792862,
                "acc": 0.7
            },
            " Prof-school": {
                "loss": 0.2828425530965867,
                "acc": 0.8620689655172413
            },
            " Some-college": {
                "loss": 0.29556883635721803,
                "acc": 0.8585858585858586
            }
        },
        "education-num": {
            "1-9": {
                "loss": 0.2925298909107726,
                "acc": 0.8527210884353742
            },
            "10-13": {
                "loss": 0.29410139232679045,
                "acc": 0.8548916611950098
            },
            "13-16": {
                "loss": 0.28927424314996897,
                "acc": 0.8683274021352313
            },
            "9-10": {
                "loss": 0.29556883635721803,
                "acc": 0.8585858585858586
            }
        },
        "relationship": {
            " Husband": {
                "loss": 0.2991077070204353,
                "acc": 0.8551564310544612
            },
            " Not-in-family": {
                "loss": 0.28070323653337287,
                "acc": 0.8588235294117647
            },
            " Other-relative": {
                "loss": 0.17828488103195142,
                "acc": 0.949438202247191
            },
            " Own-child": {
                "loss": 0.31153717436490075,
                "acc": 0.8439646712463199
            },
            " Unmarried": {
                "loss": 0.2979093669340119,
                "acc": 0.8532763532763533
            },
            " Wife": {
                "loss": 0.30912212969033265,
                "acc": 0.8385093167701864
            }
        },
        "race": {
            " Amer-Indian-Eskimo": {
                "loss": 0.2687311127941325,
                "acc": 0.8450704225352113
            },
            " Asian-Pac-Islander": {
                "loss": 0.2656093124931575,
                "acc": 0.8808290155440415
            },
            " Black": {
                "loss": 0.2956113196100151,
                "acc": 0.8464106844741235
            },
            " Other": {
                "loss": 0.2927142838828096,
                "acc": 0.8545454545454545
            },
            " White": {
                "loss": 0.29433711982342853,
                "acc": 0.8562231759656652
            }
        },
        "gender": {
            " Female": {
                "loss": 0.295483404251786,
                "acc": 0.8545882352941176
            },
            " Male": {
                "loss": 0.2922563084143846,
                "acc": 0.8565564424173319
            }
        },
        "hours-per-week": {
            "1-35": {
                "loss": 0.2716728154211127,
                "acc": 0.8739807264640475
            },
            "35-40": {
                "loss": 0.30429705871343654,
                "acc": 0.8462752525252525
            },
            "40-50": {
                "loss": 0.2859569078937395,
                "acc": 0.8622656886715566
            },
            "50-99": {
                "loss": 0.29775105801469853,
                "acc": 0.8537859007832899
            }
        }
    }
}