{
    "forget_x": [
        0,
        0,
        0,
        0,
        1,
        0,
        0,
        0,
        0,
        0,
        0,
        0,
        0,
        0,
        0,
        0,
        0,
        1,
        0,
        0,
        0,
        0,
        0,
        1,
        0,
        1,
        0,
        0,
        0,
        0,
        0,
        0,
        0,
        0,
        0,
        1,
        0,
        1,
        0,
        0,
        0,
        1
    ],
    "forget_y": 1,
    "sample": {
        "age": "33-41",
        "education": " Bachelors",
        "education-num": "10-13",
        "relationship": " Not-in-family",
        "race": " White",
        "gender": " Male",
        "hours-per-week": "50-99",
        "income": "<50k"
    },
    "performance": {
        "age": {
            "17-26": {
                "loss": 0.29596818511841644,
                "acc": 0.8527397260273972
            },
            "26-33": {
                "loss": 0.29882649353006163,
                "acc": 0.8573883161512027
            },
            "33-41": {
                "loss": 0.2974708515268076,
                "acc": 0.8481203007518797
            },
            "41-50": {
                "loss": 0.2991839942910266,
                "acc": 0.8604465709728868
            },
            "50-90": {
                "loss": 0.2879855179786868,
                "acc": 0.8571428571428571
            }
        },
        "education": {
            " 10th": {
                "loss": 0.3351917380389372,
                "acc": 0.8415300546448088
            },
            " 11th": {
                "loss": 0.30157768139415636,
                "acc": 0.8577777777777778
            },
            " 12th": {
                "loss": 0.35904355272278254,
                "acc": 0.826530612244898
            },
            " 1st-4th": {
                "loss": 0.25614185434420095,
                "acc": 0.9130434782608695
            },
            " 5th-6th": {
                "loss": 0.2499971989464636,
                "acc": 0.8548387096774194
            },
            " 7th-8th": {
                "loss": 0.25507178084516174,
                "acc": 0.8865248226950354
            },
            " 9th": {
                "loss": 0.27856496773313055,
                "acc": 0.8782608695652174
            },
            " Assoc-acdm": {
                "loss": 0.313136557222109,
                "acc": 0.8383838383838383
            },
            " Assoc-voc": {
                "loss": 0.3019634025070126,
                "acc": 0.8498168498168498
            },
            " Bachelors": {
                "loss": 0.30160351386637885,
                "acc": 0.857278782112274
            },
            " Doctorate": {
                "loss": 0.3438619333485857,
                "acc": 0.8441558441558441
            },
            " HS-grad": {
                "loss": 0.29241130939947885,
                "acc": 0.8498080614203455
            },
            " Masters": {
                "loss": 0.2803153672929035,
                "acc": 0.8672086720867209
            },
            " Preschool": {
                "loss": 0.36941488904550657,
                "acc": 0.7
            },
            " Prof-school": {
                "loss": 0.27396258819878183,
                "acc": 0.8706896551724138
            },
            " Some-college": {
                "loss": 0.293434424922631,
                "acc": 0.8585858585858586
            }
        },
        "education-num": {
            "1-9": {
                "loss": 0.2947473082603481,
                "acc": 0.8520911254675281
            },
            "10-13": {
                "loss": 0.30316842331665933,
                "acc": 0.8534822601839684
            },
            "13-16": {
                "loss": 0.2877106754981873,
                "acc": 0.8647686832740213
            },
            "9-10": {
                "loss": 0.293434424922631,
                "acc": 0.8585858585858586
            }
        },
        "relationship": {
            " Husband": {
                "loss": 0.2982460991904709,
                "acc": 0.8540540540540541
            },
            " Not-in-family": {
                "loss": 0.28275710300805373,
                "acc": 0.8640376692171866
            },
            " Other-relative": {
                "loss": 0.17467469780472428,
                "acc": 0.9325842696629213
            },
            " Own-child": {
                "loss": 0.32224694934962345,
                "acc": 0.8390578999018645
            },
            " Unmarried": {
                "loss": 0.3052491687886162,
                "acc": 0.8490028490028491
            },
            " Wife": {
                "loss": 0.30779293640251937,
                "acc": 0.8354037267080745
            }
        },
        "race": {
            " Amer-Indian-Eskimo": {
                "loss": 0.2950480497281248,
                "acc": 0.8591549295774648
            },
            " Asian-Pac-Islander": {
                "loss": 0.25133752495338024,
                "acc": 0.9015544041450777
            },
            " Black": {
                "loss": 0.3100133704902165,
                "acc": 0.8430717863105175
            },
            " Other": {
                "loss": 0.2804580990126131,
                "acc": 0.8363636363636363
            },
            " White": {
                "loss": 0.295983178881562,
                "acc": 0.8547925608011445
            }
        },
        "gender": {
            " Female": {
                "loss": 0.3019326118768913,
                "acc": 0.8522352941176471
            },
            " Male": {
                "loss": 0.29284170907259544,
                "acc": 0.8563283922462942
            }
        },
        "hours-per-week": {
            "1-35": {
                "loss": 0.26863115069048654,
                "acc": 0.8710155670867309
            },
            "35-40": {
                "loss": 0.3098996135230372,
                "acc": 0.8465909090909091
            },
            "40-50": {
                "loss": 0.2873652110342106,
                "acc": 0.8581907090464548
            },
            "50-99": {
                "loss": 0.29892321496123253,
                "acc": 0.856396866840731
            }
        }
    }
}