{
    "age": {
        "17-26": {
            "loss": 0.4878818088554214,
            "acc": 0.7780821917808219
        },
        "26-33": {
            "loss": 1.0974017572859665,
            "acc": 0.6995708154506438
        },
        "33-41": {
            "loss": 1.6971008253013997,
            "acc": 0.6075187969924812
        },
        "41-50": {
            "loss": 1.9335713479174863,
            "acc": 0.5813397129186603
        },
        "50-90": {
            "loss": 1.7442507936535363,
            "acc": 0.6036866359447005
        }
    },
    "education": {
        " 10th": {
            "loss": 0.7570083733029493,
            "acc": 0.6994535519125683
        },
        " 11th": {
            "loss": 0.7127633679613657,
            "acc": 0.7111111111111111
        },
        " 12th": {
            "loss": 0.6805564390821404,
            "acc": 0.7653061224489796
        },
        " 1st-4th": {
            "loss": 0.32872535347025195,
            "acc": 0.8260869565217391
        },
        " 5th-6th": {
            "loss": 0.5217401918706305,
            "acc": 0.7419354838709677
        },
        " 7th-8th": {
            "loss": 0.473081430646358,
            "acc": 0.7588652482269503
        },
        " 9th": {
            "loss": 0.45078282884359616,
            "acc": 0.782608695652174
        },
        " Assoc-acdm": {
            "loss": 1.0945188988701713,
            "acc": 0.6919191919191919
        },
        " Assoc-voc": {
            "loss": 1.363998056914897,
            "acc": 0.6666666666666666
        },
        " Bachelors": {
            "loss": 2.1696788374829135,
            "acc": 0.5446768060836502
        },
        " Doctorate": {
            "loss": 3.6356331364846195,
            "acc": 0.4025974025974026
        },
        " HS-grad": {
            "loss": 1.0703827963578454,
            "acc": 0.7024952015355086
        },
        " Masters": {
            "loss": 2.842432590378151,
            "acc": 0.5040650406504065
        },
        " Preschool": {
            "loss": 0.536320255268903,
            "acc": 0.6
        },
        " Prof-school": {
            "loss": 3.3256176394313055,
            "acc": 0.3620689655172414
        },
        " Some-college": {
            "loss": 1.0756790329981123,
            "acc": 0.6922558922558922
        }
    },
    "education-num": {
        "1-9": {
            "loss": 0.938487879415907,
            "acc": 0.7123427405644339
        },
        "10-13": {
            "loss": 1.885481515788633,
            "acc": 0.5856861457649376
        },
        "13-16": {
            "loss": 3.0508416788841415,
            "acc": 0.4608540925266904
        },
        "9-10": {
            "loss": 1.0756790329981123,
            "acc": 0.6922558922558922
        }
    },
    "relationship": {
        " Husband": {
            "loss": 2.253178853343905,
            "acc": 0.5332046332046332
        },
        " Not-in-family": {
            "loss": 0.7945531676219478,
            "acc": 0.741764705882353
        },
        " Other-relative": {
            "loss": 0.4376169148026397,
            "acc": 0.7584269662921348
        },
        " Own-child": {
            "loss": 0.49445978266427526,
            "acc": 0.774288518155054
        },
        " Unmarried": {
            "loss": 0.5733882109385724,
            "acc": 0.7692307692307693
        },
        " Wife": {
            "loss": 2.4002954064493056,
            "acc": 0.5217391304347826
        }
    },
    "race": {
        " Amer-Indian-Eskimo": {
            "loss": 0.6040981326438971,
            "acc": 0.6901408450704225
        },
        " Asian-Pac-Islander": {
            "loss": 2.0819185509356157,
            "acc": 0.5803108808290155
        },
        " Black": {
            "loss": 0.8472631289506274,
            "acc": 0.7262103505843072
        },
        " Other": {
            "loss": 0.5122699353218314,
            "acc": 0.7090909090909091
        },
        " White": {
            "loss": 1.423788821922205,
            "acc": 0.6506347219738959
        }
    },
    "gender": {
        " Female": {
            "loss": 0.8173258432738264,
            "acc": 0.7337723424270931
        },
        " Male": {
            "loss": 1.643330181674612,
            "acc": 0.6189281641961232
        }
    },
    "hours-per-week": {
        "1-35": {
            "loss": 0.6978649568613149,
            "acc": 0.7620459599703484
        },
        "35-40": {
            "loss": 1.1858897448555292,
            "acc": 0.6664562953613127
        },
        "40-50": {
            "loss": 2.105261543782625,
            "acc": 0.582722086389568
        },
        "50-99": {
            "loss": 2.1683776070091167,
            "acc": 0.5469973890339426
        }
    }
}