{
    "age": {
        "17-26": {
            "loss": 0.5019653870112718,
            "acc": 0.7712328767123288
        },
        "26-33": {
            "loss": 1.0341260539698522,
            "acc": 0.6909871244635193
        },
        "33-41": {
            "loss": 1.5256771098078072,
            "acc": 0.6055597295266717
        },
        "41-50": {
            "loss": 1.7390405331614043,
            "acc": 0.5861244019138756
        },
        "50-90": {
            "loss": 1.5858412692888328,
            "acc": 0.6018447348193697
        }
    },
    "education": {
        " 10th": {
            "loss": 0.766530116643387,
            "acc": 0.6775956284153005
        },
        " 11th": {
            "loss": 0.6878071460649855,
            "acc": 0.7244444444444444
        },
        " 12th": {
            "loss": 0.6496835256721013,
            "acc": 0.7755102040816326
        },
        " 1st-4th": {
            "loss": 0.32577725694171067,
            "acc": 0.8695652173913043
        },
        " 5th-6th": {
            "loss": 0.5663146825128047,
            "acc": 0.7419354838709677
        },
        " 7th-8th": {
            "loss": 0.5513731915430218,
            "acc": 0.7588652482269503
        },
        " 9th": {
            "loss": 0.49892935766514135,
            "acc": 0.7913043478260869
        },
        " Assoc-acdm": {
            "loss": 1.04217614399358,
            "acc": 0.6919191919191919
        },
        " Assoc-voc": {
            "loss": 1.279404411130016,
            "acc": 0.6593406593406593
        },
        " Bachelors": {
            "loss": 1.9658971337207813,
            "acc": 0.5565052231718899
        },
        " Doctorate": {
            "loss": 3.087263768730392,
            "acc": 0.38961038961038963
        },
        " HS-grad": {
            "loss": 0.9897453140090843,
            "acc": 0.6933781190019194
        },
        " Masters": {
            "loss": 2.509196140101452,
            "acc": 0.47554347826086957
        },
        " Preschool": {
            "loss": 0.5656052523332483,
            "acc": 0.6
        },
        " Prof-school": {
            "loss": 2.7786641415934277,
            "acc": 0.3879310344827586
        },
        " Some-college": {
            "loss": 1.009011180642476,
            "acc": 0.6895622895622896
        }
    },
    "education-num": {
        "1-9": {
            "loss": 0.8856548027912305,
            "acc": 0.7065623937436246
        },
        "10-13": {
            "loss": 1.722912048922057,
            "acc": 0.59251968503937
        },
        "13-16": {
            "loss": 2.644257629544407,
            "acc": 0.44563279857397503
        },
        "9-10": {
            "loss": 1.009011180642476,
            "acc": 0.6895622895622896
        }
    },
    "relationship": {
        " Husband": {
            "loss": 1.996131137248688,
            "acc": 0.5384318269602163
        },
        " Not-in-family": {
            "loss": 0.7713023050768076,
            "acc": 0.7372134038800705
        },
        " Other-relative": {
            "loss": 0.48229725459606776,
            "acc": 0.7528089887640449
        },
        " Own-child": {
            "loss": 0.5260613873440723,
            "acc": 0.7625122669283612
        },
        " Unmarried": {
            "loss": 0.5755222743122478,
            "acc": 0.7549857549857549
        },
        " Wife": {
            "loss": 2.1936274351965634,
            "acc": 0.515527950310559
        }
    },
    "race": {
        " Amer-Indian-Eskimo": {
            "loss": 0.6676752962499274,
            "acc": 0.7183098591549296
        },
        " Asian-Pac-Islander": {
            "loss": 1.7229122784998998,
            "acc": 0.5751295336787565
        },
        " Black": {
            "loss": 0.8348612723718679,
            "acc": 0.7178631051752922
        },
        " Other": {
            "loss": 0.5473198652070391,
            "acc": 0.7272727272727273
        },
        " White": {
            "loss": 1.305583293487093,
            "acc": 0.6477740032183086
        }
    },
    "gender": {
        " Female": {
            "loss": 0.8025668928036621,
            "acc": 0.7253057384760113
        },
        " Male": {
            "loss": 1.4836902296223744,
            "acc": 0.6187001140250855
        }
    },
    "hours-per-week": {
        "1-35": {
            "loss": 0.6757932703386127,
            "acc": 0.7531504818383988
        },
        "35-40": {
            "loss": 1.1102378147929106,
            "acc": 0.6645629536131271
        },
        "40-50": {
            "loss": 1.8643685824394158,
            "acc": 0.5753871230643847
        },
        "50-99": {
            "loss": 1.95126614043867,
            "acc": 0.5574412532637075
        }
    }
}