{
    "forget_x": [
        0,
        0,
        1,
        0,
        0,
        0,
        0,
        0,
        0,
        0,
        0,
        0,
        0,
        0,
        1,
        0,
        0,
        0,
        0,
        0,
        0,
        0,
        1,
        0,
        0,
        0,
        1,
        0,
        0,
        0,
        0,
        0,
        0,
        0,
        0,
        1,
        1,
        0,
        0,
        0,
        0,
        1
    ],
    "forget_y": 0,
    "sample": {
        "age": "50-90",
        "education": " Masters",
        "education-num": "13-16",
        "relationship": " Husband",
        "race": " White",
        "gender": " Male",
        "hours-per-week": "50-99",
        "income": ">=50k"
    },
    "performance": {
        "age": {
            "17-26": {
                "loss": 0.29920717673249586,
                "acc": 0.8636986301369863
            },
            "26-33": {
                "loss": 0.2985081626491589,
                "acc": 0.8496563573883161
            },
            "33-41": {
                "loss": 0.3011471923856165,
                "acc": 0.8527422990232908
            },
            "41-50": {
                "loss": 0.30240680969382516,
                "acc": 0.8548644338118022
            },
            "50-90": {
                "loss": 0.2987872872832147,
                "acc": 0.8531898539584934
            }
        },
        "education": {
            " 10th": {
                "loss": 0.33382944065516895,
                "acc": 0.8579234972677595
            },
            " 11th": {
                "loss": 0.30245170507625335,
                "acc": 0.8533333333333334
            },
            " 12th": {
                "loss": 0.34586149019645596,
                "acc": 0.826530612244898
            },
            " 1st-4th": {
                "loss": 0.2551852383633184,
                "acc": 0.8695652173913043
            },
            " 5th-6th": {
                "loss": 0.2425361374117213,
                "acc": 0.8709677419354839
            },
            " 7th-8th": {
                "loss": 0.2627003640739571,
                "acc": 0.900709219858156
            },
            " 9th": {
                "loss": 0.29211470259583583,
                "acc": 0.8608695652173913
            },
            " Assoc-acdm": {
                "loss": 0.30183115582441933,
                "acc": 0.8484848484848485
            },
            " Assoc-voc": {
                "loss": 0.27914443577920006,
                "acc": 0.8571428571428571
            },
            " Bachelors": {
                "loss": 0.30158827597208515,
                "acc": 0.8621673003802282
            },
            " Doctorate": {
                "loss": 0.34095803746338016,
                "acc": 0.8311688311688312
            },
            " HS-grad": {
                "loss": 0.30103726854900803,
                "acc": 0.8474088291746641
            },
            " Masters": {
                "loss": 0.281365789264012,
                "acc": 0.8641304347826086
            },
            " Preschool": {
                "loss": 0.4072516787622142,
                "acc": 0.8
            },
            " Prof-school": {
                "loss": 0.3034840224949564,
                "acc": 0.853448275862069
            },
            " Some-college": {
                "loss": 0.30223665019737783,
                "acc": 0.8572390572390572
            }
        },
        "education-num": {
            "1-9": {
                "loss": 0.301261977184596,
                "acc": 0.8514110846650799
            },
            "10-13": {
                "loss": 0.29759676043571204,
                "acc": 0.8594878529218647
            },
            "13-16": {
                "loss": 0.29411858456907597,
                "acc": 0.857397504456328
            },
            "9-10": {
                "loss": 0.30223665019737783,
                "acc": 0.8572390572390572
            }
        },
        "relationship": {
            " Husband": {
                "loss": 0.3040073602836708,
                "acc": 0.8536114329857087
            },
            " Not-in-family": {
                "loss": 0.29008046895048695,
                "acc": 0.8588235294117647
            },
            " Other-relative": {
                "loss": 0.2009399978729911,
                "acc": 0.9325842696629213
            },
            " Own-child": {
                "loss": 0.3216222372022849,
                "acc": 0.8478900883218842
            },
            " Unmarried": {
                "loss": 0.29574570550066753,
                "acc": 0.8532763532763533
            },
            " Wife": {
                "loss": 0.31598625760124155,
                "acc": 0.8322981366459627
            }
        },
        "race": {
            " Amer-Indian-Eskimo": {
                "loss": 0.2777460732562257,
                "acc": 0.8309859154929577
            },
            " Asian-Pac-Islander": {
                "loss": 0.27545505383305396,
                "acc": 0.8860103626943006
            },
            " Black": {
                "loss": 0.2986596792454007,
                "acc": 0.8497495826377296
            },
            " Other": {
                "loss": 0.3089571804075901,
                "acc": 0.8363636363636363
            },
            " White": {
                "loss": 0.3011982659421438,
                "acc": 0.8551502145922747
            }
        },
        "gender": {
            " Female": {
                "loss": 0.30404731321030054,
                "acc": 0.8503529411764705
            },
            " Male": {
                "loss": 0.2980553596255325,
                "acc": 0.8574686431014823
            }
        },
        "hours-per-week": {
            "1-35": {
                "loss": 0.2748625003969339,
                "acc": 0.8762045959970348
            },
            "35-40": {
                "loss": 0.31278001002236366,
                "acc": 0.8450126262626263
            },
            "40-50": {
                "loss": 0.2921890992403405,
                "acc": 0.8614506927465363
            },
            "50-99": {
                "loss": 0.3040217793415617,
                "acc": 0.8498694516971279
            }
        }
    }
}