{
    "age": {
        "17-26": {
            "loss": 0.4885978710943701,
            "acc": 0.7712328767123288
        },
        "26-33": {
            "loss": 1.0610167796097763,
            "acc": 0.7021459227467811
        },
        "33-41": {
            "loss": 1.636305861352569,
            "acc": 0.6090225563909775
        },
        "41-50": {
            "loss": 1.8263775886037237,
            "acc": 0.5845295055821371
        },
        "50-90": {
            "loss": 1.705298051855789,
            "acc": 0.6082949308755761
        }
    },
    "education": {
        " 10th": {
            "loss": 0.8090212304490575,
            "acc": 0.6939890710382514
        },
        " 11th": {
            "loss": 0.695400119065785,
            "acc": 0.7111111111111111
        },
        " 12th": {
            "loss": 0.7627581638711776,
            "acc": 0.7551020408163265
        },
        " 1st-4th": {
            "loss": 0.3210822605878395,
            "acc": 0.8695652173913043
        },
        " 5th-6th": {
            "loss": 0.5627511437800519,
            "acc": 0.7258064516129032
        },
        " 7th-8th": {
            "loss": 0.5118537046748288,
            "acc": 0.75177304964539
        },
        " 9th": {
            "loss": 0.4884237909176729,
            "acc": 0.8
        },
        " Assoc-acdm": {
            "loss": 1.10849675068616,
            "acc": 0.6868686868686869
        },
        " Assoc-voc": {
            "loss": 1.354366036812054,
            "acc": 0.6703296703296703
        },
        " Bachelors": {
            "loss": 2.096221654673457,
            "acc": 0.5551330798479087
        },
        " Doctorate": {
            "loss": 3.351617112369994,
            "acc": 0.4155844155844156
        },
        " HS-grad": {
            "loss": 1.0470665764810214,
            "acc": 0.7005758157389635
        },
        " Masters": {
            "loss": 2.653818615459234,
            "acc": 0.48509485094850946
        },
        " Preschool": {
            "loss": 0.5817798322940277,
            "acc": 0.6
        },
        " Prof-school": {
            "loss": 2.8863301005490447,
            "acc": 0.3879310344827586
        },
        " Some-college": {
            "loss": 1.0315933498258678,
            "acc": 0.6936026936026936
        }
    },
    "education-num": {
        "1-9": {
            "loss": 0.9309032053564469,
            "acc": 0.7106426385583134
        },
        "10-13": {
            "loss": 1.8348322162849808,
            "acc": 0.592908732764281
        },
        "13-16": {
            "loss": 2.797416153773372,
            "acc": 0.4555160142348754
        },
        "9-10": {
            "loss": 1.0315933498258678,
            "acc": 0.6936026936026936
        }
    },
    "relationship": {
        " Husband": {
            "loss": 2.1579473411565835,
            "acc": 0.5409266409266409
        },
        " Not-in-family": {
            "loss": 0.783915749363412,
            "acc": 0.741764705882353
        },
        " Other-relative": {
            "loss": 0.47407269607905017,
            "acc": 0.7584269662921348
        },
        " Own-child": {
            "loss": 0.49697894442905416,
            "acc": 0.7664376840039254
        },
        " Unmarried": {
            "loss": 0.5524971007699884,
            "acc": 0.7649572649572649
        },
        " Wife": {
            "loss": 2.285403598565895,
            "acc": 0.5093167701863354
        }
    },
    "race": {
        " Amer-Indian-Eskimo": {
            "loss": 0.5739198569983031,
            "acc": 0.676056338028169
        },
        " Asian-Pac-Islander": {
            "loss": 1.8687476982279558,
            "acc": 0.5854922279792746
        },
        " Black": {
            "loss": 0.8733797063341873,
            "acc": 0.7195325542570952
        },
        " Other": {
            "loss": 0.5273141927774523,
            "acc": 0.7454545454545455
        },
        " White": {
            "loss": 1.3736324789854324,
            "acc": 0.6518862864294654
        }
    },
    "gender": {
        " Female": {
            "loss": 0.8066487287657743,
            "acc": 0.7312941176470589
        },
        " Male": {
            "loss": 1.5782424182945922,
            "acc": 0.6212950296397629
        }
    },
    "hours-per-week": {
        "1-35": {
            "loss": 0.6838674125748164,
            "acc": 0.759822090437361
        },
        "35-40": {
            "loss": 1.1609525004069925,
            "acc": 0.6674029662354055
        },
        "40-50": {
            "loss": 2.003203889063604,
            "acc": 0.5778321108394459
        },
        "50-99": {
            "loss": 2.058450404743024,
            "acc": 0.5613577023498695
        }
    }
}