{
    "forget_x": [
        0,
        0,
        1,
        0,
        0,
        0,
        0,
        0,
        0,
        0,
        0,
        0,
        0,
        0,
        0,
        0,
        0,
        0,
        0,
        0,
        1,
        0,
        0,
        0,
        1,
        1,
        0,
        0,
        0,
        0,
        0,
        0,
        0,
        0,
        0,
        1,
        0,
        1,
        0,
        0,
        0,
        1
    ],
    "forget_y": 1,
    "sample": {
        "age": "33-41",
        "education": " Bachelors",
        "education-num": "10-13",
        "relationship": " Not-in-family",
        "race": " White",
        "gender": " Female",
        "hours-per-week": "50-99",
        "income": "<50k"
    },
    "performance": {
        "age": {
            "17-26": {
                "loss": 0.29326557429926237,
                "acc": 0.8554794520547945
            },
            "26-33": {
                "loss": 0.29947401017267844,
                "acc": 0.8487972508591065
            },
            "33-41": {
                "loss": 0.30064087665963635,
                "acc": 0.8443609022556391
            },
            "41-50": {
                "loss": 0.30160342250137756,
                "acc": 0.8564593301435407
            },
            "50-90": {
                "loss": 0.2892531727078776,
                "acc": 0.8540706605222734
            }
        },
        "education": {
            " 10th": {
                "loss": 0.3179327933565589,
                "acc": 0.8633879781420765
            },
            " 11th": {
                "loss": 0.2841653898324458,
                "acc": 0.8933333333333333
            },
            " 12th": {
                "loss": 0.3650497080498253,
                "acc": 0.8469387755102041
            },
            " 1st-4th": {
                "loss": 0.24594219358613165,
                "acc": 0.8695652173913043
            },
            " 5th-6th": {
                "loss": 0.26092294686719847,
                "acc": 0.8387096774193549
            },
            " 7th-8th": {
                "loss": 0.2713734197706803,
                "acc": 0.8723404255319149
            },
            " 9th": {
                "loss": 0.2871923460277775,
                "acc": 0.8782608695652174
            },
            " Assoc-acdm": {
                "loss": 0.30740231891097425,
                "acc": 0.8434343434343434
            },
            " Assoc-voc": {
                "loss": 0.3081009044809164,
                "acc": 0.8315018315018315
            },
            " Bachelors": {
                "loss": 0.30346560288387026,
                "acc": 0.8506184586108468
            },
            " Doctorate": {
                "loss": 0.3487620856907152,
                "acc": 0.8311688311688312
            },
            " HS-grad": {
                "loss": 0.29404560445026756,
                "acc": 0.8483685220729367
            },
            " Masters": {
                "loss": 0.27298436613729615,
                "acc": 0.8590785907859079
            },
            " Preschool": {
                "loss": 0.44836391824725724,
                "acc": 0.7
            },
            " Prof-school": {
                "loss": 0.27609997965004784,
                "acc": 0.8706896551724138
            },
            " Some-college": {
                "loss": 0.2960269236601924,
                "acc": 0.8505050505050505
            }
        },
        "education-num": {
            "1-9": {
                "loss": 0.29523737819835794,
                "acc": 0.8544712682760965
            },
            "10-13": {
                "loss": 0.30480916865874585,
                "acc": 0.8462549277266754
            },
            "13-16": {
                "loss": 0.28400980310009427,
                "acc": 0.8576512455516014
            },
            "9-10": {
                "loss": 0.2960269236601924,
                "acc": 0.8505050505050505
            }
        },
        "relationship": {
            " Husband": {
                "loss": 0.29801077024423206,
                "acc": 0.8528957528957529
            },
            " Not-in-family": {
                "loss": 0.28946605209807497,
                "acc": 0.85167745732784
            },
            " Other-relative": {
                "loss": 0.19499951333799306,
                "acc": 0.9101123595505618
            },
            " Own-child": {
                "loss": 0.31601270430769557,
                "acc": 0.8341511285574092
            },
            " Unmarried": {
                "loss": 0.3008107213351659,
                "acc": 0.8589743589743589
            },
            " Wife": {
                "loss": 0.3101846958678294,
                "acc": 0.8540372670807453
            }
        },
        "race": {
            " Amer-Indian-Eskimo": {
                "loss": 0.28629619539228207,
                "acc": 0.8450704225352113
            },
            " Asian-Pac-Islander": {
                "loss": 0.26226331369647926,
                "acc": 0.8860103626943006
            },
            " Black": {
                "loss": 0.31288714333995876,
                "acc": 0.8430717863105175
            },
            " Other": {
                "loss": 0.2687892393549142,
                "acc": 0.8545454545454545
            },
            " White": {
                "loss": 0.2965449782754272,
                "acc": 0.8517525035765379
            }
        },
        "gender": {
            " Female": {
                "loss": 0.29953599224071764,
                "acc": 0.8498116760828626
            },
            " Male": {
                "loss": 0.29530591140864915,
                "acc": 0.8529411764705882
            }
        },
        "hours-per-week": {
            "1-35": {
                "loss": 0.26884817302892505,
                "acc": 0.8710155670867309
            },
            "35-40": {
                "loss": 0.3086860447717501,
                "acc": 0.8434343434343434
            },
            "40-50": {
                "loss": 0.2952529993274038,
                "acc": 0.8516707416462918
            },
            "50-99": {
                "loss": 0.29837750591380136,
                "acc": 0.8537859007832899
            }
        }
    }
}