{
    "forget_x": [
        0,
        0,
        0,
        1,
        0,
        0,
        0,
        0,
        0,
        0,
        0,
        0,
        0,
        0,
        0,
        0,
        1,
        0,
        0,
        0,
        0,
        1,
        0,
        0,
        0,
        1,
        0,
        0,
        0,
        0,
        0,
        0,
        0,
        0,
        0,
        1,
        0,
        1,
        0,
        1,
        0,
        0
    ],
    "forget_y": 0,
    "sample": {
        "age": "33-41",
        "education": " Some-college",
        "education-num": "9-10",
        "relationship": " Husband",
        "race": " White",
        "gender": " Male",
        "hours-per-week": "50-99",
        "income": ">=50k"
    },
    "performance": {
        "age": {
            "17-26": {
                "loss": 0.29128267647637485,
                "acc": 0.8589041095890411
            },
            "26-33": {
                "loss": 0.29119336056579376,
                "acc": 0.8530927835051546
            },
            "33-41": {
                "loss": 0.29629698086407313,
                "acc": 0.8511278195488722
            },
            "41-50": {
                "loss": 0.2959008048783908,
                "acc": 0.8628389154704944
            },
            "50-90": {
                "loss": 0.28949196676294126,
                "acc": 0.8533026113671275
            }
        },
        "education": {
            " 10th": {
                "loss": 0.32785671705137215,
                "acc": 0.8415300546448088
            },
            " 11th": {
                "loss": 0.28471816262530053,
                "acc": 0.8755555555555555
            },
            " 12th": {
                "loss": 0.37260280235228743,
                "acc": 0.8367346938775511
            },
            " 1st-4th": {
                "loss": 0.2414690305244213,
                "acc": 0.8695652173913043
            },
            " 5th-6th": {
                "loss": 0.2656290034494132,
                "acc": 0.8225806451612904
            },
            " 7th-8th": {
                "loss": 0.2518266387867046,
                "acc": 0.8936170212765957
            },
            " 9th": {
                "loss": 0.2767882274711701,
                "acc": 0.8695652173913043
            },
            " Assoc-acdm": {
                "loss": 0.298332748640772,
                "acc": 0.8434343434343434
            },
            " Assoc-voc": {
                "loss": 0.29909374382244386,
                "acc": 0.8351648351648352
            },
            " Bachelors": {
                "loss": 0.2938804589645571,
                "acc": 0.8650190114068441
            },
            " Doctorate": {
                "loss": 0.3413497117514469,
                "acc": 0.8311688311688312
            },
            " HS-grad": {
                "loss": 0.29101291121365797,
                "acc": 0.8502879078694817
            },
            " Masters": {
                "loss": 0.2705240577053829,
                "acc": 0.8672086720867209
            },
            " Preschool": {
                "loss": 0.3541187712339717,
                "acc": 0.9
            },
            " Prof-school": {
                "loss": 0.2840325396465991,
                "acc": 0.8620689655172413
            },
            " Some-college": {
                "loss": 0.29473557402738326,
                "acc": 0.8571428571428571
            }
        },
        "education-num": {
            "1-9": {
                "loss": 0.2923997018929797,
                "acc": 0.8537912274736484
            },
            "10-13": {
                "loss": 0.295393774868755,
                "acc": 0.8568614576493763
            },
            "13-16": {
                "loss": 0.2830161560447562,
                "acc": 0.8612099644128114
            },
            "9-10": {
                "loss": 0.29473557402738326,
                "acc": 0.8571428571428571
            }
        },
        "relationship": {
            " Husband": {
                "loss": 0.2972558899574405,
                "acc": 0.8536114329857087
            },
            " Not-in-family": {
                "loss": 0.2815864486524754,
                "acc": 0.8605882352941177
            },
            " Other-relative": {
                "loss": 0.18706547233991738,
                "acc": 0.9213483146067416
            },
            " Own-child": {
                "loss": 0.3102302544219609,
                "acc": 0.8508341511285574
            },
            " Unmarried": {
                "loss": 0.2984076440688424,
                "acc": 0.8518518518518519
            },
            " Wife": {
                "loss": 0.3076956604606386,
                "acc": 0.8385093167701864
            }
        },
        "race": {
            " Amer-Indian-Eskimo": {
                "loss": 0.26832207340138425,
                "acc": 0.8591549295774648
            },
            " Asian-Pac-Islander": {
                "loss": 0.24852869178721468,
                "acc": 0.9015544041450777
            },
            " Black": {
                "loss": 0.30336732274845307,
                "acc": 0.8447412353923205
            },
            " Other": {
                "loss": 0.2946217278467382,
                "acc": 0.8181818181818182
            },
            " White": {
                "loss": 0.29351516235011404,
                "acc": 0.855865522174535
            }
        },
        "gender": {
            " Female": {
                "loss": 0.2963165787056149,
                "acc": 0.8541176470588235
            },
            " Male": {
                "loss": 0.29112934645307265,
                "acc": 0.8567844925883694
            }
        },
        "hours-per-week": {
            "1-35": {
                "loss": 0.2646708354732631,
                "acc": 0.8776871756856931
            },
            "35-40": {
                "loss": 0.3073451176185022,
                "acc": 0.8440656565656566
            },
            "40-50": {
                "loss": 0.28287811857061756,
                "acc": 0.8614506927465363
            },
            "50-99": {
                "loss": 0.298267849596817,
                "acc": 0.8577023498694517
            }
        }
    }
}