{
    "age": {
        "17-26": {
            "loss": 0.4861887510837512,
            "acc": 0.7650684931506849
        },
        "26-33": {
            "loss": 0.9374240199774948,
            "acc": 0.6978540772532189
        },
        "33-41": {
            "loss": 1.4081091599434459,
            "acc": 0.6022556390977444
        },
        "41-50": {
            "loss": 1.6195312232001875,
            "acc": 0.5853269537480064
        },
        "50-90": {
            "loss": 1.4412806608833588,
            "acc": 0.6052227342549923
        }
    },
    "education": {
        " 10th": {
            "loss": 0.708056575821022,
            "acc": 0.6939890710382514
        },
        " 11th": {
            "loss": 0.6610869841751751,
            "acc": 0.7111111111111111
        },
        " 12th": {
            "loss": 0.6741239200264082,
            "acc": 0.7551020408163265
        },
        " 1st-4th": {
            "loss": 0.341083683161171,
            "acc": 0.9130434782608695
        },
        " 5th-6th": {
            "loss": 0.556204747012066,
            "acc": 0.7580645161290323
        },
        " 7th-8th": {
            "loss": 0.477238992486125,
            "acc": 0.7375886524822695
        },
        " 9th": {
            "loss": 0.48329110003769493,
            "acc": 0.7565217391304347
        },
        " Assoc-acdm": {
            "loss": 0.9951214465084485,
            "acc": 0.6767676767676768
        },
        " Assoc-voc": {
            "loss": 1.196440003969305,
            "acc": 0.673992673992674
        },
        " Bachelors": {
            "loss": 1.7752540632961942,
            "acc": 0.5565052231718899
        },
        " Doctorate": {
            "loss": 2.811233738290807,
            "acc": 0.4155844155844156
        },
        " HS-grad": {
            "loss": 0.9294686597581897,
            "acc": 0.6904990403071017
        },
        " Masters": {
            "loss": 2.252260277594714,
            "acc": 0.4959349593495935
        },
        " Preschool": {
            "loss": 0.6531477445607353,
            "acc": 0.6
        },
        " Prof-school": {
            "loss": 2.5602997827850276,
            "acc": 0.3706896551724138
        },
        " Some-college": {
            "loss": 0.9376582067962672,
            "acc": 0.6913746630727763
        }
    },
    "education-num": {
        "1-9": {
            "loss": 0.8341128958963822,
            "acc": 0.7021421285277116
        },
        "10-13": {
            "loss": 1.5702130552120628,
            "acc": 0.5931758530183727
        },
        "13-16": {
            "loss": 2.392426717231146,
            "acc": 0.45907473309608543
        },
        "9-10": {
            "loss": 0.9376582067962672,
            "acc": 0.6913746630727763
        }
    },
    "relationship": {
        " Husband": {
            "loss": 1.8333027354776872,
            "acc": 0.5365005793742758
        },
        " Not-in-family": {
            "loss": 0.7169727245455834,
            "acc": 0.7383891828336273
        },
        " Other-relative": {
            "loss": 0.4921272923044203,
            "acc": 0.7471910112359551
        },
        " Own-child": {
            "loss": 0.4979271132126554,
            "acc": 0.7644749754661433
        },
        " Unmarried": {
            "loss": 0.564345834793637,
            "acc": 0.7492877492877493
        },
        " Wife": {
            "loss": 1.9410272295690603,
            "acc": 0.5279503105590062
        }
    },
    "race": {
        " Amer-Indian-Eskimo": {
            "loss": 0.6044830001368009,
            "acc": 0.7183098591549296
        },
        " Asian-Pac-Islander": {
            "loss": 1.6272794680324132,
            "acc": 0.5958549222797928
        },
        " Black": {
            "loss": 0.8094145811076661,
            "acc": 0.6978297161936561
        },
        " Other": {
            "loss": 0.5086640042156431,
            "acc": 0.7636363636363637
        },
        " White": {
            "loss": 1.2001359256729367,
            "acc": 0.6484891829072055
        }
    },
    "gender": {
        " Female": {
            "loss": 0.7400214775495598,
            "acc": 0.7295390404515522
        },
        " Male": {
            "loss": 1.3703246649198773,
            "acc": 0.6161915621436717
        }
    },
    "hours-per-week": {
        "1-35": {
            "loss": 0.6341756189004618,
            "acc": 0.7516679021497406
        },
        "35-40": {
            "loss": 1.034309055126065,
            "acc": 0.6658251814452508
        },
        "40-50": {
            "loss": 1.7105467262024683,
            "acc": 0.5770171149144254
        },
        "50-99": {
            "loss": 1.7625198150161432,
            "acc": 0.5496083550913838
        }
    }
}