{
    "forget_x": [
        0,
        1,
        0,
        0,
        0,
        0,
        0,
        0,
        0,
        0,
        0,
        0,
        0,
        1,
        0,
        0,
        0,
        0,
        0,
        0,
        0,
        0,
        1,
        0,
        0,
        0,
        1,
        0,
        0,
        0,
        0,
        0,
        0,
        0,
        0,
        1,
        0,
        1,
        0,
        0,
        0,
        1
    ],
    "forget_y": 0,
    "sample": {
        "age": "50-90",
        "education": " 9th",
        "education-num": "1-9",
        "relationship": " Not-in-family",
        "race": " White",
        "gender": " Female",
        "hours-per-week": "35-40",
        "income": "<50k"
    },
    "performance": {
        "age": {
            "17-26": {
                "loss": 0.29436959608588403,
                "acc": 0.8623287671232877
            },
            "26-33": {
                "loss": 0.2969456751999729,
                "acc": 0.8487972508591065
            },
            "33-41": {
                "loss": 0.2934565117221308,
                "acc": 0.8564988730277987
            },
            "41-50": {
                "loss": 0.2984058007067098,
                "acc": 0.8572567783094099
            },
            "50-90": {
                "loss": 0.29574648262450715,
                "acc": 0.8554957724827056
            }
        },
        "education": {
            " 10th": {
                "loss": 0.33525243559662465,
                "acc": 0.8415300546448088
            },
            " 11th": {
                "loss": 0.3033481885779487,
                "acc": 0.8577777777777778
            },
            " 12th": {
                "loss": 0.34611545520478476,
                "acc": 0.8061224489795918
            },
            " 1st-4th": {
                "loss": 0.28517671136988965,
                "acc": 0.8695652173913043
            },
            " 5th-6th": {
                "loss": 0.2413140291468018,
                "acc": 0.8709677419354839
            },
            " 7th-8th": {
                "loss": 0.2561962660392545,
                "acc": 0.900709219858156
            },
            " 9th": {
                "loss": 0.2876302464127539,
                "acc": 0.8596491228070176
            },
            " Assoc-acdm": {
                "loss": 0.303907904272967,
                "acc": 0.8535353535353535
            },
            " Assoc-voc": {
                "loss": 0.3026044422831706,
                "acc": 0.8461538461538461
            },
            " Bachelors": {
                "loss": 0.29870078943126255,
                "acc": 0.8612167300380228
            },
            " Doctorate": {
                "loss": 0.33154089664944253,
                "acc": 0.8441558441558441
            },
            " HS-grad": {
                "loss": 0.2943949692917245,
                "acc": 0.8522072936660269
            },
            " Masters": {
                "loss": 0.2797141348700005,
                "acc": 0.8753387533875339
            },
            " Preschool": {
                "loss": 0.3906133365050807,
                "acc": 0.7
            },
            " Prof-school": {
                "loss": 0.2811416466098405,
                "acc": 0.853448275862069
            },
            " Some-college": {
                "loss": 0.29308099617488304,
                "acc": 0.857912457912458
            }
        },
        "education-num": {
            "1-9": {
                "loss": 0.29638882921581394,
                "acc": 0.8530612244897959
            },
            "10-13": {
                "loss": 0.3000774840912944,
                "acc": 0.8575180564674983
            },
            "13-16": {
                "loss": 0.2871096010956915,
                "acc": 0.8665480427046264
            },
            "9-10": {
                "loss": 0.29308099617488304,
                "acc": 0.857912457912458
            }
        },
        "relationship": {
            " Husband": {
                "loss": 0.29873437365995753,
                "acc": 0.8563706563706563
            },
            " Not-in-family": {
                "loss": 0.28360106010375485,
                "acc": 0.8605061801059447
            },
            " Other-relative": {
                "loss": 0.18543871818254834,
                "acc": 0.9438202247191011
            },
            " Own-child": {
                "loss": 0.32048317934519743,
                "acc": 0.8420019627085378
            },
            " Unmarried": {
                "loss": 0.2967479982477479,
                "acc": 0.8575498575498576
            },
            " Wife": {
                "loss": 0.31529275169651294,
                "acc": 0.8291925465838509
            }
        },
        "race": {
            " Amer-Indian-Eskimo": {
                "loss": 0.29665442122376695,
                "acc": 0.8450704225352113
            },
            " Asian-Pac-Islander": {
                "loss": 0.2703838716821465,
                "acc": 0.8860103626943006
            },
            " Black": {
                "loss": 0.2940969449916817,
                "acc": 0.8564273789649416
            },
            " Other": {
                "loss": 0.29452445140875416,
                "acc": 0.8363636363636363
            },
            " White": {
                "loss": 0.29674044622352846,
                "acc": 0.85568669527897
            }
        },
        "gender": {
            " Female": {
                "loss": 0.3005432315199695,
                "acc": 0.8540489642184558
            },
            " Male": {
                "loss": 0.29334888681089855,
                "acc": 0.8575011399908801
            }
        },
        "hours-per-week": {
            "1-35": {
                "loss": 0.2728124790795527,
                "acc": 0.8717568569310601
            },
            "35-40": {
                "loss": 0.3093924415713534,
                "acc": 0.847489737922324
            },
            "40-50": {
                "loss": 0.28375998413253395,
                "acc": 0.8614506927465363
            },
            "50-99": {
                "loss": 0.2984858462002642,
                "acc": 0.8578878748370273
            }
        }
    }
}