{
    "age": {
        "17-26": {
            "loss": 0.5495901627444844,
            "acc": 0.7335616438356164
        },
        "26-33": {
            "loss": 0.9698316059566825,
            "acc": 0.6678111587982832
        },
        "33-41": {
            "loss": 1.395268002271106,
            "acc": 0.5950413223140496
        },
        "41-50": {
            "loss": 1.5413404383693374,
            "acc": 0.5781499202551834
        },
        "50-90": {
            "loss": 1.4489548543785187,
            "acc": 0.5980015372790162
        }
    },
    "education": {
        " 10th": {
            "loss": 0.7518615481600429,
            "acc": 0.6612021857923497
        },
        " 11th": {
            "loss": 0.7267148188591399,
            "acc": 0.6844444444444444
        },
        " 12th": {
            "loss": 0.6813895130292428,
            "acc": 0.7142857142857143
        },
        " 1st-4th": {
            "loss": 0.43367094330776707,
            "acc": 0.782608695652174
        },
        " 5th-6th": {
            "loss": 0.6499100237566964,
            "acc": 0.7258064516129032
        },
        " 7th-8th": {
            "loss": 0.544264894026845,
            "acc": 0.75177304964539
        },
        " 9th": {
            "loss": 0.5369439525836794,
            "acc": 0.7631578947368421
        },
        " Assoc-acdm": {
            "loss": 0.9846577080065035,
            "acc": 0.6717171717171717
        },
        " Assoc-voc": {
            "loss": 1.175993640897422,
            "acc": 0.63003663003663
        },
        " Bachelors": {
            "loss": 1.787175227383523,
            "acc": 0.5451092117758785
        },
        " Doctorate": {
            "loss": 2.7237467661416677,
            "acc": 0.38961038961038963
        },
        " HS-grad": {
            "loss": 0.9477526161841532,
            "acc": 0.6746641074856046
        },
        " Masters": {
            "loss": 2.13332995345462,
            "acc": 0.4742547425474255
        },
        " Preschool": {
            "loss": 0.7332293764182267,
            "acc": 0.5
        },
        " Prof-school": {
            "loss": 2.42240205464922,
            "acc": 0.41379310344827586
        },
        " Some-college": {
            "loss": 0.9379866791529193,
            "acc": 0.6734006734006734
        }
    },
    "education-num": {
        "1-9": {
            "loss": 0.8634517787573914,
            "acc": 0.6843537414965987
        },
        "10-13": {
            "loss": 1.573427824530924,
            "acc": 0.5767716535433071
        },
        "13-16": {
            "loss": 2.273889487823794,
            "acc": 0.4501779359430605
        },
        "9-10": {
            "loss": 0.9379866791529193,
            "acc": 0.6734006734006734
        }
    },
    "relationship": {
        " Husband": {
            "loss": 1.7746228263092347,
            "acc": 0.5316602316602317
        },
        " Not-in-family": {
            "loss": 0.7685429556323038,
            "acc": 0.7123529411764706
        },
        " Other-relative": {
            "loss": 0.5134410098588762,
            "acc": 0.7303370786516854
        },
        " Own-child": {
            "loss": 0.5629622625373641,
            "acc": 0.732090284592738
        },
        " Unmarried": {
            "loss": 0.6040684798297494,
            "acc": 0.7350427350427351
        },
        " Wife": {
            "loss": 1.9111337950129133,
            "acc": 0.5093167701863354
        }
    },
    "race": {
        " Amer-Indian-Eskimo": {
            "loss": 0.6279142837771761,
            "acc": 0.676056338028169
        },
        " Asian-Pac-Islander": {
            "loss": 1.6273510295820899,
            "acc": 0.5699481865284974
        },
        " Black": {
            "loss": 0.8187445042850912,
            "acc": 0.6944908180300501
        },
        " Other": {
            "loss": 0.571850716744303,
            "acc": 0.6727272727272727
        },
        " White": {
            "loss": 1.2027083737682298,
            "acc": 0.6316824602181298
        }
    },
    "gender": {
        " Female": {
            "loss": 0.7793104829091825,
            "acc": 0.7082352941176471
        },
        " Male": {
            "loss": 1.3568749586522837,
            "acc": 0.601687186502508
        }
    },
    "hours-per-week": {
        "1-35": {
            "loss": 0.6787233061785055,
            "acc": 0.7309117865085248
        },
        "35-40": {
            "loss": 1.0440750678091224,
            "acc": 0.6439393939393939
        },
        "40-50": {
            "loss": 1.6876827537682833,
            "acc": 0.5672371638141809
        },
        "50-99": {
            "loss": 1.7122217093913186,
            "acc": 0.5501955671447197
        }
    }
}