{
    "forget_x": [
        0,
        0,
        0,
        1,
        0,
        0,
        0,
        0,
        0,
        0,
        0,
        0,
        0,
        0,
        0,
        0,
        0,
        0,
        0,
        0,
        1,
        0,
        0,
        0,
        1,
        0,
        1,
        0,
        0,
        0,
        0,
        0,
        0,
        0,
        0,
        1,
        0,
        1,
        0,
        0,
        0,
        1
    ],
    "forget_y": 1,
    "sample": {
        "age": "26-33",
        "education": " Assoc-voc",
        "education-num": "10-13",
        "relationship": " Not-in-family",
        "race": " White",
        "gender": " Male",
        "hours-per-week": "50-99",
        "income": "<50k"
    },
    "performance": {
        "age": {
            "17-26": {
                "loss": 0.2885513428209292,
                "acc": 0.8657534246575342
            },
            "26-33": {
                "loss": 0.29197275704746695,
                "acc": 0.8486672398968186
            },
            "33-41": {
                "loss": 0.29752724079035203,
                "acc": 0.8542449286250939
            },
            "41-50": {
                "loss": 0.29900215699198984,
                "acc": 0.8548644338118022
            },
            "50-90": {
                "loss": 0.28771578475103343,
                "acc": 0.8617511520737328
            }
        },
        "education": {
            " 10th": {
                "loss": 0.33246199264662496,
                "acc": 0.8579234972677595
            },
            " 11th": {
                "loss": 0.2907627954274899,
                "acc": 0.8622222222222222
            },
            " 12th": {
                "loss": 0.34693329805431544,
                "acc": 0.826530612244898
            },
            " 1st-4th": {
                "loss": 0.23777367804244035,
                "acc": 0.8695652173913043
            },
            " 5th-6th": {
                "loss": 0.23036427001622753,
                "acc": 0.8709677419354839
            },
            " 7th-8th": {
                "loss": 0.25349898011010913,
                "acc": 0.9078014184397163
            },
            " 9th": {
                "loss": 0.2692195668439219,
                "acc": 0.8521739130434782
            },
            " Assoc-acdm": {
                "loss": 0.3012059643635126,
                "acc": 0.8484848484848485
            },
            " Assoc-voc": {
                "loss": 0.28584431398442905,
                "acc": 0.8492647058823529
            },
            " Bachelors": {
                "loss": 0.29888675362501244,
                "acc": 0.8612167300380228
            },
            " Doctorate": {
                "loss": 0.34192204876756477,
                "acc": 0.8311688311688312
            },
            " HS-grad": {
                "loss": 0.2889510824215542,
                "acc": 0.8546065259117083
            },
            " Masters": {
                "loss": 0.2761565302179739,
                "acc": 0.8699186991869918
            },
            " Preschool": {
                "loss": 0.37693946202343226,
                "acc": 0.8
            },
            " Prof-school": {
                "loss": 0.2927739053383727,
                "acc": 0.853448275862069
            },
            " Some-college": {
                "loss": 0.2961237633295121,
                "acc": 0.8565656565656565
            }
        },
        "education-num": {
            "1-9": {
                "loss": 0.28992182010885775,
                "acc": 0.8571914314858892
            },
            "10-13": {
                "loss": 0.29685762099950913,
                "acc": 0.8574244415243101
            },
            "13-16": {
                "loss": 0.2885970292255986,
                "acc": 0.8612099644128114
            },
            "9-10": {
                "loss": 0.2961237633295121,
                "acc": 0.8565656565656565
            }
        },
        "relationship": {
            " Husband": {
                "loss": 0.29903256487133933,
                "acc": 0.8563706563706563
            },
            " Not-in-family": {
                "loss": 0.2774477332675008,
                "acc": 0.8652148322542672
            },
            " Other-relative": {
                "loss": 0.1841565198886632,
                "acc": 0.9325842696629213
            },
            " Own-child": {
                "loss": 0.31332209836820035,
                "acc": 0.8469087340529932
            },
            " Unmarried": {
                "loss": 0.29556942589924545,
                "acc": 0.8504273504273504
            },
            " Wife": {
                "loss": 0.31363302320997843,
                "acc": 0.8322981366459627
            }
        },
        "race": {
            " Amer-Indian-Eskimo": {
                "loss": 0.26484493756506244,
                "acc": 0.8450704225352113
            },
            " Asian-Pac-Islander": {
                "loss": 0.26329950881718556,
                "acc": 0.8808290155440415
            },
            " Black": {
                "loss": 0.2893596783656371,
                "acc": 0.8564273789649416
            },
            " Other": {
                "loss": 0.3274480877814318,
                "acc": 0.8363636363636363
            },
            " White": {
                "loss": 0.2942517530637849,
                "acc": 0.8571173104434907
            }
        },
        "gender": {
            " Female": {
                "loss": 0.29480721759121364,
                "acc": 0.856
            },
            " Male": {
                "loss": 0.29189221292797835,
                "acc": 0.8581527936145952
            }
        },
        "hours-per-week": {
            "1-35": {
                "loss": 0.2687235124873101,
                "acc": 0.876945885841364
            },
            "35-40": {
                "loss": 0.3041426878932236,
                "acc": 0.8506944444444444
            },
            "40-50": {
                "loss": 0.2870308406410541,
                "acc": 0.856560717196414
            },
            "50-99": {
                "loss": 0.29790312795408225,
                "acc": 0.8524804177545692
            }
        }
    }
}