{
    "age": {
        "17-26": {
            "loss": 0.5132413117770822,
            "acc": 0.7582191780821917
        },
        "26-33": {
            "loss": 1.0435800706843488,
            "acc": 0.6915807560137457
        },
        "33-41": {
            "loss": 1.6144506909443148,
            "acc": 0.599549211119459
        },
        "41-50": {
            "loss": 1.8279127402720354,
            "acc": 0.5749601275917066
        },
        "50-90": {
            "loss": 1.6564427086236342,
            "acc": 0.6006144393241167
        }
    },
    "education": {
        " 10th": {
            "loss": 0.8175086978414874,
            "acc": 0.6775956284153005
        },
        " 11th": {
            "loss": 0.7311360519769565,
            "acc": 0.7066666666666667
        },
        " 12th": {
            "loss": 0.724238430151397,
            "acc": 0.7551020408163265
        },
        " 1st-4th": {
            "loss": 0.32858853148939066,
            "acc": 0.8695652173913043
        },
        " 5th-6th": {
            "loss": 0.5608811596983314,
            "acc": 0.7096774193548387
        },
        " 7th-8th": {
            "loss": 0.5268742102040521,
            "acc": 0.7375886524822695
        },
        " 9th": {
            "loss": 0.500804461509506,
            "acc": 0.7652173913043478
        },
        " Assoc-acdm": {
            "loss": 1.0643058090594928,
            "acc": 0.6919191919191919
        },
        " Assoc-voc": {
            "loss": 1.3162091459935095,
            "acc": 0.6470588235294118
        },
        " Bachelors": {
            "loss": 2.023183016043477,
            "acc": 0.5470085470085471
        },
        " Doctorate": {
            "loss": 3.4232055425661825,
            "acc": 0.4025974025974026
        },
        " HS-grad": {
            "loss": 1.0428454595066272,
            "acc": 0.6871401151631478
        },
        " Masters": {
            "loss": 2.628891394528012,
            "acc": 0.4823848238482385
        },
        " Preschool": {
            "loss": 0.599175139694539,
            "acc": 0.7
        },
        " Prof-school": {
            "loss": 3.0088703665003784,
            "acc": 0.3793103448275862
        },
        " Some-college": {
            "loss": 1.0379621541922646,
            "acc": 0.6861952861952862
        }
    },
    "education-num": {
        "1-9": {
            "loss": 0.9311733095550221,
            "acc": 0.6977218633117988
        },
        "10-13": {
            "loss": 1.7722607707142455,
            "acc": 0.5837163493105713
        },
        "13-16": {
            "loss": 2.8161507364278933,
            "acc": 0.4501779359430605
        },
        "9-10": {
            "loss": 1.0379621541922646,
            "acc": 0.6861952861952862
        }
    },
    "relationship": {
        " Husband": {
            "loss": 2.1053896677211004,
            "acc": 0.5339768339768339
        },
        " Not-in-family": {
            "loss": 0.7883842457546055,
            "acc": 0.7282352941176471
        },
        " Other-relative": {
            "loss": 0.48191058354779415,
            "acc": 0.7415730337078652
        },
        " Own-child": {
            "loss": 0.5374459115112041,
            "acc": 0.7517173699705594
        },
        " Unmarried": {
            "loss": 0.5841878756832258,
            "acc": 0.7478632478632479
        },
        " Wife": {
            "loss": 2.2516601131539695,
            "acc": 0.5248447204968945
        }
    },
    "race": {
        " Amer-Indian-Eskimo": {
            "loss": 0.6252844480199573,
            "acc": 0.704225352112676
        },
        " Asian-Pac-Islander": {
            "loss": 1.9638961433866409,
            "acc": 0.5751295336787565
        },
        " Black": {
            "loss": 0.8625032745431908,
            "acc": 0.7095158597662772
        },
        " Other": {
            "loss": 0.5204649545828628,
            "acc": 0.7272727272727273
        },
        " White": {
            "loss": 1.3576063265887024,
            "acc": 0.6413373860182371
        }
    },
    "gender": {
        " Female": {
            "loss": 0.8193735504049714,
            "acc": 0.7196613358419567
        },
        " Male": {
            "loss": 1.5552556902818988,
            "acc": 0.6118586088939567
        }
    },
    "hours-per-week": {
        "1-35": {
            "loss": 0.7063739402196051,
            "acc": 0.7479614529280949
        },
        "35-40": {
            "loss": 1.1486136626727315,
            "acc": 0.6582518144525087
        },
        "40-50": {
            "loss": 1.9799746076061724,
            "acc": 0.5704971475142624
        },
        "50-99": {
            "loss": 2.0097916242143534,
            "acc": 0.5456919060052219
        }
    }
}