{
    "age": {
        "17-26": {
            "loss": 0.41902674746875523,
            "acc": 0.8041095890410959
        },
        "26-33": {
            "loss": 0.9784538507106855,
            "acc": 0.7218884120171674
        },
        "33-41": {
            "loss": 1.5394144172325794,
            "acc": 0.6198347107438017
        },
        "41-50": {
            "loss": 1.7186328855225141,
            "acc": 0.5881883479648843
        },
        "50-90": {
            "loss": 1.6010540664927202,
            "acc": 0.6282642089093702
        }
    },
    "education": {
        " 10th": {
            "loss": 0.6781042754488427,
            "acc": 0.73224043715847
        },
        " 11th": {
            "loss": 0.6185309616162981,
            "acc": 0.7688888888888888
        },
        " 12th": {
            "loss": 0.6432479260644277,
            "acc": 0.7653061224489796
        },
        " 1st-4th": {
            "loss": 0.26318242157406585,
            "acc": 0.9130434782608695
        },
        " 5th-6th": {
            "loss": 0.5378445578045553,
            "acc": 0.7903225806451613
        },
        " 7th-8th": {
            "loss": 0.41736083914952704,
            "acc": 0.7943262411347518
        },
        " 9th": {
            "loss": 0.4189046532574026,
            "acc": 0.8
        },
        " Assoc-acdm": {
            "loss": 1.1093704864642464,
            "acc": 0.7171717171717171
        },
        " Assoc-voc": {
            "loss": 1.2298163237167965,
            "acc": 0.6886446886446886
        },
        " Bachelors": {
            "loss": 2.0076798853324354,
            "acc": 0.560303893637227
        },
        " Doctorate": {
            "loss": 3.1551278909286005,
            "acc": 0.37662337662337664
        },
        " HS-grad": {
            "loss": 0.9388413200402931,
            "acc": 0.7212092130518234
        },
        " Masters": {
            "loss": 2.5229891791858763,
            "acc": 0.5067750677506775
        },
        " Preschool": {
            "loss": 0.43614065974000116,
            "acc": 0.7
        },
        " Prof-school": {
            "loss": 2.8569239321320192,
            "acc": 0.3706896551724138
        },
        " Some-college": {
            "loss": 0.9637571288698124,
            "acc": 0.7075471698113207
        }
    },
    "education-num": {
        "1-9": {
            "loss": 0.8274835208470742,
            "acc": 0.736484189051343
        },
        "10-13": {
            "loss": 1.7516286955050258,
            "acc": 0.6036745406824147
        },
        "13-16": {
            "loss": 2.6785249659224295,
            "acc": 0.4608540925266904
        },
        "9-10": {
            "loss": 0.9637571288698124,
            "acc": 0.7075471698113207
        }
    },
    "relationship": {
        " Husband": {
            "loss": 2.0305971658993878,
            "acc": 0.544015444015444
        },
        " Not-in-family": {
            "loss": 0.6964442633634214,
            "acc": 0.7652941176470588
        },
        " Other-relative": {
            "loss": 0.4173091076576383,
            "acc": 0.8089887640449438
        },
        " Own-child": {
            "loss": 0.42978883989948674,
            "acc": 0.802747791952895
        },
        " Unmarried": {
            "loss": 0.5140850357347414,
            "acc": 0.7934472934472935
        },
        " Wife": {
            "loss": 2.2432680911443286,
            "acc": 0.515527950310559
        }
    },
    "race": {
        " Amer-Indian-Eskimo": {
            "loss": 0.6152998129123504,
            "acc": 0.704225352112676
        },
        " Asian-Pac-Islander": {
            "loss": 1.7119296045446666,
            "acc": 0.6010362694300518
        },
        " Black": {
            "loss": 0.7634383974235118,
            "acc": 0.7378964941569283
        },
        " Other": {
            "loss": 0.43565726913366615,
            "acc": 0.8
        },
        " White": {
            "loss": 1.2843390535668133,
            "acc": 0.6692293938852136
        }
    },
    "gender": {
        " Female": {
            "loss": 0.7427964447654496,
            "acc": 0.7549388523047977
        },
        " Male": {
            "loss": 1.473083816483644,
            "acc": 0.636259977194983
        }
    },
    "hours-per-week": {
        "1-35": {
            "loss": 0.5948403451785068,
            "acc": 0.7857672349888807
        },
        "35-40": {
            "loss": 1.0844542276880516,
            "acc": 0.6920164089618176
        },
        "40-50": {
            "loss": 1.892577242883503,
            "acc": 0.5835370823145885
        },
        "50-99": {
            "loss": 1.9287081287791368,
            "acc": 0.556135770234987
        }
    }
}