{
    "age": {
        "17-26": {
            "loss": 0.43353879191149364,
            "acc": 0.798492117888965
        },
        "26-33": {
            "loss": 0.9602986256393105,
            "acc": 0.7055793991416309
        },
        "33-41": {
            "loss": 1.4862327218152354,
            "acc": 0.6153268219383922
        },
        "41-50": {
            "loss": 1.7052170306306573,
            "acc": 0.5869218500797448
        },
        "50-90": {
            "loss": 1.585646875969314,
            "acc": 0.6159754224270353
        }
    },
    "education": {
        " 10th": {
            "loss": 0.6965272815950642,
            "acc": 0.7158469945355191
        },
        " 11th": {
            "loss": 0.6727625051134616,
            "acc": 0.7288888888888889
        },
        " 12th": {
            "loss": 0.6471049993830323,
            "acc": 0.7755102040816326
        },
        " 1st-4th": {
            "loss": 0.28779621244889214,
            "acc": 0.8695652173913043
        },
        " 5th-6th": {
            "loss": 0.5184532588535993,
            "acc": 0.7580645161290323
        },
        " 7th-8th": {
            "loss": 0.4286480343513731,
            "acc": 0.7872340425531915
        },
        " 9th": {
            "loss": 0.43580885997844054,
            "acc": 0.8
        },
        " Assoc-acdm": {
            "loss": 1.0103335710661359,
            "acc": 0.7121212121212122
        },
        " Assoc-voc": {
            "loss": 1.2018523886332455,
            "acc": 0.6666666666666666
        },
        " Bachelors": {
            "loss": 1.9651455579904753,
            "acc": 0.5660018993352327
        },
        " Doctorate": {
            "loss": 3.0624041402862607,
            "acc": 0.38961038961038963
        },
        " HS-grad": {
            "loss": 0.9458403897499603,
            "acc": 0.7092130518234165
        },
        " Masters": {
            "loss": 2.430969065240727,
            "acc": 0.47696476964769646
        },
        " Preschool": {
            "loss": 0.468457134326953,
            "acc": 0.7
        },
        " Prof-school": {
            "loss": 2.768176694015981,
            "acc": 0.3652173913043478
        },
        " Some-college": {
            "loss": 0.9537366977289715,
            "acc": 0.7077441077441078
        }
    },
    "education-num": {
        "1-9": {
            "loss": 0.8389626305271879,
            "acc": 0.7228833730023801
        },
        "10-13": {
            "loss": 1.7043635313201746,
            "acc": 0.6030183727034121
        },
        "13-16": {
            "loss": 2.586761183044043,
            "acc": 0.44206773618538325
        },
        "9-10": {
            "loss": 0.9537366977289715,
            "acc": 0.7077441077441078
        }
    },
    "relationship": {
        " Husband": {
            "loss": 1.988884659619981,
            "acc": 0.5395905755117806
        },
        " Not-in-family": {
            "loss": 0.7066397201498876,
            "acc": 0.7542621987066431
        },
        " Other-relative": {
            "loss": 0.41223852274751915,
            "acc": 0.7921348314606742
        },
        " Own-child": {
            "loss": 0.45469835105524636,
            "acc": 0.7939156035328754
        },
        " Unmarried": {
            "loss": 0.5168102607513708,
            "acc": 0.7834757834757835
        },
        " Wife": {
            "loss": 2.1167009638966374,
            "acc": 0.5093167701863354
        }
    },
    "race": {
        " Amer-Indian-Eskimo": {
            "loss": 0.5872794622954299,
            "acc": 0.676056338028169
        },
        " Asian-Pac-Islander": {
            "loss": 1.688983254670941,
            "acc": 0.5958549222797928
        },
        " Black": {
            "loss": 0.7879623389197803,
            "acc": 0.7345575959933222
        },
        " Other": {
            "loss": 0.45575782219671535,
            "acc": 0.7454545454545455
        },
        " White": {
            "loss": 1.2636482043124244,
            "acc": 0.6615412122295726
        }
    },
    "gender": {
        " Female": {
            "loss": 0.7381125752795159,
            "acc": 0.7469426152398871
        },
        " Male": {
            "loss": 1.4511023495743147,
            "acc": 0.6285062713797035
        }
    },
    "hours-per-week": {
        "1-35": {
            "loss": 0.622534814317441,
            "acc": 0.7798369162342476
        },
        "35-40": {
            "loss": 1.070690537434437,
            "acc": 0.6784474597664879
        },
        "40-50": {
            "loss": 1.8776664783628296,
            "acc": 0.5884270578647107
        },
        "50-99": {
            "loss": 1.8219276649249116,
            "acc": 0.5483028720626631
        }
    }
}