{
    "age": {
        "17-26": {
            "loss": 0.4231389701234241,
            "acc": 0.7876712328767124
        },
        "26-33": {
            "loss": 1.013743652622488,
            "acc": 0.7124463519313304
        },
        "33-41": {
            "loss": 1.512858171835773,
            "acc": 0.6100676183320811
        },
        "41-50": {
            "loss": 1.7703970411676846,
            "acc": 0.5810055865921788
        },
        "50-90": {
            "loss": 1.5767441824386226,
            "acc": 0.619815668202765
        }
    },
    "education": {
        " 10th": {
            "loss": 0.6939431161911805,
            "acc": 0.7049180327868853
        },
        " 11th": {
            "loss": 0.6248585463596685,
            "acc": 0.7377777777777778
        },
        " 12th": {
            "loss": 0.5960708054557409,
            "acc": 0.7755102040816326
        },
        " 1st-4th": {
            "loss": 0.2571045878536291,
            "acc": 0.8695652173913043
        },
        " 5th-6th": {
            "loss": 0.5147304241344801,
            "acc": 0.7258064516129032
        },
        " 7th-8th": {
            "loss": 0.41368119890174315,
            "acc": 0.7801418439716312
        },
        " 9th": {
            "loss": 0.4148455653206042,
            "acc": 0.7913043478260869
        },
        " Assoc-acdm": {
            "loss": 1.0872962244783848,
            "acc": 0.702020202020202
        },
        " Assoc-voc": {
            "loss": 1.2341645459330128,
            "acc": 0.6593406593406593
        },
        " Bachelors": {
            "loss": 1.996805142197637,
            "acc": 0.5622032288698955
        },
        " Doctorate": {
            "loss": 3.376017665255871,
            "acc": 0.37662337662337664
        },
        " HS-grad": {
            "loss": 0.9470226847189196,
            "acc": 0.7072936660268714
        },
        " Masters": {
            "loss": 2.5816139263891222,
            "acc": 0.5040650406504065
        },
        " Preschool": {
            "loss": 0.47772333309443143,
            "acc": 0.6
        },
        " Prof-school": {
            "loss": 2.7188587901101235,
            "acc": 0.3793103448275862
        },
        " Some-college": {
            "loss": 0.9788394867208021,
            "acc": 0.7008086253369272
        }
    },
    "education-num": {
        "1-9": {
            "loss": 0.8324499120325524,
            "acc": 0.7198231893913635
        },
        "10-13": {
            "loss": 1.7420258452890751,
            "acc": 0.597769028871391
        },
        "13-16": {
            "loss": 2.7187838411300054,
            "acc": 0.4608540925266904
        },
        "9-10": {
            "loss": 0.9788394867208021,
            "acc": 0.7008086253369272
        }
    },
    "relationship": {
        " Husband": {
            "loss": 2.032898020040705,
            "acc": 0.5405405405405406
        },
        " Not-in-family": {
            "loss": 0.7037942441171472,
            "acc": 0.7513227513227513
        },
        " Other-relative": {
            "loss": 0.41317862525037274,
            "acc": 0.7921348314606742
        },
        " Own-child": {
            "loss": 0.4396900629571639,
            "acc": 0.7821393523061825
        },
        " Unmarried": {
            "loss": 0.5220804097920252,
            "acc": 0.7803138373751783
        },
        " Wife": {
            "loss": 2.2785983809199126,
            "acc": 0.5093167701863354
        }
    },
    "race": {
        " Amer-Indian-Eskimo": {
            "loss": 0.5677882023003497,
            "acc": 0.676056338028169
        },
        " Asian-Pac-Islander": {
            "loss": 1.8484875785975834,
            "acc": 0.5958549222797928
        },
        " Black": {
            "loss": 0.7765343533692622,
            "acc": 0.7341137123745819
        },
        " Other": {
            "loss": 0.4284930146294736,
            "acc": 0.7454545454545455
        },
        " White": {
            "loss": 1.2868486185850867,
            "acc": 0.6585627457990705
        }
    },
    "gender": {
        " Female": {
            "loss": 0.7532257039176466,
            "acc": 0.7425882352941177
        },
        " Male": {
            "loss": 1.478119533901518,
            "acc": 0.6267669858641131
        }
    },
    "hours-per-week": {
        "1-35": {
            "loss": 0.6099077497731215,
            "acc": 0.7687175685693106
        },
        "35-40": {
            "loss": 1.0931949596289803,
            "acc": 0.6783459595959596
        },
        "40-50": {
            "loss": 1.9153758141075135,
            "acc": 0.5819070904645477
        },
        "50-99": {
            "loss": 1.8871754707412771,
            "acc": 0.5567144719687093
        }
    }
}