{
    "age": {
        "17-26": {
            "loss": 0.46295325684512273,
            "acc": 0.7678082191780822
        },
        "26-33": {
            "loss": 1.0488208212126457,
            "acc": 0.6967353951890034
        },
        "33-41": {
            "loss": 1.5517010243995937,
            "acc": 0.6063110443275732
        },
        "41-50": {
            "loss": 1.78459705911653,
            "acc": 0.5829346092503987
        },
        "50-90": {
            "loss": 1.6450135216804596,
            "acc": 0.6029185867895546
        }
    },
    "education": {
        " 10th": {
            "loss": 0.6855119143969658,
            "acc": 0.6994535519125683
        },
        " 11th": {
            "loss": 0.6673327965330369,
            "acc": 0.7066666666666667
        },
        " 12th": {
            "loss": 0.6837149380704687,
            "acc": 0.7551020408163265
        },
        " 1st-4th": {
            "loss": 0.2957597344947547,
            "acc": 0.8695652173913043
        },
        " 5th-6th": {
            "loss": 0.5620588926203453,
            "acc": 0.7419354838709677
        },
        " 7th-8th": {
            "loss": 0.49215660385326093,
            "acc": 0.7446808510638298
        },
        " 9th": {
            "loss": 0.4342696070704528,
            "acc": 0.782608695652174
        },
        " Assoc-acdm": {
            "loss": 1.0434917005247022,
            "acc": 0.696969696969697
        },
        " Assoc-voc": {
            "loss": 1.2713335751369887,
            "acc": 0.6666666666666666
        },
        " Bachelors": {
            "loss": 2.036161713798006,
            "acc": 0.5498575498575499
        },
        " Doctorate": {
            "loss": 3.2641864655916333,
            "acc": 0.4025974025974026
        },
        " HS-grad": {
            "loss": 0.9964134869581579,
            "acc": 0.6946711473835814
        },
        " Masters": {
            "loss": 2.6226519229416523,
            "acc": 0.4823848238482385
        },
        " Preschool": {
            "loss": 0.534704198785152,
            "acc": 0.6
        },
        " Prof-school": {
            "loss": 2.8917112320404708,
            "acc": 0.3793103448275862
        },
        " Some-college": {
            "loss": 1.0134533831943486,
            "acc": 0.6922558922558922
        }
    },
    "education-num": {
        "1-9": {
            "loss": 0.8790694455780353,
            "acc": 0.70578231292517
        },
        "10-13": {
            "loss": 1.7701861596755832,
            "acc": 0.5898950131233596
        },
        "13-16": {
            "loss": 2.7660843778162256,
            "acc": 0.4501779359430605
        },
        "9-10": {
            "loss": 1.0134533831943486,
            "acc": 0.6922558922558922
        }
    },
    "relationship": {
        " Husband": {
            "loss": 2.068290428662335,
            "acc": 0.5362934362934363
        },
        " Not-in-family": {
            "loss": 0.7536090950105198,
            "acc": 0.7383891828336273
        },
        " Other-relative": {
            "loss": 0.4269823546248473,
            "acc": 0.7696629213483146
        },
        " Own-child": {
            "loss": 0.48621749550740806,
            "acc": 0.760549558390579
        },
        " Unmarried": {
            "loss": 0.5546697647886258,
            "acc": 0.7549857549857549
        },
        " Wife": {
            "loss": 2.3119863830097414,
            "acc": 0.5233644859813084
        }
    },
    "race": {
        " Amer-Indian-Eskimo": {
            "loss": 0.628545436415348,
            "acc": 0.6901408450704225
        },
        " Asian-Pac-Islander": {
            "loss": 1.8620204242325782,
            "acc": 0.5854922279792746
        },
        " Black": {
            "loss": 0.8259628195977228,
            "acc": 0.7095158597662772
        },
        " Other": {
            "loss": 0.4797999769462779,
            "acc": 0.7454545454545455
        },
        " White": {
            "loss": 1.3260518820289475,
            "acc": 0.6484891829072055
        }
    },
    "gender": {
        " Female": {
            "loss": 0.7932329788880063,
            "acc": 0.728
        },
        " Male": {
            "loss": 1.5175844714054587,
            "acc": 0.6174190606475148
        }
    },
    "hours-per-week": {
        "1-35": {
            "loss": 0.6649089949887051,
            "acc": 0.7546330615270571
        },
        "35-40": {
            "loss": 1.1175449730567348,
            "acc": 0.6661407384032818
        },
        "40-50": {
            "loss": 1.9622957161633519,
            "acc": 0.5766721044045677
        },
        "50-99": {
            "loss": 1.952423428746429,
            "acc": 0.546284224250326
        }
    }
}