{
    "age": {
        "17-26": {
            "loss": 0.4690359154201156,
            "acc": 0.7623287671232877
        },
        "26-33": {
            "loss": 0.9705914616889769,
            "acc": 0.6866952789699571
        },
        "33-41": {
            "loss": 1.4482156356429103,
            "acc": 0.6090225563909775
        },
        "41-50": {
            "loss": 1.6202756577939232,
            "acc": 0.5685805422647527
        },
        "50-90": {
            "loss": 1.5094055043783785,
            "acc": 0.6098310291858678
        }
    },
    "education": {
        " 10th": {
            "loss": 0.6698397529695395,
            "acc": 0.6830601092896175
        },
        " 11th": {
            "loss": 0.6414567607956536,
            "acc": 0.7022222222222222
        },
        " 12th": {
            "loss": 0.6348534988825127,
            "acc": 0.7551020408163265
        },
        " 1st-4th": {
            "loss": 0.30588080352734687,
            "acc": 0.8695652173913043
        },
        " 5th-6th": {
            "loss": 0.5414411079477552,
            "acc": 0.7258064516129032
        },
        " 7th-8th": {
            "loss": 0.4615698753441935,
            "acc": 0.7446808510638298
        },
        " 9th": {
            "loss": 0.477851102727581,
            "acc": 0.7807017543859649
        },
        " Assoc-acdm": {
            "loss": 0.9827143818902007,
            "acc": 0.6919191919191919
        },
        " Assoc-voc": {
            "loss": 1.1826655718641441,
            "acc": 0.663003663003663
        },
        " Bachelors": {
            "loss": 1.8814159932318726,
            "acc": 0.5470085470085471
        },
        " Doctorate": {
            "loss": 2.779968029517232,
            "acc": 0.4025974025974026
        },
        " HS-grad": {
            "loss": 0.9258222195263309,
            "acc": 0.690978886756238
        },
        " Masters": {
            "loss": 2.4321862073075833,
            "acc": 0.4932249322493225
        },
        " Preschool": {
            "loss": 0.5501910977204298,
            "acc": 0.6
        },
        " Prof-school": {
            "loss": 2.609212333074902,
            "acc": 0.41379310344827586
        },
        " Some-college": {
            "loss": 0.9439396408798663,
            "acc": 0.6821548821548822
        }
    },
    "education-num": {
        "1-9": {
            "loss": 0.8245579900140747,
            "acc": 0.7013605442176871
        },
        "10-13": {
            "loss": 1.639485688718066,
            "acc": 0.5866141732283464
        },
        "13-16": {
            "loss": 2.51637523025981,
            "acc": 0.46441281138790036
        },
        "9-10": {
            "loss": 0.9439396408798663,
            "acc": 0.6821548821548822
        }
    },
    "relationship": {
        " Husband": {
            "loss": 1.8891975744916962,
            "acc": 0.5345693317883352
        },
        " Not-in-family": {
            "loss": 0.7168060712684577,
            "acc": 0.733098177542622
        },
        " Other-relative": {
            "loss": 0.4503647666123979,
            "acc": 0.7359550561797753
        },
        " Own-child": {
            "loss": 0.4905909214252127,
            "acc": 0.7585868498527969
        },
        " Unmarried": {
            "loss": 0.5409984499907474,
            "acc": 0.7535612535612536
        },
        " Wife": {
            "loss": 2.0759387872387602,
            "acc": 0.515527950310559
        }
    },
    "race": {
        " Amer-Indian-Eskimo": {
            "loss": 0.5737294547668558,
            "acc": 0.6619718309859155
        },
        " Asian-Pac-Islander": {
            "loss": 1.6269891097598599,
            "acc": 0.5803108808290155
        },
        " Black": {
            "loss": 0.7696436694897058,
            "acc": 0.7128547579298832
        },
        " Other": {
            "loss": 0.507101646586653,
            "acc": 0.6909090909090909
        },
        " White": {
            "loss": 1.2328051293226636,
            "acc": 0.6447344895404971
        }
    },
    "gender": {
        " Female": {
            "loss": 0.7500411689290576,
            "acc": 0.7238946378174976
        },
        " Male": {
            "loss": 1.4011727254771207,
            "acc": 0.6136830102622577
        }
    },
    "hours-per-week": {
        "1-35": {
            "loss": 0.6389426496952648,
            "acc": 0.7470326409495549
        },
        "35-40": {
            "loss": 1.0360430097791806,
            "acc": 0.6598295992426633
        },
        "40-50": {
            "loss": 1.8062350976836063,
            "acc": 0.5745721271393643
        },
        "50-99": {
            "loss": 1.796563848400386,
            "acc": 0.5567144719687093
        }
    }
}