{
    "age": {
        "17-26": {
            "loss": 0.48065091518429715,
            "acc": 0.7710760795065114
        },
        "26-33": {
            "loss": 0.9604068361033864,
            "acc": 0.6969957081545064
        },
        "33-41": {
            "loss": 1.4036050002558953,
            "acc": 0.6040570999248686
        },
        "41-50": {
            "loss": 1.5635876558544286,
            "acc": 0.5797448165869219
        },
        "50-90": {
            "loss": 1.4482765114294482,
            "acc": 0.6121351766513057
        }
    },
    "education": {
        " 10th": {
            "loss": 0.7168234046100971,
            "acc": 0.7103825136612022
        },
        " 11th": {
            "loss": 0.6253692826837443,
            "acc": 0.7244444444444444
        },
        " 12th": {
            "loss": 0.6329311423135869,
            "acc": 0.7551020408163265
        },
        " 1st-4th": {
            "loss": 0.35283855711230905,
            "acc": 0.8695652173913043
        },
        " 5th-6th": {
            "loss": 0.551314488392514,
            "acc": 0.7258064516129032
        },
        " 7th-8th": {
            "loss": 0.5150459062146316,
            "acc": 0.7588652482269503
        },
        " 9th": {
            "loss": 0.47715992356765774,
            "acc": 0.782608695652174
        },
        " Assoc-acdm": {
            "loss": 0.9801172082240394,
            "acc": 0.6818181818181818
        },
        " Assoc-voc": {
            "loss": 1.0819195184074735,
            "acc": 0.6556776556776557
        },
        " Bachelors": {
            "loss": 1.7898065658268307,
            "acc": 0.5593542260208927
        },
        " Doctorate": {
            "loss": 2.6375926422324207,
            "acc": 0.4025974025974026
        },
        " HS-grad": {
            "loss": 0.9225949161494548,
            "acc": 0.694337811900192
        },
        " Masters": {
            "loss": 2.2851895458856495,
            "acc": 0.4905149051490515
        },
        " Preschool": {
            "loss": 0.5743360861638099,
            "acc": 0.6
        },
        " Prof-school": {
            "loss": 2.4919091059586367,
            "acc": 0.39655172413793105
        },
        " Some-college": {
            "loss": 0.9387570232086151,
            "acc": 0.6886792452830188
        }
    },
    "education-num": {
        "1-9": {
            "loss": 0.8269761437578358,
            "acc": 0.7079224753485209
        },
        "10-13": {
            "loss": 1.5578041663840245,
            "acc": 0.59251968503937
        },
        "13-16": {
            "loss": 2.376140626645735,
            "acc": 0.45907473309608543
        },
        "9-10": {
            "loss": 0.9387570232086151,
            "acc": 0.6886792452830188
        }
    },
    "relationship": {
        " Husband": {
            "loss": 1.8098471608580513,
            "acc": 0.5355212355212355
        },
        " Not-in-family": {
            "loss": 0.7126666757139579,
            "acc": 0.7389770723104057
        },
        " Other-relative": {
            "loss": 0.4687550855417693,
            "acc": 0.7696629213483146
        },
        " Own-child": {
            "loss": 0.5073173493478035,
            "acc": 0.7674190382728164
        },
        " Unmarried": {
            "loss": 0.5628488476273575,
            "acc": 0.7646219686162625
        },
        " Wife": {
            "loss": 1.987685883748776,
            "acc": 0.515527950310559
        }
    },
    "race": {
        " Amer-Indian-Eskimo": {
            "loss": 0.6439973305159412,
            "acc": 0.676056338028169
        },
        " Asian-Pac-Islander": {
            "loss": 1.584981032785809,
            "acc": 0.5803108808290155
        },
        " Black": {
            "loss": 0.7968602761109146,
            "acc": 0.7190635451505016
        },
        " Other": {
            "loss": 0.50784443656399,
            "acc": 0.7272727272727273
        },
        " White": {
            "loss": 1.193896639981746,
            "acc": 0.649803360743654
        }
    },
    "gender": {
        " Female": {
            "loss": 0.7545694057071889,
            "acc": 0.7336470588235294
        },
        " Male": {
            "loss": 1.3523203045713104,
            "acc": 0.6169630642954856
        }
    },
    "hours-per-week": {
        "1-35": {
            "loss": 0.635888502595786,
            "acc": 0.7575982209043736
        },
        "35-40": {
            "loss": 1.0284873379035533,
            "acc": 0.665719696969697
        },
        "40-50": {
            "loss": 1.7003103016355827,
            "acc": 0.5802770986145069
        },
        "50-99": {
            "loss": 1.7371507514869655,
            "acc": 0.5501955671447197
        }
    }
}