{
    "age": {
        "17-26": {
            "loss": 0.49773821008231023,
            "acc": 0.7559972583961617
        },
        "26-33": {
            "loss": 0.9362491434246195,
            "acc": 0.6918454935622318
        },
        "33-41": {
            "loss": 1.3996936000468692,
            "acc": 0.5965439519158527
        },
        "41-50": {
            "loss": 1.5579487423650251,
            "acc": 0.5797448165869219
        },
        "50-90": {
            "loss": 1.4633343884237178,
            "acc": 0.6044546850998463
        }
    },
    "education": {
        " 10th": {
            "loss": 0.7716300022976995,
            "acc": 0.6721311475409836
        },
        " 11th": {
            "loss": 0.6610961526190494,
            "acc": 0.7022222222222222
        },
        " 12th": {
            "loss": 0.6468815088436852,
            "acc": 0.7346938775510204
        },
        " 1st-4th": {
            "loss": 0.3232419933393444,
            "acc": 0.8695652173913043
        },
        " 5th-6th": {
            "loss": 0.5948944664600867,
            "acc": 0.7258064516129032
        },
        " 7th-8th": {
            "loss": 0.5304262202949329,
            "acc": 0.7446808510638298
        },
        " 9th": {
            "loss": 0.49101452369512255,
            "acc": 0.7739130434782608
        },
        " Assoc-acdm": {
            "loss": 0.9807387751687363,
            "acc": 0.6919191919191919
        },
        " Assoc-voc": {
            "loss": 1.1672027603531512,
            "acc": 0.6446886446886447
        },
        " Bachelors": {
            "loss": 1.7564820096635139,
            "acc": 0.5527065527065527
        },
        " Doctorate": {
            "loss": 2.7868344387141715,
            "acc": 0.38961038961038963
        },
        " HS-grad": {
            "loss": 0.9373686580173926,
            "acc": 0.6893903024483917
        },
        " Masters": {
            "loss": 2.1985205003450723,
            "acc": 0.4742547425474255
        },
        " Preschool": {
            "loss": 0.6057353102123395,
            "acc": 0.6
        },
        " Prof-school": {
            "loss": 2.4812319801198806,
            "acc": 0.3879310344827586
        },
        " Some-college": {
            "loss": 0.92610087215165,
            "acc": 0.6855218855218855
        }
    },
    "education-num": {
        "1-9": {
            "loss": 0.846095364092739,
            "acc": 0.6986394557823129
        },
        "10-13": {
            "loss": 1.5501366057975723,
            "acc": 0.5872703412073491
        },
        "13-16": {
            "loss": 2.337479050003969,
            "acc": 0.44483985765124556
        },
        "9-10": {
            "loss": 0.92610087215165,
            "acc": 0.6855218855218855
        }
    },
    "relationship": {
        " Husband": {
            "loss": 1.8058003764337638,
            "acc": 0.537065637065637
        },
        " Not-in-family": {
            "loss": 0.72426224897333,
            "acc": 0.7289829512051734
        },
        " Other-relative": {
            "loss": 0.49104786398121797,
            "acc": 0.7584269662921348
        },
        " Own-child": {
            "loss": 0.5186181534006059,
            "acc": 0.7477919528949951
        },
        " Unmarried": {
            "loss": 0.559683132337001,
            "acc": 0.7475035663338089
        },
        " Wife": {
            "loss": 1.93056591483344,
            "acc": 0.5124223602484472
        }
    },
    "race": {
        " Amer-Indian-Eskimo": {
            "loss": 0.6050843290414272,
            "acc": 0.704225352112676
        },
        " Asian-Pac-Islander": {
            "loss": 1.5806091750194138,
            "acc": 0.5699481865284974
        },
        " Black": {
            "loss": 0.7955268930489058,
            "acc": 0.7006688963210702
        },
        " Other": {
            "loss": 0.5169957834206875,
            "acc": 0.7272727272727273
        },
        " White": {
            "loss": 1.1953294906405882,
            "acc": 0.6431891312120128
        }
    },
    "gender": {
        " Female": {
            "loss": 0.7529927108703679,
            "acc": 0.7176470588235294
        },
        " Male": {
            "loss": 1.3540223593971752,
            "acc": 0.6137710898312814
        }
    },
    "hours-per-week": {
        "1-35": {
            "loss": 0.6491798978240158,
            "acc": 0.7464788732394366
        },
        "35-40": {
            "loss": 1.0263216491595262,
            "acc": 0.6584595959595959
        },
        "40-50": {
            "loss": 1.6880628598940073,
            "acc": 0.5704971475142624
        },
        "50-99": {
            "loss": 1.747676379561472,
            "acc": 0.5528031290743155
        }
    }
}