{
    "age": {
        "17-26": {
            "loss": 0.45852202028477534,
            "acc": 0.7835616438356164
        },
        "26-33": {
            "loss": 0.9894495174382942,
            "acc": 0.703862660944206
        },
        "33-41": {
            "loss": 1.5297524065965669,
            "acc": 0.6150375939849624
        },
        "41-50": {
            "loss": 1.7146886763113818,
            "acc": 0.5869218500797448
        },
        "50-90": {
            "loss": 1.571779379598271,
            "acc": 0.6129032258064516
        }
    },
    "education": {
        " 10th": {
            "loss": 0.7003953572806609,
            "acc": 0.7103825136612022
        },
        " 11th": {
            "loss": 0.6578302911391282,
            "acc": 0.7333333333333333
        },
        " 12th": {
            "loss": 0.6335464348054682,
            "acc": 0.7653061224489796
        },
        " 1st-4th": {
            "loss": 0.31292910590119366,
            "acc": 0.8695652173913043
        },
        " 5th-6th": {
            "loss": 0.5738113678072169,
            "acc": 0.7419354838709677
        },
        " 7th-8th": {
            "loss": 0.4535120112947896,
            "acc": 0.7801418439716312
        },
        " 9th": {
            "loss": 0.47642645019354496,
            "acc": 0.8
        },
        " Assoc-acdm": {
            "loss": 1.0360954600601426,
            "acc": 0.7070707070707071
        },
        " Assoc-voc": {
            "loss": 1.2679972878187282,
            "acc": 0.6666666666666666
        },
        " Bachelors": {
            "loss": 1.9452408098834715,
            "acc": 0.560303893637227
        },
        " Doctorate": {
            "loss": 3.184869182910008,
            "acc": 0.4025974025974026
        },
        " HS-grad": {
            "loss": 0.9636138943850495,
            "acc": 0.7037926068170908
        },
        " Masters": {
            "loss": 2.4948161606851094,
            "acc": 0.4959349593495935
        },
        " Preschool": {
            "loss": 0.5179911776419546,
            "acc": 0.6
        },
        " Prof-school": {
            "loss": 2.772280577830381,
            "acc": 0.39655172413793105
        },
        " Some-college": {
            "loss": 0.9792425857054868,
            "acc": 0.6962962962962963
        }
    },
    "education-num": {
        "1-9": {
            "loss": 0.8544786666274404,
            "acc": 0.717687074829932
        },
        "10-13": {
            "loss": 1.7058062555601807,
            "acc": 0.5984251968503937
        },
        "13-16": {
            "loss": 2.64663102741139,
            "acc": 0.4626334519572954
        },
        "9-10": {
            "loss": 0.9792425857054868,
            "acc": 0.6962962962962963
        }
    },
    "relationship": {
        " Husband": {
            "loss": 1.9932090709008814,
            "acc": 0.5405405405405406
        },
        " Not-in-family": {
            "loss": 0.7395826623691464,
            "acc": 0.7495590828924162
        },
        " Other-relative": {
            "loss": 0.4518747177386912,
            "acc": 0.7752808988764045
        },
        " Own-child": {
            "loss": 0.47451602184530534,
            "acc": 0.7801766437684003
        },
        " Unmarried": {
            "loss": 0.5505511168639512,
            "acc": 0.7735042735042735
        },
        " Wife": {
            "loss": 2.126180305784131,
            "acc": 0.514018691588785
        }
    },
    "race": {
        " Amer-Indian-Eskimo": {
            "loss": 0.6491405473551298,
            "acc": 0.6901408450704225
        },
        " Asian-Pac-Islander": {
            "loss": 1.7359747020133596,
            "acc": 0.5854922279792746
        },
        " Black": {
            "loss": 0.7909146987444775,
            "acc": 0.7278797996661102
        },
        " Other": {
            "loss": 0.5047406902683157,
            "acc": 0.7454545454545455
        },
        " White": {
            "loss": 1.2820931792728072,
            "acc": 0.6574289290184159
        }
    },
    "gender": {
        " Female": {
            "loss": 0.767149448869276,
            "acc": 0.739764705882353
        },
        " Male": {
            "loss": 1.4644790952323459,
            "acc": 0.6256269949840402
        }
    },
    "hours-per-week": {
        "1-35": {
            "loss": 0.6411374519389883,
            "acc": 0.7670623145400594
        },
        "35-40": {
            "loss": 1.086476065654995,
            "acc": 0.6749763332281477
        },
        "40-50": {
            "loss": 1.8572720438343144,
            "acc": 0.5835370823145885
        },
        "50-99": {
            "loss": 1.9129454439075728,
            "acc": 0.5567144719687093
        }
    }
}