{
    "forget_x": [
        0,
        1,
        0,
        0,
        0,
        0,
        0,
        0,
        0,
        0,
        0,
        0,
        0,
        0,
        0,
        0,
        0,
        0,
        0,
        0,
        1,
        0,
        0,
        0,
        1,
        1,
        0,
        0,
        0,
        0,
        0,
        0,
        0,
        0,
        0,
        1,
        0,
        1,
        0,
        1,
        0,
        0
    ],
    "forget_y": 1,
    "sample": {
        "age": "50-90",
        "education": " 5th-6th",
        "education-num": "1-9",
        "relationship": " Husband",
        "race": " Other",
        "gender": " Male",
        "hours-per-week": "35-40",
        "income": ">=50k"
    },
    "performance": {
        "age": {
            "17-26": {
                "loss": 0.3027686655787756,
                "acc": 0.8636986301369863
            },
            "26-33": {
                "loss": 0.2892509304322256,
                "acc": 0.8462199312714777
            },
            "33-41": {
                "loss": 0.29818214135486953,
                "acc": 0.8549962434259955
            },
            "41-50": {
                "loss": 0.28940281704850246,
                "acc": 0.8556618819776715
            },
            "50-90": {
                "loss": 0.29472740958989957,
                "acc": 0.8578016910069177
            }
        },
        "education": {
            " 10th": {
                "loss": 0.3397403026767169,
                "acc": 0.8360655737704918
            },
            " 11th": {
                "loss": 0.29743718798732305,
                "acc": 0.8533333333333334
            },
            " 12th": {
                "loss": 0.35087048976466123,
                "acc": 0.8163265306122449
            },
            " 1st-4th": {
                "loss": 0.2290086972591369,
                "acc": 0.8695652173913043
            },
            " 5th-6th": {
                "loss": 0.258498641025836,
                "acc": 0.8688524590163934
            },
            " 7th-8th": {
                "loss": 0.2576124413946603,
                "acc": 0.8865248226950354
            },
            " 9th": {
                "loss": 0.3006154195969519,
                "acc": 0.8608695652173913
            },
            " Assoc-acdm": {
                "loss": 0.29793032732024927,
                "acc": 0.8585858585858586
            },
            " Assoc-voc": {
                "loss": 0.2799414816820276,
                "acc": 0.8754578754578755
            },
            " Bachelors": {
                "loss": 0.29739583147571996,
                "acc": 0.8536121673003803
            },
            " Doctorate": {
                "loss": 0.31790042680329245,
                "acc": 0.8701298701298701
            },
            " HS-grad": {
                "loss": 0.2934598308635167,
                "acc": 0.8517274472168906
            },
            " Masters": {
                "loss": 0.2668719559615913,
                "acc": 0.8726287262872628
            },
            " Preschool": {
                "loss": 0.4462263997875445,
                "acc": 0.7
            },
            " Prof-school": {
                "loss": 0.3058347721892325,
                "acc": 0.853448275862069
            },
            " Some-college": {
                "loss": 0.29886414028743724,
                "acc": 0.857912457912458
            }
        },
        "education-num": {
            "1-9": {
                "loss": 0.29640933565687105,
                "acc": 0.8517006802721089
            },
            "10-13": {
                "loss": 0.29433660145834584,
                "acc": 0.8581746552856205
            },
            "13-16": {
                "loss": 0.28190554837656867,
                "acc": 0.8683274021352313
            },
            "9-10": {
                "loss": 0.29886414028743724,
                "acc": 0.857912457912458
            }
        },
        "relationship": {
            " Husband": {
                "loss": 0.289850948421113,
                "acc": 0.857860177674778
            },
            " Not-in-family": {
                "loss": 0.2932896359848422,
                "acc": 0.8570588235294118
            },
            " Other-relative": {
                "loss": 0.2215703985984271,
                "acc": 0.9213483146067416
            },
            " Own-child": {
                "loss": 0.32046091776568714,
                "acc": 0.8488714425907753
            },
            " Unmarried": {
                "loss": 0.298167790650412,
                "acc": 0.8475783475783476
            },
            " Wife": {
                "loss": 0.30323843335372846,
                "acc": 0.8416149068322981
            }
        },
        "race": {
            " Amer-Indian-Eskimo": {
                "loss": 0.29891555845584533,
                "acc": 0.8169014084507042
            },
            " Asian-Pac-Islander": {
                "loss": 0.26921594167819984,
                "acc": 0.8704663212435233
            },
            " Black": {
                "loss": 0.29450557415232265,
                "acc": 0.8514190317195326
            },
            " Other": {
                "loss": 0.3240927642019215,
                "acc": 0.8518518518518519
            },
            " White": {
                "loss": 0.29588248306603476,
                "acc": 0.8566064723761845
            }
        },
        "gender": {
            " Female": {
                "loss": 0.30389764707946004,
                "acc": 0.851764705882353
            },
            " Male": {
                "loss": 0.2910330119322436,
                "acc": 0.8581527936145952
            }
        },
        "hours-per-week": {
            "1-35": {
                "loss": 0.280098555988966,
                "acc": 0.8732394366197183
            },
            "35-40": {
                "loss": 0.30850847408106924,
                "acc": 0.8443321755604674
            },
            "40-50": {
                "loss": 0.28038499448430587,
                "acc": 0.8622656886715566
            },
            "50-99": {
                "loss": 0.2907830243684945,
                "acc": 0.864406779661017
            }
        }
    }
}