{
    "age": {
        "17-26": {
            "loss": 0.3019563152880951,
            "acc": 0.852054794520548
        },
        "26-33": {
            "loss": 0.28849199649516155,
            "acc": 0.8582474226804123
        },
        "33-41": {
            "loss": 0.2969385532204358,
            "acc": 0.8512396694214877
        },
        "41-50": {
            "loss": 0.2922779171730396,
            "acc": 0.8572567783094099
        },
        "50-90": {
            "loss": 0.28931446963941426,
            "acc": 0.8554957724827056
        }
    },
    "education": {
        " 10th": {
            "loss": 0.334769667759151,
            "acc": 0.8360655737704918
        },
        " 11th": {
            "loss": 0.30771565598204176,
            "acc": 0.8666666666666667
        },
        " 12th": {
            "loss": 0.35792248403913385,
            "acc": 0.826530612244898
        },
        " 1st-4th": {
            "loss": 0.2524212494421493,
            "acc": 0.8695652173913043
        },
        " 5th-6th": {
            "loss": 0.2460680635380218,
            "acc": 0.8360655737704918
        },
        " 7th-8th": {
            "loss": 0.2591489001903432,
            "acc": 0.8865248226950354
        },
        " 9th": {
            "loss": 0.2855387309000894,
            "acc": 0.8695652173913043
        },
        " Assoc-acdm": {
            "loss": 0.29909311624252477,
            "acc": 0.8484848484848485
        },
        " Assoc-voc": {
            "loss": 0.2744701129425204,
            "acc": 0.8644688644688645
        },
        " Bachelors": {
            "loss": 0.2991354894953651,
            "acc": 0.8564638783269962
        },
        " Doctorate": {
            "loss": 0.3133106015412419,
            "acc": 0.8441558441558441
        },
        " HS-grad": {
            "loss": 0.2898142313113091,
            "acc": 0.8498080614203455
        },
        " Masters": {
            "loss": 0.27426808047896345,
            "acc": 0.8644986449864499
        },
        " Preschool": {
            "loss": 0.36717190020323165,
            "acc": 0.8
        },
        " Prof-school": {
            "loss": 0.2736270215302793,
            "acc": 0.8793103448275862
        },
        " Some-college": {
            "loss": 0.2999839895771198,
            "acc": 0.8545454545454545
        }
    },
    "education-num": {
        "1-9": {
            "loss": 0.2936777693468899,
            "acc": 0.8517006802721089
        },
        "10-13": {
            "loss": 0.2947086755078478,
            "acc": 0.8568614576493763
        },
        "13-16": {
            "loss": 0.2794850044713976,
            "acc": 0.8647686832740213
        },
        "9-10": {
            "loss": 0.2999839895771198,
            "acc": 0.8545454545454545
        }
    },
    "relationship": {
        " Husband": {
            "loss": 0.2876060499116633,
            "acc": 0.8559289300888374
        },
        " Not-in-family": {
            "loss": 0.2901387281423923,
            "acc": 0.86
        },
        " Other-relative": {
            "loss": 0.20195632242006414,
            "acc": 0.9101123595505618
        },
        " Own-child": {
            "loss": 0.3266149379047153,
            "acc": 0.8361138370951914
        },
        " Unmarried": {
            "loss": 0.3012129046776137,
            "acc": 0.8547008547008547
        },
        " Wife": {
            "loss": 0.3004116287283581,
            "acc": 0.84472049689441
        }
    },
    "race": {
        " Amer-Indian-Eskimo": {
            "loss": 0.29952350280073825,
            "acc": 0.8450704225352113
        },
        " Asian-Pac-Islander": {
            "loss": 0.2523387278068179,
            "acc": 0.8860103626943006
        },
        " Black": {
            "loss": 0.31075425619160024,
            "acc": 0.8447412353923205
        },
        " Other": {
            "loss": 0.3267115205944506,
            "acc": 0.8148148148148148
        },
        " White": {
            "loss": 0.2934112259926372,
            "acc": 0.8551761129983908
        }
    },
    "gender": {
        " Female": {
            "loss": 0.3026747547746585,
            "acc": 0.8498823529411764
        },
        " Male": {
            "loss": 0.28999245104152954,
            "acc": 0.8570125427594071
        }
    },
    "hours-per-week": {
        "1-35": {
            "loss": 0.278678012286971,
            "acc": 0.8665678280207562
        },
        "35-40": {
            "loss": 0.3063743231618915,
            "acc": 0.8471739816861383
        },
        "40-50": {
            "loss": 0.2804642819401162,
            "acc": 0.8606356968215159
        },
        "50-99": {
            "loss": 0.29262967111329463,
            "acc": 0.8552803129074316
        }
    }
}