{
    "age": {
        "17-26": {
            "loss": 0.5116910811937873,
            "acc": 0.7650684931506849
        },
        "26-33": {
            "loss": 1.1931653637161803,
            "acc": 0.6944206008583691
        },
        "33-41": {
            "loss": 1.7508500533198663,
            "acc": 0.6018031555221638
        },
        "41-50": {
            "loss": 2.0590233413211734,
            "acc": 0.569377990430622
        },
        "50-90": {
            "loss": 1.8759225375651924,
            "acc": 0.6003074558032283
        }
    },
    "education": {
        " 10th": {
            "loss": 0.8042234255225693,
            "acc": 0.6994535519125683
        },
        " 11th": {
            "loss": 0.7712689886953487,
            "acc": 0.7022222222222222
        },
        " 12th": {
            "loss": 0.6817956685260326,
            "acc": 0.7551020408163265
        },
        " 1st-4th": {
            "loss": 0.2888355929437381,
            "acc": 0.8695652173913043
        },
        " 5th-6th": {
            "loss": 0.6251095593158145,
            "acc": 0.7213114754098361
        },
        " 7th-8th": {
            "loss": 0.5234617523228557,
            "acc": 0.7659574468085106
        },
        " 9th": {
            "loss": 0.48882149975149103,
            "acc": 0.782608695652174
        },
        " Assoc-acdm": {
            "loss": 1.189979750496366,
            "acc": 0.6666666666666666
        },
        " Assoc-voc": {
            "loss": 1.4147619959914455,
            "acc": 0.6666666666666666
        },
        " Bachelors": {
            "loss": 2.374648392353163,
            "acc": 0.540360873694207
        },
        " Doctorate": {
            "loss": 3.7895677744975833,
            "acc": 0.38961038961038963
        },
        " HS-grad": {
            "loss": 1.1292744462027304,
            "acc": 0.6952975047984645
        },
        " Masters": {
            "loss": 2.9223309232802075,
            "acc": 0.4715447154471545
        },
        " Preschool": {
            "loss": 0.5416309057961745,
            "acc": 0.6
        },
        " Prof-school": {
            "loss": 3.8476135942478007,
            "acc": 0.29310344827586204
        },
        " Some-college": {
            "loss": 1.097725009849697,
            "acc": 0.6895622895622896
        }
    },
    "education-num": {
        "1-9": {
            "loss": 0.9935871160176893,
            "acc": 0.7064625850340136
        },
        "10-13": {
            "loss": 2.048786596228233,
            "acc": 0.5793963254593176
        },
        "13-16": {
            "loss": 3.2321352424545524,
            "acc": 0.4234875444839858
        },
        "9-10": {
            "loss": 1.097725009849697,
            "acc": 0.6895622895622896
        }
    },
    "relationship": {
        " Husband": {
            "loss": 2.3915253250828035,
            "acc": 0.5268443414445731
        },
        " Not-in-family": {
            "loss": 0.8215085998640739,
            "acc": 0.7360376249265138
        },
        " Other-relative": {
            "loss": 0.4758458485426169,
            "acc": 0.7584269662921348
        },
        " Own-child": {
            "loss": 0.5198034295248384,
            "acc": 0.7566241413150148
        },
        " Unmarried": {
            "loss": 0.614755675263979,
            "acc": 0.7606837606837606
        },
        " Wife": {
            "loss": 2.65557330701916,
            "acc": 0.515527950310559
        }
    },
    "race": {
        " Amer-Indian-Eskimo": {
            "loss": 0.662836636065395,
            "acc": 0.6619718309859155
        },
        " Asian-Pac-Islander": {
            "loss": 2.074563032777118,
            "acc": 0.5803108808290155
        },
        " Black": {
            "loss": 0.9277977859735796,
            "acc": 0.7128547579298832
        },
        " Other": {
            "loss": 0.4914856667817733,
            "acc": 0.7407407407407407
        },
        " White": {
            "loss": 1.512394596592594,
            "acc": 0.6428316052913836
        }
    },
    "gender": {
        " Female": {
            "loss": 0.8852964345876119,
            "acc": 0.7243650047036688
        },
        " Male": {
            "loss": 1.7349916350505683,
            "acc": 0.611630558722919
        }
    },
    "hours-per-week": {
        "1-35": {
            "loss": 0.7385418087544499,
            "acc": 0.7464788732394366
        },
        "35-40": {
            "loss": 1.2433964840171596,
            "acc": 0.6619318181818182
        },
        "40-50": {
            "loss": 2.254237708634165,
            "acc": 0.5721271393643031
        },
        "50-99": {
            "loss": 2.3321459058146625,
            "acc": 0.5423728813559322
        }
    }
}