{
    "age": {
        "17-26": {
            "loss": 0.4820084857698013,
            "acc": 0.776559287183002
        },
        "26-33": {
            "loss": 1.0516765666434302,
            "acc": 0.7030042918454935
        },
        "33-41": {
            "loss": 1.581437659073489,
            "acc": 0.6048084147257701
        },
        "41-50": {
            "loss": 1.8277387646277887,
            "acc": 0.5725677830940988
        },
        "50-90": {
            "loss": 1.6612545636562506,
            "acc": 0.6082949308755761
        }
    },
    "education": {
        " 10th": {
            "loss": 0.7161956779044961,
            "acc": 0.7158469945355191
        },
        " 11th": {
            "loss": 0.6810575107704296,
            "acc": 0.7111111111111111
        },
        " 12th": {
            "loss": 0.6659813703925654,
            "acc": 0.7448979591836735
        },
        " 1st-4th": {
            "loss": 0.3013349895246916,
            "acc": 0.8695652173913043
        },
        " 5th-6th": {
            "loss": 0.5384837999757387,
            "acc": 0.7419354838709677
        },
        " 7th-8th": {
            "loss": 0.4905223125424773,
            "acc": 0.7801418439716312
        },
        " 9th": {
            "loss": 0.4604904980085622,
            "acc": 0.7913043478260869
        },
        " Assoc-acdm": {
            "loss": 1.103349246101839,
            "acc": 0.6868686868686869
        },
        " Assoc-voc": {
            "loss": 1.2488601041053196,
            "acc": 0.6813186813186813
        },
        " Bachelors": {
            "loss": 2.0284065624767487,
            "acc": 0.5432098765432098
        },
        " Doctorate": {
            "loss": 3.5131969668892933,
            "acc": 0.36363636363636365
        },
        " HS-grad": {
            "loss": 1.0230433467157996,
            "acc": 0.7020153550863724
        },
        " Masters": {
            "loss": 2.6402810895190654,
            "acc": 0.4823848238482385
        },
        " Preschool": {
            "loss": 0.4928580089512512,
            "acc": 0.7
        },
        " Prof-school": {
            "loss": 3.4943093098845788,
            "acc": 0.3103448275862069
        },
        " Some-college": {
            "loss": 1.0066681457823832,
            "acc": 0.6940700808625337
        }
    },
    "education-num": {
        "1-9": {
            "loss": 0.9006989430875962,
            "acc": 0.7143828629717783
        },
        "10-13": {
            "loss": 1.7685787857197737,
            "acc": 0.5866141732283464
        },
        "13-16": {
            "loss": 2.936156171582959,
            "acc": 0.4306049822064057
        },
        "9-10": {
            "loss": 1.0066681457823832,
            "acc": 0.6940700808625337
        }
    },
    "relationship": {
        " Husband": {
            "loss": 2.1214399282604735,
            "acc": 0.5316602316602317
        },
        " Not-in-family": {
            "loss": 0.7555467536621087,
            "acc": 0.7430922986478542
        },
        " Other-relative": {
            "loss": 0.4455397120110653,
            "acc": 0.7740112994350282
        },
        " Own-child": {
            "loss": 0.4838150456314769,
            "acc": 0.7713444553483808
        },
        " Unmarried": {
            "loss": 0.5685202113429645,
            "acc": 0.7635327635327636
        },
        " Wife": {
            "loss": 2.29068716387314,
            "acc": 0.5186335403726708
        }
    },
    "race": {
        " Amer-Indian-Eskimo": {
            "loss": 0.6575652093356036,
            "acc": 0.6619718309859155
        },
        " Asian-Pac-Islander": {
            "loss": 1.810965727485629,
            "acc": 0.5544041450777202
        },
        " Black": {
            "loss": 0.8328387176036159,
            "acc": 0.7178631051752922
        },
        " Other": {
            "loss": 0.49206341764068506,
            "acc": 0.7636363636363637
        },
        " White": {
            "loss": 1.3527887650180204,
            "acc": 0.6509923118183444
        }
    },
    "gender": {
        " Female": {
            "loss": 0.7941813490550399,
            "acc": 0.7341176470588235
        },
        " Male": {
            "loss": 1.5505357024820376,
            "acc": 0.6171910624715002
        }
    },
    "hours-per-week": {
        "1-35": {
            "loss": 0.6621768492173373,
            "acc": 0.7603857566765578
        },
        "35-40": {
            "loss": 1.1351563560607179,
            "acc": 0.6674029662354055
        },
        "40-50": {
            "loss": 1.9688199112988902,
            "acc": 0.5745721271393643
        },
        "50-99": {
            "loss": 2.063387277135753,
            "acc": 0.5501955671447197
        }
    }
}