{
    "forget_x": [
        0,
        0,
        0,
        0,
        1,
        0,
        0,
        0,
        0,
        0,
        0,
        0,
        0,
        0,
        0,
        0,
        1,
        0,
        0,
        0,
        0,
        1,
        0,
        0,
        0,
        0,
        0,
        1,
        0,
        0,
        0,
        0,
        0,
        1,
        0,
        0,
        1,
        0,
        1,
        0,
        0,
        0
    ],
    "forget_y": 0,
    "sample": {
        "age": "17-26",
        "education": " Some-college",
        "education-num": "9-10",
        "relationship": " Other-relative",
        "race": " White",
        "gender": " Female",
        "hours-per-week": "1-35",
        "income": "<50k"
    },
    "performance": {
        "age": {
            "17-26": {
                "loss": 0.2998005523645478,
                "acc": 0.860178204249486
            },
            "26-33": {
                "loss": 0.28852444609994593,
                "acc": 0.8505154639175257
            },
            "33-41": {
                "loss": 0.2956070140329038,
                "acc": 0.8512396694214877
            },
            "41-50": {
                "loss": 0.29164970497255815,
                "acc": 0.8596491228070176
            },
            "50-90": {
                "loss": 0.2891089515556794,
                "acc": 0.8648233486943164
            }
        },
        "education": {
            " 10th": {
                "loss": 0.33432414700788277,
                "acc": 0.8360655737704918
            },
            " 11th": {
                "loss": 0.2973111257852709,
                "acc": 0.8622222222222222
            },
            " 12th": {
                "loss": 0.3366366619756325,
                "acc": 0.8163265306122449
            },
            " 1st-4th": {
                "loss": 0.2283265386588137,
                "acc": 0.8695652173913043
            },
            " 5th-6th": {
                "loss": 0.2349821589696132,
                "acc": 0.8709677419354839
            },
            " 7th-8th": {
                "loss": 0.2657117014380121,
                "acc": 0.9078014184397163
            },
            " 9th": {
                "loss": 0.28449980673419845,
                "acc": 0.8695652173913043
            },
            " Assoc-acdm": {
                "loss": 0.31191481352368383,
                "acc": 0.8434343434343434
            },
            " Assoc-voc": {
                "loss": 0.2754348559640387,
                "acc": 0.8681318681318682
            },
            " Bachelors": {
                "loss": 0.29243306872414454,
                "acc": 0.8583650190114068
            },
            " Doctorate": {
                "loss": 0.32461860196503517,
                "acc": 0.8441558441558441
            },
            " HS-grad": {
                "loss": 0.29393180466630037,
                "acc": 0.8541266794625719
            },
            " Masters": {
                "loss": 0.2663835826540522,
                "acc": 0.8726287262872628
            },
            " Preschool": {
                "loss": 0.4014036022439769,
                "acc": 0.7
            },
            " Prof-school": {
                "loss": 0.29067100183772726,
                "acc": 0.8706896551724138
            },
            " Some-college": {
                "loss": 0.29623562684257126,
                "acc": 0.8564690026954178
            }
        },
        "education-num": {
            "1-9": {
                "loss": 0.2950145746165287,
                "acc": 0.8554913294797688
            },
            "10-13": {
                "loss": 0.29191886871547773,
                "acc": 0.8581746552856205
            },
            "13-16": {
                "loss": 0.2793754636367065,
                "acc": 0.8683274021352313
            },
            "9-10": {
                "loss": 0.29623562684257126,
                "acc": 0.8564690026954178
            }
        },
        "relationship": {
            " Husband": {
                "loss": 0.2891163822053975,
                "acc": 0.8602316602316602
            },
            " Not-in-family": {
                "loss": 0.2882959104906426,
                "acc": 0.8576470588235294
            },
            " Other-relative": {
                "loss": 0.22130238958366222,
                "acc": 0.9152542372881356
            },
            " Own-child": {
                "loss": 0.3173177163208214,
                "acc": 0.8478900883218842
            },
            " Unmarried": {
                "loss": 0.2978658202793862,
                "acc": 0.8547008547008547
            },
            " Wife": {
                "loss": 0.3053398208995798,
                "acc": 0.8385093167701864
            }
        },
        "race": {
            " Amer-Indian-Eskimo": {
                "loss": 0.30760433396983405,
                "acc": 0.8169014084507042
            },
            " Asian-Pac-Islander": {
                "loss": 0.2591645341628034,
                "acc": 0.8963730569948186
            },
            " Black": {
                "loss": 0.295508035704259,
                "acc": 0.8480801335559266
            },
            " Other": {
                "loss": 0.29917949020834467,
                "acc": 0.8363636363636363
            },
            " White": {
                "loss": 0.2939073915675077,
                "acc": 0.8578326180257511
            }
        },
        "gender": {
            " Female": {
                "loss": 0.3007706514887388,
                "acc": 0.8549905838041432
            },
            " Male": {
                "loss": 0.2895613584215705,
                "acc": 0.8586411308709531
            }
        },
        "hours-per-week": {
            "1-35": {
                "loss": 0.2802481512739002,
                "acc": 0.8701780415430267
            },
            "35-40": {
                "loss": 0.3048262193040468,
                "acc": 0.8494318181818182
            },
            "40-50": {
                "loss": 0.2786098589053952,
                "acc": 0.8647106764466178
            },
            "50-99": {
                "loss": 0.2914403054103411,
                "acc": 0.8565840938722294
            }
        }
    }
}