{
    "age": {
        "17-26": {
            "loss": 0.3047027988952258,
            "acc": 0.8560657984921178
        },
        "26-33": {
            "loss": 0.29404608709097174,
            "acc": 0.8505154639175257
        },
        "33-41": {
            "loss": 0.29588390002414827,
            "acc": 0.8572501878287002
        },
        "41-50": {
            "loss": 0.2961045444815414,
            "acc": 0.8556618819776715
        },
        "50-90": {
            "loss": 0.2931932776207185,
            "acc": 0.8571428571428571
        }
    },
    "education": {
        " 10th": {
            "loss": 0.339884896350286,
            "acc": 0.8306010928961749
        },
        " 11th": {
            "loss": 0.2990295883769868,
            "acc": 0.8533333333333334
        },
        " 12th": {
            "loss": 0.3581317407465837,
            "acc": 0.8163265306122449
        },
        " 1st-4th": {
            "loss": 0.27041143628759573,
            "acc": 0.8695652173913043
        },
        " 5th-6th": {
            "loss": 0.23920736293908412,
            "acc": 0.8548387096774194
        },
        " 7th-8th": {
            "loss": 0.2605809084386684,
            "acc": 0.8936170212765957
        },
        " 9th": {
            "loss": 0.2955118014803331,
            "acc": 0.8521739130434782
        },
        " Assoc-acdm": {
            "loss": 0.30943129244400036,
            "acc": 0.8484848484848485
        },
        " Assoc-voc": {
            "loss": 0.2721932357405202,
            "acc": 0.8681318681318682
        },
        " Bachelors": {
            "loss": 0.2976652371537903,
            "acc": 0.8564638783269962
        },
        " Doctorate": {
            "loss": 0.3386373674102361,
            "acc": 0.8571428571428571
        },
        " HS-grad": {
            "loss": 0.297033337187473,
            "acc": 0.8517274472168906
        },
        " Masters": {
            "loss": 0.2730986173477799,
            "acc": 0.8699186991869918
        },
        " Preschool": {
            "loss": 0.34837649684653427,
            "acc": 0.9
        },
        " Prof-school": {
            "loss": 0.2905800619986011,
            "acc": 0.8620689655172413
        },
        " Some-college": {
            "loss": 0.3002524829052558,
            "acc": 0.8564690026954178
        }
    },
    "education-num": {
        "1-9": {
            "loss": 0.2988285713955035,
            "acc": 0.851751105066304
        },
        "10-13": {
            "loss": 0.29462900771297507,
            "acc": 0.8575180564674983
        },
        "13-16": {
            "loss": 0.2856863955226989,
            "acc": 0.8665480427046264
        },
        "9-10": {
            "loss": 0.3002524829052558,
            "acc": 0.8564690026954178
        }
    },
    "relationship": {
        " Husband": {
            "loss": 0.29141685782551974,
            "acc": 0.8575289575289575
        },
        " Not-in-family": {
            "loss": 0.2931776693580053,
            "acc": 0.8564705882352941
        },
        " Other-relative": {
            "loss": 0.22431387191764054,
            "acc": 0.903954802259887
        },
        " Own-child": {
            "loss": 0.3271081573141573,
            "acc": 0.845927379784102
        },
        " Unmarried": {
            "loss": 0.29864495078937664,
            "acc": 0.8532763532763533
        },
        " Wife": {
            "loss": 0.3039069048844624,
            "acc": 0.8416149068322981
        }
    },
    "race": {
        " Amer-Indian-Eskimo": {
            "loss": 0.2973416642269485,
            "acc": 0.8309859154929577
        },
        " Asian-Pac-Islander": {
            "loss": 0.26098925107494475,
            "acc": 0.8860103626943006
        },
        " Black": {
            "loss": 0.2974245090703966,
            "acc": 0.8597662771285476
        },
        " Other": {
            "loss": 0.3113430947927202,
            "acc": 0.8545454545454545
        },
        " White": {
            "loss": 0.2980940470979701,
            "acc": 0.8542560801144492
        }
    },
    "gender": {
        " Female": {
            "loss": 0.30374065598346517,
            "acc": 0.8549905838041432
        },
        " Male": {
            "loss": 0.2937893508498208,
            "acc": 0.8556771545827634
        }
    },
    "hours-per-week": {
        "1-35": {
            "loss": 0.278181102446066,
            "acc": 0.8731454005934718
        },
        "35-40": {
            "loss": 0.3107470867593191,
            "acc": 0.8481691919191919
        },
        "40-50": {
            "loss": 0.283810926409394,
            "acc": 0.8541157294213529
        },
        "50-99": {
            "loss": 0.29469927311740013,
            "acc": 0.8565840938722294
        }
    }
}