{
    "forget_x": [
        0,
        0,
        1,
        0,
        0,
        0,
        0,
        0,
        0,
        0,
        0,
        0,
        0,
        0,
        0,
        0,
        0,
        0,
        0,
        0,
        1,
        0,
        0,
        0,
        1,
        0,
        1,
        0,
        0,
        0,
        0,
        0,
        0,
        0,
        0,
        1,
        0,
        1,
        0,
        1,
        0,
        0
    ],
    "forget_y": 0,
    "sample": {
        "age": "50-90",
        "education": " HS-grad",
        "education-num": "1-9",
        "relationship": " Other-relative",
        "race": " Black",
        "gender": " Female",
        "hours-per-week": "1-35",
        "income": "<50k"
    },
    "performance": {
        "age": {
            "17-26": {
                "loss": 0.30433517656454273,
                "acc": 0.8506849315068493
            },
            "26-33": {
                "loss": 0.29495974877235387,
                "acc": 0.8530927835051546
            },
            "33-41": {
                "loss": 0.2955768216742802,
                "acc": 0.8534936138241923
            },
            "41-50": {
                "loss": 0.2990650241207816,
                "acc": 0.8548644338118022
            },
            "50-90": {
                "loss": 0.29392320006432004,
                "acc": 0.8578016910069177
            }
        },
        "education": {
            " 10th": {
                "loss": 0.3351471217573678,
                "acc": 0.8306010928961749
            },
            " 11th": {
                "loss": 0.30703091078977235,
                "acc": 0.8622222222222222
            },
            " 12th": {
                "loss": 0.3417650500890305,
                "acc": 0.826530612244898
            },
            " 1st-4th": {
                "loss": 0.24130970374358227,
                "acc": 0.9130434782608695
            },
            " 5th-6th": {
                "loss": 0.24043438864888816,
                "acc": 0.8709677419354839
            },
            " 7th-8th": {
                "loss": 0.26975105374459407,
                "acc": 0.8652482269503546
            },
            " 9th": {
                "loss": 0.29138659297471614,
                "acc": 0.8695652173913043
            },
            " Assoc-acdm": {
                "loss": 0.3070832274049849,
                "acc": 0.8383838383838383
            },
            " Assoc-voc": {
                "loss": 0.2782978527739543,
                "acc": 0.8681318681318682
            },
            " Bachelors": {
                "loss": 0.3044909430542382,
                "acc": 0.8526615969581749
            },
            " Doctorate": {
                "loss": 0.34828170116452123,
                "acc": 0.8311688311688312
            },
            " HS-grad": {
                "loss": 0.2944777672306759,
                "acc": 0.8535765722515603
            },
            " Masters": {
                "loss": 0.2788445393439335,
                "acc": 0.8644986449864499
            },
            " Preschool": {
                "loss": 0.4477509555745236,
                "acc": 0.7
            },
            " Prof-school": {
                "loss": 0.28718220002999645,
                "acc": 0.8793103448275862
            },
            " Some-college": {
                "loss": 0.29938531214113484,
                "acc": 0.8518518518518519
            }
        },
        "education-num": {
            "1-9": {
                "loss": 0.29720508975091114,
                "acc": 0.8534013605442177
            },
            "10-13": {
                "loss": 0.3001328069117108,
                "acc": 0.8535784635587655
            },
            "13-16": {
                "loss": 0.29007911247519436,
                "acc": 0.8629893238434164
            },
            "9-10": {
                "loss": 0.29938531214113484,
                "acc": 0.8518518518518519
            }
        },
        "relationship": {
            " Husband": {
                "loss": 0.2933785965459259,
                "acc": 0.8548262548262548
            },
            " Not-in-family": {
                "loss": 0.2929620381935237,
                "acc": 0.8623529411764705
            },
            " Other-relative": {
                "loss": 0.2323312278047349,
                "acc": 0.8926553672316384
            },
            " Own-child": {
                "loss": 0.3277828148526115,
                "acc": 0.8331697742885181
            },
            " Unmarried": {
                "loss": 0.29993396510178993,
                "acc": 0.8547008547008547
            },
            " Wife": {
                "loss": 0.29479468755966803,
                "acc": 0.84472049689441
            }
        },
        "race": {
            " Amer-Indian-Eskimo": {
                "loss": 0.27955183678964735,
                "acc": 0.8591549295774648
            },
            " Asian-Pac-Islander": {
                "loss": 0.2682333993541552,
                "acc": 0.8860103626943006
            },
            " Black": {
                "loss": 0.30678745412377456,
                "acc": 0.8461538461538461
            },
            " Other": {
                "loss": 0.3065717351564825,
                "acc": 0.8545454545454545
            },
            " White": {
                "loss": 0.2979723420432368,
                "acc": 0.853566958698373
            }
        },
        "gender": {
            " Female": {
                "loss": 0.3039848544372108,
                "acc": 0.853578154425612
            },
            " Male": {
                "loss": 0.2947635767693168,
                "acc": 0.8540811673506612
            }
        },
        "hours-per-week": {
            "1-35": {
                "loss": 0.28032019958638293,
                "acc": 0.8731454005934718
            },
            "35-40": {
                "loss": 0.3094375470644049,
                "acc": 0.8456439393939394
            },
            "40-50": {
                "loss": 0.28686192834234814,
                "acc": 0.8581907090464548
            },
            "50-99": {
                "loss": 0.29771514252453046,
                "acc": 0.847457627118644
            }
        }
    }
}