{
    "age": {
        "17-26": {
            "loss": 0.3039465564130879,
            "acc": 0.8568493150684932
        },
        "26-33": {
            "loss": 0.28896790982901316,
            "acc": 0.8530927835051546
        },
        "33-41": {
            "loss": 0.29719845109941895,
            "acc": 0.8527422990232908
        },
        "41-50": {
            "loss": 0.2966179295827649,
            "acc": 0.8620414673046252
        },
        "50-90": {
            "loss": 0.294633193000714,
            "acc": 0.8601076095311299
        }
    },
    "education": {
        " 10th": {
            "loss": 0.3399622757094754,
            "acc": 0.8469945355191257
        },
        " 11th": {
            "loss": 0.29039989191172116,
            "acc": 0.8577777777777778
        },
        " 12th": {
            "loss": 0.3542911061334003,
            "acc": 0.8061224489795918
        },
        " 1st-4th": {
            "loss": 0.24408086148791766,
            "acc": 0.8695652173913043
        },
        " 5th-6th": {
            "loss": 0.23911504007883777,
            "acc": 0.8709677419354839
        },
        " 7th-8th": {
            "loss": 0.263651534711463,
            "acc": 0.8936170212765957
        },
        " 9th": {
            "loss": 0.2997168519497792,
            "acc": 0.8434782608695652
        },
        " Assoc-acdm": {
            "loss": 0.30177477788140433,
            "acc": 0.8434343434343434
        },
        " Assoc-voc": {
            "loss": 0.26902191479949883,
            "acc": 0.8717948717948718
        },
        " Bachelors": {
            "loss": 0.29539808256693184,
            "acc": 0.8631178707224335
        },
        " Doctorate": {
            "loss": 0.3347968903412352,
            "acc": 0.8441558441558441
        },
        " HS-grad": {
            "loss": 0.29492249065399573,
            "acc": 0.8559769563130101
        },
        " Masters": {
            "loss": 0.2680038420860896,
            "acc": 0.8780487804878049
        },
        " Preschool": {
            "loss": 0.3876493264066898,
            "acc": 0.8
        },
        " Prof-school": {
            "loss": 0.30092861584563396,
            "acc": 0.8448275862068966
        },
        " Some-college": {
            "loss": 0.3063163755978176,
            "acc": 0.8511784511784511
        }
    },
    "education-num": {
        "1-9": {
            "loss": 0.2967873940476314,
            "acc": 0.8554421768707483
        },
        "10-13": {
            "loss": 0.2914991277880457,
            "acc": 0.8621142481943532
        },
        "13-16": {
            "loss": 0.2839510635660777,
            "acc": 0.8665480427046264
        },
        "9-10": {
            "loss": 0.3063163755978176,
            "acc": 0.8511784511784511
        }
    },
    "relationship": {
        " Husband": {
            "loss": 0.2921752931193461,
            "acc": 0.859073359073359
        },
        " Not-in-family": {
            "loss": 0.2920421473529152,
            "acc": 0.8611764705882353
        },
        " Other-relative": {
            "loss": 0.22404396611046695,
            "acc": 0.9096045197740112
        },
        " Own-child": {
            "loss": 0.3270404570561235,
            "acc": 0.8361138370951914
        },
        " Unmarried": {
            "loss": 0.2939670037469058,
            "acc": 0.8603988603988604
        },
        " Wife": {
            "loss": 0.30586311042544523,
            "acc": 0.8478260869565217
        }
    },
    "race": {
        " Amer-Indian-Eskimo": {
            "loss": 0.2893487270217659,
            "acc": 0.8309859154929577
        },
        " Asian-Pac-Islander": {
            "loss": 0.2652920105830009,
            "acc": 0.8860103626943006
        },
        " Black": {
            "loss": 0.2898550786939447,
            "acc": 0.8595317725752508
        },
        " Other": {
            "loss": 0.3410887822756171,
            "acc": 0.8181818181818182
        },
        " White": {
            "loss": 0.2980743943970896,
            "acc": 0.8564276774539603
        }
    },
    "gender": {
        " Female": {
            "loss": 0.30284058279796366,
            "acc": 0.8531073446327684
        },
        " Male": {
            "loss": 0.29360123751601674,
            "acc": 0.8588691290469677
        }
    },
    "hours-per-week": {
        "1-35": {
            "loss": 0.28272573390739314,
            "acc": 0.870919881305638
        },
        "35-40": {
            "loss": 0.30807806911626356,
            "acc": 0.8494318181818182
        },
        "40-50": {
            "loss": 0.280321573435986,
            "acc": 0.8622656886715566
        },
        "50-99": {
            "loss": 0.2997499905276131,
            "acc": 0.8552803129074316
        }
    }
}