{
    "age": {
        "17-26": {
            "loss": 0.4815494271248611,
            "acc": 0.7705479452054794
        },
        "26-33": {
            "loss": 1.0236663603059475,
            "acc": 0.696137339055794
        },
        "33-41": {
            "loss": 1.5547366436295067,
            "acc": 0.6100676183320811
        },
        "41-50": {
            "loss": 1.7751767408396342,
            "acc": 0.5677830940988836
        },
        "50-90": {
            "loss": 1.6220112681302126,
            "acc": 0.611837048424289
        }
    },
    "education": {
        " 10th": {
            "loss": 0.7095930821232014,
            "acc": 0.7049180327868853
        },
        " 11th": {
            "loss": 0.6868111613905652,
            "acc": 0.7333333333333333
        },
        " 12th": {
            "loss": 0.6575523373074232,
            "acc": 0.7551020408163265
        },
        " 1st-4th": {
            "loss": 0.3297731686031447,
            "acc": 0.9130434782608695
        },
        " 5th-6th": {
            "loss": 0.5235436903284849,
            "acc": 0.7419354838709677
        },
        " 7th-8th": {
            "loss": 0.4801585209016982,
            "acc": 0.7659574468085106
        },
        " 9th": {
            "loss": 0.48239456011229825,
            "acc": 0.782608695652174
        },
        " Assoc-acdm": {
            "loss": 1.027685784378926,
            "acc": 0.6767676767676768
        },
        " Assoc-voc": {
            "loss": 1.2250903247830454,
            "acc": 0.6776556776556777
        },
        " Bachelors": {
            "loss": 2.0139742908808036,
            "acc": 0.5498575498575499
        },
        " Doctorate": {
            "loss": 3.220208712151827,
            "acc": 0.38961038961038963
        },
        " HS-grad": {
            "loss": 1.008790813527068,
            "acc": 0.6961113778204513
        },
        " Masters": {
            "loss": 2.543933082620198,
            "acc": 0.4742547425474255
        },
        " Preschool": {
            "loss": 0.5383073919944013,
            "acc": 0.7
        },
        " Prof-school": {
            "loss": 3.4068967872831415,
            "acc": 0.3103448275862069
        },
        " Some-college": {
            "loss": 0.9710691788077861,
            "acc": 0.6915824915824916
        }
    },
    "education-num": {
        "1-9": {
            "loss": 0.8907295001471658,
            "acc": 0.7108843537414966
        },
        "10-13": {
            "loss": 1.744518616975254,
            "acc": 0.589238845144357
        },
        "13-16": {
            "loss": 2.8147106862053155,
            "acc": 0.4288256227758007
        },
        "9-10": {
            "loss": 0.9710691788077861,
            "acc": 0.6915824915824916
        }
    },
    "relationship": {
        " Husband": {
            "loss": 2.058716702027586,
            "acc": 0.528957528957529
        },
        " Not-in-family": {
            "loss": 0.7506773374886059,
            "acc": 0.7407407407407407
        },
        " Other-relative": {
            "loss": 0.4580257984475084,
            "acc": 0.768361581920904
        },
        " Own-child": {
            "loss": 0.4951784623840442,
            "acc": 0.7713444553483808
        },
        " Unmarried": {
            "loss": 0.5684930379774541,
            "acc": 0.7635327635327636
        },
        " Wife": {
            "loss": 2.1974481285888667,
            "acc": 0.5217391304347826
        }
    },
    "race": {
        " Amer-Indian-Eskimo": {
            "loss": 0.6610764670938402,
            "acc": 0.676056338028169
        },
        " Asian-Pac-Islander": {
            "loss": 1.7265344577573667,
            "acc": 0.5751295336787565
        },
        " Black": {
            "loss": 0.8235926849250771,
            "acc": 0.717391304347826
        },
        " Other": {
            "loss": 0.4580203354420958,
            "acc": 0.7636363636363637
        },
        " White": {
            "loss": 1.3234606927662766,
            "acc": 0.6481944941008223
        }
    },
    "gender": {
        " Female": {
            "loss": 0.7818489694505184,
            "acc": 0.7327058823529412
        },
        " Male": {
            "loss": 1.5138776057449994,
            "acc": 0.6153670770633834
        }
    },
    "hours-per-week": {
        "1-35": {
            "loss": 0.6624428887798954,
            "acc": 0.7566765578635015
        },
        "35-40": {
            "loss": 1.0996764769570038,
            "acc": 0.6677185231934364
        },
        "40-50": {
            "loss": 1.9454902206514404,
            "acc": 0.5737571312143439
        },
        "50-99": {
            "loss": 2.003040376256251,
            "acc": 0.5423728813559322
        }
    }
}