{
    "age": {
        "17-26": {
            "loss": 0.5139189178707826,
            "acc": 0.7534246575342466
        },
        "26-33": {
            "loss": 0.9999873160225151,
            "acc": 0.6875536480686695
        },
        "33-41": {
            "loss": 1.4554102346631246,
            "acc": 0.5965439519158527
        },
        "41-50": {
            "loss": 1.6432533771149158,
            "acc": 0.5722266560255387
        },
        "50-90": {
            "loss": 1.5053582341257117,
            "acc": 0.5937019969278033
        }
    },
    "education": {
        " 10th": {
            "loss": 0.6949485851784613,
            "acc": 0.6939890710382514
        },
        " 11th": {
            "loss": 0.6863977245266392,
            "acc": 0.6933333333333334
        },
        " 12th": {
            "loss": 0.6644884273335496,
            "acc": 0.7551020408163265
        },
        " 1st-4th": {
            "loss": 0.3217771736058812,
            "acc": 0.8695652173913043
        },
        " 5th-6th": {
            "loss": 0.585542431360947,
            "acc": 0.7258064516129032
        },
        " 7th-8th": {
            "loss": 0.5233399251460988,
            "acc": 0.75177304964539
        },
        " 9th": {
            "loss": 0.5076013393668098,
            "acc": 0.7652173913043478
        },
        " Assoc-acdm": {
            "loss": 1.0503583353884036,
            "acc": 0.6700507614213198
        },
        " Assoc-voc": {
            "loss": 1.1900772722036104,
            "acc": 0.663003663003663
        },
        " Bachelors": {
            "loss": 1.8639706330954207,
            "acc": 0.5384615384615384
        },
        " Doctorate": {
            "loss": 2.9814979103600083,
            "acc": 0.38961038961038963
        },
        " HS-grad": {
            "loss": 0.9614472479025875,
            "acc": 0.6818618042226487
        },
        " Masters": {
            "loss": 2.3626301576865862,
            "acc": 0.4823848238482385
        },
        " Preschool": {
            "loss": 0.6383182590859353,
            "acc": 0.6
        },
        " Prof-school": {
            "loss": 2.99335777481663,
            "acc": 0.31896551724137934
        },
        " Some-college": {
            "loss": 0.9397972076368285,
            "acc": 0.6848484848484848
        }
    },
    "education-num": {
        "1-9": {
            "loss": 0.8611505547143109,
            "acc": 0.6946616797007821
        },
        "10-13": {
            "loss": 1.6379335285834384,
            "acc": 0.5778069599474721
        },
        "13-16": {
            "loss": 2.5776074184391433,
            "acc": 0.4359430604982206
        },
        "9-10": {
            "loss": 0.9397972076368285,
            "acc": 0.6848484848484848
        }
    },
    "relationship": {
        " Husband": {
            "loss": 1.887741276381865,
            "acc": 0.5243243243243243
        },
        " Not-in-family": {
            "loss": 0.7461615623197028,
            "acc": 0.7272192827748384
        },
        " Other-relative": {
            "loss": 0.4852525420372573,
            "acc": 0.7471910112359551
        },
        " Own-child": {
            "loss": 0.531416230901713,
            "acc": 0.7507360157016683
        },
        " Unmarried": {
            "loss": 0.6004396045013423,
            "acc": 0.7503566333808844
        },
        " Wife": {
            "loss": 2.0626204661151784,
            "acc": 0.515527950310559
        }
    },
    "race": {
        " Amer-Indian-Eskimo": {
            "loss": 0.6540055034619477,
            "acc": 0.6619718309859155
        },
        " Asian-Pac-Islander": {
            "loss": 1.6263671093677539,
            "acc": 0.5803108808290155
        },
        " Black": {
            "loss": 0.8179737730733141,
            "acc": 0.7040133779264214
        },
        " Other": {
            "loss": 0.5222335779446646,
            "acc": 0.7272727272727273
        },
        " White": {
            "loss": 1.250131634253171,
            "acc": 0.6372899535216303
        }
    },
    "gender": {
        " Female": {
            "loss": 0.7901904321389573,
            "acc": 0.7191909689557855
        },
        " Male": {
            "loss": 1.4119694205754618,
            "acc": 0.6057012542759407
        }
    },
    "hours-per-week": {
        "1-35": {
            "loss": 0.665090828152259,
            "acc": 0.7418397626112759
        },
        "35-40": {
            "loss": 1.0723184144417957,
            "acc": 0.6550962448721994
        },
        "40-50": {
            "loss": 1.767034952134346,
            "acc": 0.5623471882640587
        },
        "50-99": {
            "loss": 1.8364529204259679,
            "acc": 0.546284224250326
        }
    }
}