{
    "age": {
        "17-26": {
            "loss": 0.30276578038347246,
            "acc": 0.8568493150684932
        },
        "26-33": {
            "loss": 0.2937479411581268,
            "acc": 0.8436426116838488
        },
        "33-41": {
            "loss": 0.298559491819713,
            "acc": 0.8572501878287002
        },
        "41-50": {
            "loss": 0.29160573245330923,
            "acc": 0.8579409417398244
        },
        "50-90": {
            "loss": 0.29332015814968043,
            "acc": 0.8609831029185868
        }
    },
    "education": {
        " 10th": {
            "loss": 0.33614921389047914,
            "acc": 0.8360655737704918
        },
        " 11th": {
            "loss": 0.2995086586149106,
            "acc": 0.8444444444444444
        },
        " 12th": {
            "loss": 0.3459067830032538,
            "acc": 0.8061224489795918
        },
        " 1st-4th": {
            "loss": 0.24832781698632364,
            "acc": 0.8695652173913043
        },
        " 5th-6th": {
            "loss": 0.23873693909463706,
            "acc": 0.8709677419354839
        },
        " 7th-8th": {
            "loss": 0.2594682139043916,
            "acc": 0.9078014184397163
        },
        " 9th": {
            "loss": 0.30199310550137787,
            "acc": 0.8521739130434782
        },
        " Assoc-acdm": {
            "loss": 0.3013190361134133,
            "acc": 0.8477157360406091
        },
        " Assoc-voc": {
            "loss": 0.28976605245757764,
            "acc": 0.8424908424908425
        },
        " Bachelors": {
            "loss": 0.29340079066306685,
            "acc": 0.8564638783269962
        },
        " Doctorate": {
            "loss": 0.3307433604252891,
            "acc": 0.8831168831168831
        },
        " HS-grad": {
            "loss": 0.2942474926681879,
            "acc": 0.8522072936660269
        },
        " Masters": {
            "loss": 0.2663799764948084,
            "acc": 0.8834688346883469
        },
        " Preschool": {
            "loss": 0.3930019363931575,
            "acc": 0.8
        },
        " Prof-school": {
            "loss": 0.3041346795382884,
            "acc": 0.853448275862069
        },
        " Some-college": {
            "loss": 0.3034953532521693,
            "acc": 0.8572390572390572
        }
    },
    "education-num": {
        "1-9": {
            "loss": 0.2964205605089421,
            "acc": 0.8520911254675281
        },
        "10-13": {
            "loss": 0.2937737281293083,
            "acc": 0.8528252299605782
        },
        "13-16": {
            "loss": 0.28299123292842204,
            "acc": 0.8772241992882562
        },
        "9-10": {
            "loss": 0.3034953532521693,
            "acc": 0.8572390572390572
        }
    },
    "relationship": {
        " Husband": {
            "loss": 0.2918495396160205,
            "acc": 0.8633204633204633
        },
        " Not-in-family": {
            "loss": 0.29151368132450145,
            "acc": 0.8535294117647059
        },
        " Other-relative": {
            "loss": 0.21149716638742871,
            "acc": 0.9157303370786517
        },
        " Own-child": {
            "loss": 0.32083918564524383,
            "acc": 0.8410206084396468
        },
        " Unmarried": {
            "loss": 0.30612275732350164,
            "acc": 0.8445078459343794
        },
        " Wife": {
            "loss": 0.3043195982126182,
            "acc": 0.8416149068322981
        }
    },
    "race": {
        " Amer-Indian-Eskimo": {
            "loss": 0.2867331321066822,
            "acc": 0.8169014084507042
        },
        " Asian-Pac-Islander": {
            "loss": 0.2677139863933317,
            "acc": 0.8756476683937824
        },
        " Black": {
            "loss": 0.2940434205718128,
            "acc": 0.8444816053511706
        },
        " Other": {
            "loss": 0.33831142053449215,
            "acc": 0.8545454545454545
        },
        " White": {
            "loss": 0.2971850902503161,
            "acc": 0.8566064723761845
        }
    },
    "gender": {
        " Female": {
            "loss": 0.3051752742211111,
            "acc": 0.8508235294117648
        },
        " Male": {
            "loss": 0.2919340245005677,
            "acc": 0.8579247434435576
        }
    },
    "hours-per-week": {
        "1-35": {
            "loss": 0.2827488123780292,
            "acc": 0.8738872403560831
        },
        "35-40": {
            "loss": 0.3072600595068383,
            "acc": 0.8446969696969697
        },
        "40-50": {
            "loss": 0.282437058482025,
            "acc": 0.8614506927465363
        },
        "50-99": {
            "loss": 0.2966526946468841,
            "acc": 0.8591916558018253
        }
    }
}