{
    "forget_x": [
        0,
        0,
        0,
        1,
        0,
        0,
        0,
        0,
        0,
        0,
        0,
        0,
        0,
        0,
        0,
        0,
        0,
        0,
        0,
        1,
        0,
        0,
        0,
        1,
        0,
        1,
        0,
        0,
        0,
        0,
        0,
        0,
        0,
        0,
        0,
        1,
        0,
        1,
        0,
        0,
        1,
        0
    ],
    "forget_y": 1,
    "sample": {
        "age": "41-50",
        "education": " Assoc-acdm",
        "education-num": "10-13",
        "relationship": " Unmarried",
        "race": " Black",
        "gender": " Male",
        "hours-per-week": "1-35",
        "income": "<50k"
    },
    "performance": {
        "age": {
            "17-26": {
                "loss": 0.306126457283432,
                "acc": 0.8513698630136987
            },
            "26-33": {
                "loss": 0.30034114003786216,
                "acc": 0.852233676975945
            },
            "33-41": {
                "loss": 0.3023700061530624,
                "acc": 0.8467317806160781
            },
            "41-50": {
                "loss": 0.29819210861274587,
                "acc": 0.8491620111731844
            },
            "50-90": {
                "loss": 0.29071544313050257,
                "acc": 0.8563748079877113
            }
        },
        "education": {
            " 10th": {
                "loss": 0.34668495130370947,
                "acc": 0.8360655737704918
            },
            " 11th": {
                "loss": 0.30440988883534986,
                "acc": 0.8622222222222222
            },
            " 12th": {
                "loss": 0.38726420913351334,
                "acc": 0.8367346938775511
            },
            " 1st-4th": {
                "loss": 0.23349360237215666,
                "acc": 0.9130434782608695
            },
            " 5th-6th": {
                "loss": 0.2735808206762492,
                "acc": 0.8548387096774194
            },
            " 7th-8th": {
                "loss": 0.25121190713054203,
                "acc": 0.8794326241134752
            },
            " 9th": {
                "loss": 0.29701989926437733,
                "acc": 0.8695652173913043
            },
            " Assoc-acdm": {
                "loss": 0.31521942704127137,
                "acc": 0.8426395939086294
            },
            " Assoc-voc": {
                "loss": 0.28587358647478284,
                "acc": 0.8754578754578755
            },
            " Bachelors": {
                "loss": 0.30766942933750435,
                "acc": 0.841254752851711
            },
            " Doctorate": {
                "loss": 0.339503938460328,
                "acc": 0.8571428571428571
            },
            " HS-grad": {
                "loss": 0.29428349485225086,
                "acc": 0.8498080614203455
            },
            " Masters": {
                "loss": 0.27018716536079695,
                "acc": 0.8644986449864499
            },
            " Preschool": {
                "loss": 0.4951435097747591,
                "acc": 0.7
            },
            " Prof-school": {
                "loss": 0.27702824217556216,
                "acc": 0.8706896551724138
            },
            " Some-college": {
                "loss": 0.30257244417966067,
                "acc": 0.8484848484848485
            }
        },
        "education-num": {
            "1-9": {
                "loss": 0.2992302730359589,
                "acc": 0.851751105066304
            },
            "10-13": {
                "loss": 0.30473715893416575,
                "acc": 0.8475689881734559
            },
            "13-16": {
                "loss": 0.28109634051947435,
                "acc": 0.8647686832740213
            },
            "9-10": {
                "loss": 0.30257244417966067,
                "acc": 0.8484848484848485
            }
        },
        "relationship": {
            " Husband": {
                "loss": 0.2953867293759403,
                "acc": 0.8536679536679537
            },
            " Not-in-family": {
                "loss": 0.29972137817606476,
                "acc": 0.8488235294117648
            },
            " Other-relative": {
                "loss": 0.22386060407927225,
                "acc": 0.8876404494382022
            },
            " Own-child": {
                "loss": 0.32393951199464144,
                "acc": 0.8370951913640824
            },
            " Unmarried": {
                "loss": 0.30552557622117754,
                "acc": 0.854493580599144
            },
            " Wife": {
                "loss": 0.287110126436653,
                "acc": 0.860248447204969
            }
        },
        "race": {
            " Amer-Indian-Eskimo": {
                "loss": 0.3019522294270946,
                "acc": 0.8169014084507042
            },
            " Asian-Pac-Islander": {
                "loss": 0.26253215106223754,
                "acc": 0.8756476683937824
            },
            " Black": {
                "loss": 0.32436459775190973,
                "acc": 0.8361204013377926
            },
            " Other": {
                "loss": 0.2815028458004101,
                "acc": 0.8545454545454545
            },
            " White": {
                "loss": 0.2985128575820336,
                "acc": 0.8523153942428036
            }
        },
        "gender": {
            " Female": {
                "loss": 0.30544410986428866,
                "acc": 0.8489411764705882
            },
            " Male": {
                "loss": 0.29693812506583606,
                "acc": 0.8522234891676169
            }
        },
        "hours-per-week": {
            "1-35": {
                "loss": 0.28032708108137677,
                "acc": 0.8679525222551929
            },
            "35-40": {
                "loss": 0.31116070097718457,
                "acc": 0.8418560606060606
            },
            "40-50": {
                "loss": 0.288797078842451,
                "acc": 0.8516707416462918
            },
            "50-99": {
                "loss": 0.30397704060259373,
                "acc": 0.8591916558018253
            }
        }
    }
}