{
    "age": {
        "17-26": {
            "loss": 0.4937893324585446,
            "acc": 0.7753424657534247
        },
        "26-33": {
            "loss": 1.200863813444623,
            "acc": 0.6969957081545064
        },
        "33-41": {
            "loss": 1.8879549517890166,
            "acc": 0.6033057851239669
        },
        "41-50": {
            "loss": 2.1318623458925785,
            "acc": 0.578611332801277
        },
        "50-90": {
            "loss": 1.9279778931982494,
            "acc": 0.6044546850998463
        }
    },
    "education": {
        " 10th": {
            "loss": 0.8017953410637781,
            "acc": 0.7103825136612022
        },
        " 11th": {
            "loss": 0.7673693973806839,
            "acc": 0.7377777777777778
        },
        " 12th": {
            "loss": 0.7366449250820049,
            "acc": 0.7653061224489796
        },
        " 1st-4th": {
            "loss": 0.26770102582924155,
            "acc": 0.8695652173913043
        },
        " 5th-6th": {
            "loss": 0.5564840586773816,
            "acc": 0.7741935483870968
        },
        " 7th-8th": {
            "loss": 0.45868173632202625,
            "acc": 0.7943262411347518
        },
        " 9th": {
            "loss": 0.4740936279425199,
            "acc": 0.7913043478260869
        },
        " Assoc-acdm": {
            "loss": 1.1766719750344083,
            "acc": 0.696969696969697
        },
        " Assoc-voc": {
            "loss": 1.4282517131468782,
            "acc": 0.673992673992674
        },
        " Bachelors": {
            "loss": 2.427801025695714,
            "acc": 0.5432098765432098
        },
        " Doctorate": {
            "loss": 4.229781371731561,
            "acc": 0.36363636363636365
        },
        " HS-grad": {
            "loss": 1.1440178236950433,
            "acc": 0.696257197696737
        },
        " Masters": {
            "loss": 3.293654684000019,
            "acc": 0.46883468834688347
        },
        " Preschool": {
            "loss": 0.548874866442026,
            "acc": 0.6
        },
        " Prof-school": {
            "loss": 4.176829385274077,
            "acc": 0.3217391304347826
        },
        " Some-college": {
            "loss": 1.1262278707789162,
            "acc": 0.6922558922558922
        }
    },
    "education-num": {
        "1-9": {
            "loss": 1.0000182879956196,
            "acc": 0.7137028221693301
        },
        "10-13": {
            "loss": 2.086199638322504,
            "acc": 0.5866141732283464
        },
        "13-16": {
            "loss": 3.603185603076398,
            "acc": 0.42424242424242425
        },
        "9-10": {
            "loss": 1.1262278707789162,
            "acc": 0.6922558922558922
        }
    },
    "relationship": {
        " Husband": {
            "loss": 2.505144241008743,
            "acc": 0.5303205870992661
        },
        " Not-in-family": {
            "loss": 0.8388875191636932,
            "acc": 0.7401528512639624
        },
        " Other-relative": {
            "loss": 0.46607569050222747,
            "acc": 0.7640449438202247
        },
        " Own-child": {
            "loss": 0.5159174494953566,
            "acc": 0.7752698724239451
        },
        " Unmarried": {
            "loss": 0.6136434157141805,
            "acc": 0.7663817663817664
        },
        " Wife": {
            "loss": 2.677119265172543,
            "acc": 0.5062111801242236
        }
    },
    "race": {
        " Amer-Indian-Eskimo": {
            "loss": 0.6841259504996205,
            "acc": 0.676056338028169
        },
        " Asian-Pac-Islander": {
            "loss": 2.1411524470392416,
            "acc": 0.5751295336787565
        },
        " Black": {
            "loss": 0.920615568665348,
            "acc": 0.7178631051752922
        },
        " Other": {
            "loss": 0.47641710956096917,
            "acc": 0.7818181818181819
        },
        " White": {
            "loss": 1.5688879874505095,
            "acc": 0.6484891829072055
        }
    },
    "gender": {
        " Female": {
            "loss": 0.892094534489981,
            "acc": 0.731420507996237
        },
        " Male": {
            "loss": 1.805624758245254,
            "acc": 0.6166476624857469
        }
    },
    "hours-per-week": {
        "1-35": {
            "loss": 0.7555130607853638,
            "acc": 0.7538917716827279
        },
        "35-40": {
            "loss": 1.2845722063101626,
            "acc": 0.6680340801514674
        },
        "40-50": {
            "loss": 2.343826266792907,
            "acc": 0.5758564437194127
        },
        "50-99": {
            "loss": 2.41294667711435,
            "acc": 0.546284224250326
        }
    }
}