{
    "age": {
        "17-26": {
            "loss": 0.306691224815143,
            "acc": 0.852054794520548
        },
        "26-33": {
            "loss": 0.29813888922916304,
            "acc": 0.8410652920962199
        },
        "33-41": {
            "loss": 0.30022156369282044,
            "acc": 0.8542449286250939
        },
        "41-50": {
            "loss": 0.30381355055215387,
            "acc": 0.8587390263367917
        },
        "50-90": {
            "loss": 0.2917081992861969,
            "acc": 0.8609831029185868
        }
    },
    "education": {
        " 10th": {
            "loss": 0.34494772420063313,
            "acc": 0.8415300546448088
        },
        " 11th": {
            "loss": 0.30573926823418274,
            "acc": 0.8711111111111111
        },
        " 12th": {
            "loss": 0.34784833237017077,
            "acc": 0.826530612244898
        },
        " 1st-4th": {
            "loss": 0.2539334581154253,
            "acc": 0.8695652173913043
        },
        " 5th-6th": {
            "loss": 0.23275517723160058,
            "acc": 0.8548387096774194
        },
        " 7th-8th": {
            "loss": 0.2575132071724309,
            "acc": 0.900709219858156
        },
        " 9th": {
            "loss": 0.2840436722100344,
            "acc": 0.8782608695652174
        },
        " Assoc-acdm": {
            "loss": 0.3154040016905962,
            "acc": 0.8232323232323232
        },
        " Assoc-voc": {
            "loss": 0.28175869253868807,
            "acc": 0.8534798534798534
        },
        " Bachelors": {
            "loss": 0.3067056041210565,
            "acc": 0.8574144486692015
        },
        " Doctorate": {
            "loss": 0.3248679711213811,
            "acc": 0.8441558441558441
        },
        " HS-grad": {
            "loss": 0.2967139876123164,
            "acc": 0.8478886756238004
        },
        " Masters": {
            "loss": 0.285886889584414,
            "acc": 0.8644986449864499
        },
        " Preschool": {
            "loss": 0.43418757562327875,
            "acc": 0.8
        },
        " Prof-school": {
            "loss": 0.2874612197040014,
            "acc": 0.8608695652173913
        },
        " Some-college": {
            "loss": 0.30393620014404427,
            "acc": 0.8545454545454545
        }
    },
    "education-num": {
        "1-9": {
            "loss": 0.2985193493486782,
            "acc": 0.8524311458687521
        },
        "10-13": {
            "loss": 0.303364682162279,
            "acc": 0.8522652659225214
        },
        "13-16": {
            "loss": 0.2915599577521487,
            "acc": 0.8609625668449198
        },
        "9-10": {
            "loss": 0.30393620014404427,
            "acc": 0.8545454545454545
        }
    },
    "relationship": {
        " Husband": {
            "loss": 0.2984226271969107,
            "acc": 0.8567014291232136
        },
        " Not-in-family": {
            "loss": 0.2903681433436329,
            "acc": 0.8558823529411764
        },
        " Other-relative": {
            "loss": 0.22036769765372244,
            "acc": 0.8932584269662921
        },
        " Own-child": {
            "loss": 0.3278781681173178,
            "acc": 0.8439646712463199
        },
        " Unmarried": {
            "loss": 0.3117343071223029,
            "acc": 0.8447293447293447
        },
        " Wife": {
            "loss": 0.2995881934463698,
            "acc": 0.84472049689441
        }
    },
    "race": {
        " Amer-Indian-Eskimo": {
            "loss": 0.30062424425985274,
            "acc": 0.8450704225352113
        },
        " Asian-Pac-Islander": {
            "loss": 0.26182245248553504,
            "acc": 0.8860103626943006
        },
        " Black": {
            "loss": 0.3078723849937812,
            "acc": 0.8497495826377296
        },
        " Other": {
            "loss": 0.3323766950816561,
            "acc": 0.8545454545454545
        },
        " White": {
            "loss": 0.30048424166086385,
            "acc": 0.8530042918454935
        }
    },
    "gender": {
        " Female": {
            "loss": 0.30757804829400703,
            "acc": 0.8494117647058823
        },
        " Male": {
            "loss": 0.2967564100925224,
            "acc": 0.8556442417331813
        }
    },
    "hours-per-week": {
        "1-35": {
            "loss": 0.2845473629310175,
            "acc": 0.8739807264640475
        },
        "35-40": {
            "loss": 0.31262477999883703,
            "acc": 0.84375
        },
        "40-50": {
            "loss": 0.2848779264407816,
            "acc": 0.8556280587275693
        },
        "50-99": {
            "loss": 0.30165603316012884,
            "acc": 0.8552803129074316
        }
    }
}