{
    "forget_x": [
        0,
        0,
        0,
        0,
        1,
        0,
        0,
        0,
        0,
        0,
        0,
        0,
        0,
        0,
        0,
        0,
        1,
        0,
        0,
        0,
        0,
        1,
        0,
        0,
        0,
        0,
        0,
        0,
        0,
        1,
        0,
        0,
        0,
        0,
        0,
        1,
        1,
        0,
        1,
        0,
        0,
        0
    ],
    "forget_y": 0,
    "sample": {
        "age": "41-50",
        "education": " Prof-school",
        "education-num": "13-16",
        "relationship": " Husband",
        "race": " White",
        "gender": " Male",
        "hours-per-week": "40-50",
        "income": ">=50k"
    },
    "performance": {
        "age": {
            "17-26": {
                "loss": 0.30454484514409347,
                "acc": 0.8616438356164383
            },
            "26-33": {
                "loss": 0.29262444330087356,
                "acc": 0.8487972508591065
            },
            "33-41": {
                "loss": 0.2945875029208982,
                "acc": 0.8564988730277987
            },
            "41-50": {
                "loss": 0.29441004338409793,
                "acc": 0.8579409417398244
            },
            "50-90": {
                "loss": 0.28946483288191466,
                "acc": 0.857910906298003
            }
        },
        "education": {
            " 10th": {
                "loss": 0.33581201991201254,
                "acc": 0.8524590163934426
            },
            " 11th": {
                "loss": 0.3025432358745147,
                "acc": 0.8666666666666667
            },
            " 12th": {
                "loss": 0.3570124757401902,
                "acc": 0.8061224489795918
            },
            " 1st-4th": {
                "loss": 0.23489651235071565,
                "acc": 0.8695652173913043
            },
            " 5th-6th": {
                "loss": 0.24390537717193503,
                "acc": 0.8709677419354839
            },
            " 7th-8th": {
                "loss": 0.25971016623647114,
                "acc": 0.900709219858156
            },
            " 9th": {
                "loss": 0.28002722214494913,
                "acc": 0.8608695652173913
            },
            " Assoc-acdm": {
                "loss": 0.3138610206530981,
                "acc": 0.8383838383838383
            },
            " Assoc-voc": {
                "loss": 0.28274393935107656,
                "acc": 0.8644688644688645
            },
            " Bachelors": {
                "loss": 0.2980237070911158,
                "acc": 0.8545627376425855
            },
            " Doctorate": {
                "loss": 0.32031129098433975,
                "acc": 0.8441558441558441
            },
            " HS-grad": {
                "loss": 0.292410945750129,
                "acc": 0.8550863723608445
            },
            " Masters": {
                "loss": 0.2690470999797462,
                "acc": 0.8753387533875339
            },
            " Preschool": {
                "loss": 0.39997210383629106,
                "acc": 0.8
            },
            " Prof-school": {
                "loss": 0.28675243099082437,
                "acc": 0.8521739130434782
            },
            " Some-college": {
                "loss": 0.3004092211070614,
                "acc": 0.8558922558922559
            }
        },
        "education-num": {
            "1-9": {
                "loss": 0.29488072066459475,
                "acc": 0.8568514110846651
            },
            "10-13": {
                "loss": 0.29734374090086096,
                "acc": 0.8542350623768877
            },
            "13-16": {
                "loss": 0.2797127965459277,
                "acc": 0.8663101604278075
            },
            "9-10": {
                "loss": 0.3004092211070614,
                "acc": 0.8558922558922559
            }
        },
        "relationship": {
            " Husband": {
                "loss": 0.2911319221844417,
                "acc": 0.8601776747779065
            },
            " Not-in-family": {
                "loss": 0.28893152582738374,
                "acc": 0.8605882352941177
            },
            " Other-relative": {
                "loss": 0.21164683535466555,
                "acc": 0.9044943820224719
            },
            " Own-child": {
                "loss": 0.3269437317398885,
                "acc": 0.844946025515211
            },
            " Unmarried": {
                "loss": 0.3027747226677019,
                "acc": 0.8490028490028491
            },
            " Wife": {
                "loss": 0.29448600615515735,
                "acc": 0.8385093167701864
            }
        },
        "race": {
            " Amer-Indian-Eskimo": {
                "loss": 0.28644108968172793,
                "acc": 0.8309859154929577
            },
            " Asian-Pac-Islander": {
                "loss": 0.2640081934438819,
                "acc": 0.8808290155440415
            },
            " Black": {
                "loss": 0.3046503124505265,
                "acc": 0.8547579298831386
            },
            " Other": {
                "loss": 0.29633719624073246,
                "acc": 0.8363636363636363
            },
            " White": {
                "loss": 0.29560985468878076,
                "acc": 0.8567596566523605
            }
        },
        "gender": {
            " Female": {
                "loss": 0.3026259115342272,
                "acc": 0.8503529411764705
            },
            " Male": {
                "loss": 0.29191453296752734,
                "acc": 0.8599771949828963
            }
        },
        "hours-per-week": {
            "1-35": {
                "loss": 0.27718263159646545,
                "acc": 0.8762045959970348
            },
            "35-40": {
                "loss": 0.30811355835200654,
                "acc": 0.8465909090909091
            },
            "40-50": {
                "loss": 0.28212355454785915,
                "acc": 0.8629690048939641
            },
            "50-99": {
                "loss": 0.29624340067062993,
                "acc": 0.8552803129074316
            }
        }
    }
}