{
    "age": {
        "17-26": {
            "loss": 0.42997368448923523,
            "acc": 0.8013698630136986
        },
        "26-33": {
            "loss": 1.0559609154603096,
            "acc": 0.7098712446351931
        },
        "33-41": {
            "loss": 1.6016119917496847,
            "acc": 0.6220886551465064
        },
        "41-50": {
            "loss": 1.8425812937419432,
            "acc": 0.5778132482043097
        },
        "50-90": {
            "loss": 1.6616499286913533,
            "acc": 0.6136712749615976
        }
    },
    "education": {
        " 10th": {
            "loss": 0.6790863668635996,
            "acc": 0.73224043715847
        },
        " 11th": {
            "loss": 0.6498544880970331,
            "acc": 0.7422222222222222
        },
        " 12th": {
            "loss": 0.6971066476323601,
            "acc": 0.7755102040816326
        },
        " 1st-4th": {
            "loss": 0.25858063081989585,
            "acc": 0.8695652173913043
        },
        " 5th-6th": {
            "loss": 0.5392029999637348,
            "acc": 0.7419354838709677
        },
        " 7th-8th": {
            "loss": 0.4204455499404013,
            "acc": 0.7943262411347518
        },
        " 9th": {
            "loss": 0.4368157737339133,
            "acc": 0.808695652173913
        },
        " Assoc-acdm": {
            "loss": 1.0979530296339195,
            "acc": 0.7121212121212122
        },
        " Assoc-voc": {
            "loss": 1.3135399759844433,
            "acc": 0.6813186813186813
        },
        " Bachelors": {
            "loss": 2.0773401008919343,
            "acc": 0.5546058879392213
        },
        " Doctorate": {
            "loss": 3.652771167503732,
            "acc": 0.36363636363636365
        },
        " HS-grad": {
            "loss": 0.9900862384638827,
            "acc": 0.7178502879078695
        },
        " Masters": {
            "loss": 2.7723332036868573,
            "acc": 0.4742547425474255
        },
        " Preschool": {
            "loss": 0.4640047651326265,
            "acc": 0.7
        },
        " Prof-school": {
            "loss": 3.383096079455696,
            "acc": 0.3103448275862069
        },
        " Some-college": {
            "loss": 0.9744741214353736,
            "acc": 0.7055256064690026
        }
    },
    "education-num": {
        "1-9": {
            "loss": 0.868983632119516,
            "acc": 0.731383883032982
        },
        "10-13": {
            "loss": 1.8132744354005725,
            "acc": 0.597769028871391
        },
        "13-16": {
            "loss": 3.0190275396354083,
            "acc": 0.42526690391459077
        },
        "9-10": {
            "loss": 0.9744741214353736,
            "acc": 0.7055256064690026
        }
    },
    "relationship": {
        " Husband": {
            "loss": 2.155919396091225,
            "acc": 0.5353418308227115
        },
        " Not-in-family": {
            "loss": 0.7303858280549853,
            "acc": 0.7554379776601999
        },
        " Other-relative": {
            "loss": 0.40699286980942484,
            "acc": 0.8089887640449438
        },
        " Own-child": {
            "loss": 0.44297560512233586,
            "acc": 0.7968596663395485
        },
        " Unmarried": {
            "loss": 0.5152895282545504,
            "acc": 0.792022792022792
        },
        " Wife": {
            "loss": 2.3363119373200103,
            "acc": 0.5124223602484472
        }
    },
    "race": {
        " Amer-Indian-Eskimo": {
            "loss": 0.7068389092359181,
            "acc": 0.6901408450704225
        },
        " Asian-Pac-Islander": {
            "loss": 1.8536177954894835,
            "acc": 0.5803108808290155
        },
        " Black": {
            "loss": 0.7995486656876872,
            "acc": 0.7378964941569283
        },
        " Other": {
            "loss": 0.43038301844637683,
            "acc": 0.7454545454545455
        },
        " White": {
            "loss": 1.350150127168336,
            "acc": 0.6622563919184695
        }
    },
    "gender": {
        " Female": {
            "loss": 0.7702612697906581,
            "acc": 0.7507055503292568
        },
        " Male": {
            "loss": 1.5562938917957305,
            "acc": 0.6275940706955531
        }
    },
    "hours-per-week": {
        "1-35": {
            "loss": 0.6405118970853303,
            "acc": 0.782060785767235
        },
        "35-40": {
            "loss": 1.1160207056448521,
            "acc": 0.6806563584727043
        },
        "40-50": {
            "loss": 2.019826913956676,
            "acc": 0.5876120619396903
        },
        "50-99": {
            "loss": 2.0664182589003484,
            "acc": 0.54177545691906
        }
    }
}