{
    "forget_x": [
        0,
        0,
        0,
        1,
        0,
        0,
        0,
        0,
        0,
        0,
        0,
        0,
        0,
        0,
        0,
        0,
        1,
        0,
        0,
        0,
        0,
        1,
        0,
        0,
        0,
        1,
        0,
        0,
        0,
        0,
        0,
        0,
        0,
        0,
        0,
        1,
        0,
        1,
        0,
        1,
        0,
        0
    ],
    "forget_y": 1,
    "sample": {
        "age": "41-50",
        "education": " Some-college",
        "education-num": "9-10",
        "relationship": " Husband",
        "race": " White",
        "gender": " Male",
        "hours-per-week": "50-99",
        "income": ">=50k"
    },
    "performance": {
        "age": {
            "17-26": {
                "loss": 0.307043408509597,
                "acc": 0.8534246575342466
            },
            "26-33": {
                "loss": 0.29143472622693545,
                "acc": 0.8487972508591065
            },
            "33-41": {
                "loss": 0.2966151058268989,
                "acc": 0.8572501878287002
            },
            "41-50": {
                "loss": 0.3003529999841334,
                "acc": 0.8563447725458898
            },
            "50-90": {
                "loss": 0.29058815980789626,
                "acc": 0.8609831029185868
            }
        },
        "education": {
            " 10th": {
                "loss": 0.33873526121960945,
                "acc": 0.8415300546448088
            },
            " 11th": {
                "loss": 0.30782471890811774,
                "acc": 0.8533333333333334
            },
            " 12th": {
                "loss": 0.3575032242027845,
                "acc": 0.8061224489795918
            },
            " 1st-4th": {
                "loss": 0.2675295652405922,
                "acc": 0.8695652173913043
            },
            " 5th-6th": {
                "loss": 0.22934609683897544,
                "acc": 0.8709677419354839
            },
            " 7th-8th": {
                "loss": 0.2688247405258919,
                "acc": 0.9078014184397163
            },
            " 9th": {
                "loss": 0.2894197691582938,
                "acc": 0.8695652173913043
            },
            " Assoc-acdm": {
                "loss": 0.31034536392131856,
                "acc": 0.8434343434343434
            },
            " Assoc-voc": {
                "loss": 0.277084817619138,
                "acc": 0.8754578754578755
            },
            " Bachelors": {
                "loss": 0.29757104000014,
                "acc": 0.8583650190114068
            },
            " Doctorate": {
                "loss": 0.3299418136992131,
                "acc": 0.8311688311688312
            },
            " HS-grad": {
                "loss": 0.29529591770036717,
                "acc": 0.8512476007677543
            },
            " Masters": {
                "loss": 0.27839655872103863,
                "acc": 0.8644986449864499
            },
            " Preschool": {
                "loss": 0.4069406416804421,
                "acc": 0.8
            },
            " Prof-school": {
                "loss": 0.2992157610867099,
                "acc": 0.8362068965517241
            },
            " Some-college": {
                "loss": 0.30101436515940105,
                "acc": 0.8564690026954178
            }
        },
        "education-num": {
            "1-9": {
                "loss": 0.29830354617669597,
                "acc": 0.8531111866712002
            },
            "10-13": {
                "loss": 0.29555960035889234,
                "acc": 0.8594878529218647
            },
            "13-16": {
                "loss": 0.28975601087003755,
                "acc": 0.8540925266903915
            },
            "9-10": {
                "loss": 0.30101436515940105,
                "acc": 0.8564690026954178
            }
        },
        "relationship": {
            " Husband": {
                "loss": 0.29383834175620926,
                "acc": 0.8594051757435304
            },
            " Not-in-family": {
                "loss": 0.28990101884932573,
                "acc": 0.8582352941176471
            },
            " Other-relative": {
                "loss": 0.2141621548193594,
                "acc": 0.9213483146067416
            },
            " Own-child": {
                "loss": 0.3314245494495772,
                "acc": 0.8410206084396468
            },
            " Unmarried": {
                "loss": 0.2979426470054638,
                "acc": 0.8447293447293447
            },
            " Wife": {
                "loss": 0.3056483855971599,
                "acc": 0.8416149068322981
            }
        },
        "race": {
            " Amer-Indian-Eskimo": {
                "loss": 0.29325640902053707,
                "acc": 0.8309859154929577
            },
            " Asian-Pac-Islander": {
                "loss": 0.268548935197304,
                "acc": 0.8963730569948186
            },
            " Black": {
                "loss": 0.2938769396140295,
                "acc": 0.8647746243739566
            },
            " Other": {
                "loss": 0.32869361181365514,
                "acc": 0.8545454545454545
            },
            " White": {
                "loss": 0.298682870465965,
                "acc": 0.8533619456366237
            }
        },
        "gender": {
            " Female": {
                "loss": 0.30364314262344533,
                "acc": 0.8503529411764705
            },
            " Male": {
                "loss": 0.2945848389014712,
                "acc": 0.8579247434435576
            }
        },
        "hours-per-week": {
            "1-35": {
                "loss": 0.2801263928761663,
                "acc": 0.8724981467753892
            },
            "35-40": {
                "loss": 0.3114826729872056,
                "acc": 0.8475378787878788
            },
            "40-50": {
                "loss": 0.2821530884925705,
                "acc": 0.8573757131214343
            },
            "50-99": {
                "loss": 0.29520462802084635,
                "acc": 0.8550913838120104
            }
        }
    }
}