{
    "age": {
        "17-26": {
            "loss": 0.30844053852733383,
            "acc": 0.8479452054794521
        },
        "26-33": {
            "loss": 0.29552274616000884,
            "acc": 0.852233676975945
        },
        "33-41": {
            "loss": 0.30181739613218317,
            "acc": 0.850488354620586
        },
        "41-50": {
            "loss": 0.302336229261172,
            "acc": 0.8579409417398244
        },
        "50-90": {
            "loss": 0.3016143668007497,
            "acc": 0.8548387096774194
        }
    },
    "education": {
        " 10th": {
            "loss": 0.3439424375476655,
            "acc": 0.8415300546448088
        },
        " 11th": {
            "loss": 0.3245185544166591,
            "acc": 0.8444444444444444
        },
        " 12th": {
            "loss": 0.34646361378597246,
            "acc": 0.8061224489795918
        },
        " 1st-4th": {
            "loss": 0.27691868958678195,
            "acc": 0.8695652173913043
        },
        " 5th-6th": {
            "loss": 0.24500964040316284,
            "acc": 0.8709677419354839
        },
        " 7th-8th": {
            "loss": 0.2645020656844687,
            "acc": 0.8936170212765957
        },
        " 9th": {
            "loss": 0.28890243995048276,
            "acc": 0.8608695652173913
        },
        " Assoc-acdm": {
            "loss": 0.3043887630215701,
            "acc": 0.8383838383838383
        },
        " Assoc-voc": {
            "loss": 0.27009759111780435,
            "acc": 0.8791208791208791
        },
        " Bachelors": {
            "loss": 0.3039565860904479,
            "acc": 0.8621673003802282
        },
        " Doctorate": {
            "loss": 0.3239044540057485,
            "acc": 0.8571428571428571
        },
        " HS-grad": {
            "loss": 0.3023596519717813,
            "acc": 0.8483685220729367
        },
        " Masters": {
            "loss": 0.27996612299752577,
            "acc": 0.8617886178861789
        },
        " Preschool": {
            "loss": 0.37744618119809237,
            "acc": 0.8
        },
        " Prof-school": {
            "loss": 0.3004632546068756,
            "acc": 0.8275862068965517
        },
        " Some-college": {
            "loss": 0.30647448858688064,
            "acc": 0.8483827493261455
        }
    },
    "education-num": {
        "1-9": {
            "loss": 0.3046181063952656,
            "acc": 0.8493709622577355
        },
        "10-13": {
            "loss": 0.29794349705882023,
            "acc": 0.8621142481943532
        },
        "13-16": {
            "loss": 0.2902168681119698,
            "acc": 0.8540925266903915
        },
        "9-10": {
            "loss": 0.30647448858688064,
            "acc": 0.8483827493261455
        }
    },
    "relationship": {
        " Husband": {
            "loss": 0.2989882165599248,
            "acc": 0.8539976825028969
        },
        " Not-in-family": {
            "loss": 0.2958110255297081,
            "acc": 0.8558823529411764
        },
        " Other-relative": {
            "loss": 0.21543217941494366,
            "acc": 0.9101123595505618
        },
        " Own-child": {
            "loss": 0.3369264667177815,
            "acc": 0.8390578999018645
        },
        " Unmarried": {
            "loss": 0.3000262028118307,
            "acc": 0.8504273504273504
        },
        " Wife": {
            "loss": 0.30530183199249306,
            "acc": 0.8385093167701864
        }
    },
    "race": {
        " Amer-Indian-Eskimo": {
            "loss": 0.3018335921354915,
            "acc": 0.8450704225352113
        },
        " Asian-Pac-Islander": {
            "loss": 0.26360757657122674,
            "acc": 0.8808290155440415
        },
        " Black": {
            "loss": 0.29393411379450457,
            "acc": 0.8597662771285476
        },
        " Other": {
            "loss": 0.3395014720794976,
            "acc": 0.8363636363636363
        },
        " White": {
            "loss": 0.30409768516161767,
            "acc": 0.8510371959942775
        }
    },
    "gender": {
        " Female": {
            "loss": 0.30999637714800127,
            "acc": 0.8461176470588235
        },
        " Male": {
            "loss": 0.2984760584792275,
            "acc": 0.8556442417331813
        }
    },
    "hours-per-week": {
        "1-35": {
            "loss": 0.28596837484187815,
            "acc": 0.8650852483320979
        },
        "35-40": {
            "loss": 0.3156299965782465,
            "acc": 0.8446969696969697
        },
        "40-50": {
            "loss": 0.2857706108466028,
            "acc": 0.856560717196414
        },
        "50-99": {
            "loss": 0.30186959731142915,
            "acc": 0.856396866840731
        }
    }
}