{
    "age": {
        "17-26": {
            "loss": 0.5006195538953737,
            "acc": 0.7561643835616438
        },
        "26-33": {
            "loss": 1.1884447448020654,
            "acc": 0.6875536480686695
        },
        "33-41": {
            "loss": 1.7689061545156277,
            "acc": 0.6010518407212622
        },
        "41-50": {
            "loss": 2.0226604077944934,
            "acc": 0.5682362330407024
        },
        "50-90": {
            "loss": 1.8907279731288666,
            "acc": 0.5990783410138248
        }
    },
    "education": {
        " 10th": {
            "loss": 0.8107022253842592,
            "acc": 0.6830601092896175
        },
        " 11th": {
            "loss": 0.7227942126980603,
            "acc": 0.6919642857142857
        },
        " 12th": {
            "loss": 0.7510685066768049,
            "acc": 0.7551020408163265
        },
        " 1st-4th": {
            "loss": 0.2846160577494212,
            "acc": 0.8695652173913043
        },
        " 5th-6th": {
            "loss": 0.5719326926709491,
            "acc": 0.7258064516129032
        },
        " 7th-8th": {
            "loss": 0.5187305867983054,
            "acc": 0.7588652482269503
        },
        " 9th": {
            "loss": 0.4951170153891461,
            "acc": 0.7652173913043478
        },
        " Assoc-acdm": {
            "loss": 1.0584711463447898,
            "acc": 0.6868686868686869
        },
        " Assoc-voc": {
            "loss": 1.4403348555378552,
            "acc": 0.663003663003663
        },
        " Bachelors": {
            "loss": 2.3247545708036945,
            "acc": 0.5375118708452041
        },
        " Doctorate": {
            "loss": 3.896325530430507,
            "acc": 0.37662337662337664
        },
        " HS-grad": {
            "loss": 1.13000166554423,
            "acc": 0.6895393474088292
        },
        " Masters": {
            "loss": 3.0468955005201668,
            "acc": 0.46612466124661245
        },
        " Preschool": {
            "loss": 0.5100598319142274,
            "acc": 0.6
        },
        " Prof-school": {
            "loss": 3.89729312389254,
            "acc": 0.31896551724137934
        },
        " Some-college": {
            "loss": 1.0928192908294552,
            "acc": 0.6861952861952862
        }
    },
    "education-num": {
        "1-9": {
            "loss": 0.9918294760678504,
            "acc": 0.6996598639455782
        },
        "10-13": {
            "loss": 2.0018079170566883,
            "acc": 0.5793963254593176
        },
        "13-16": {
            "loss": 3.3388033948516482,
            "acc": 0.4234875444839858
        },
        "9-10": {
            "loss": 1.0928192908294552,
            "acc": 0.6861952861952862
        }
    },
    "relationship": {
        " Husband": {
            "loss": 2.383213973029738,
            "acc": 0.5256855928930089
        },
        " Not-in-family": {
            "loss": 0.8257764754184004,
            "acc": 0.7313345091122869
        },
        " Other-relative": {
            "loss": 0.4639517387634428,
            "acc": 0.7415730337078652
        },
        " Own-child": {
            "loss": 0.5262069818297934,
            "acc": 0.7526987242394504
        },
        " Unmarried": {
            "loss": 0.5934575991257514,
            "acc": 0.7564102564102564
        },
        " Wife": {
            "loss": 2.6577508092881548,
            "acc": 0.5031055900621118
        }
    },
    "race": {
        " Amer-Indian-Eskimo": {
            "loss": 0.685904960179697,
            "acc": 0.6619718309859155
        },
        " Asian-Pac-Islander": {
            "loss": 1.9816286938591001,
            "acc": 0.5699481865284974
        },
        " Black": {
            "loss": 0.9130378829588998,
            "acc": 0.7140468227424749
        },
        " Other": {
            "loss": 0.5241867667602401,
            "acc": 0.7272727272727273
        },
        " White": {
            "loss": 1.5123342087510545,
            "acc": 0.6387200572041473
        }
    },
    "gender": {
        " Female": {
            "loss": 0.8789146115461667,
            "acc": 0.7210724365004704
        },
        " Male": {
            "loss": 1.7325896501425448,
            "acc": 0.6075256556442418
        }
    },
    "hours-per-week": {
        "1-35": {
            "loss": 0.7129300076161023,
            "acc": 0.742772424017791
        },
        "35-40": {
            "loss": 1.254510184658535,
            "acc": 0.6566740296623541
        },
        "40-50": {
            "loss": 2.2485012911369946,
            "acc": 0.5693311582381729
        },
        "50-99": {
            "loss": 2.310339167706987,
            "acc": 0.5423728813559322
        }
    }
}