{
    "age": {
        "17-26": {
            "loss": 0.30086709123628375,
            "acc": 0.8541095890410959
        },
        "26-33": {
            "loss": 0.292558519480823,
            "acc": 0.8565292096219931
        },
        "33-41": {
            "loss": 0.29231357993477086,
            "acc": 0.8542449286250939
        },
        "41-50": {
            "loss": 0.2974477688704867,
            "acc": 0.8571428571428571
        },
        "50-90": {
            "loss": 0.29234588556580277,
            "acc": 0.8594470046082949
        }
    },
    "education": {
        " 10th": {
            "loss": 0.3419141935928508,
            "acc": 0.8415300546448088
        },
        " 11th": {
            "loss": 0.29893078133240675,
            "acc": 0.875
        },
        " 12th": {
            "loss": 0.3337338040726391,
            "acc": 0.8367346938775511
        },
        " 1st-4th": {
            "loss": 0.24715032738356085,
            "acc": 0.8695652173913043
        },
        " 5th-6th": {
            "loss": 0.24235007676207285,
            "acc": 0.8387096774193549
        },
        " 7th-8th": {
            "loss": 0.25577054935838595,
            "acc": 0.8936170212765957
        },
        " 9th": {
            "loss": 0.289314873622615,
            "acc": 0.8521739130434782
        },
        " Assoc-acdm": {
            "loss": 0.30266783016661325,
            "acc": 0.8383838383838383
        },
        " Assoc-voc": {
            "loss": 0.2785193845630972,
            "acc": 0.8461538461538461
        },
        " Bachelors": {
            "loss": 0.2971885692861233,
            "acc": 0.8564638783269962
        },
        " Doctorate": {
            "loss": 0.3349107946480368,
            "acc": 0.8571428571428571
        },
        " HS-grad": {
            "loss": 0.2924760648075648,
            "acc": 0.8550863723608445
        },
        " Masters": {
            "loss": 0.278179156384495,
            "acc": 0.8617886178861789
        },
        " Preschool": {
            "loss": 0.4198487889405631,
            "acc": 0.7
        },
        " Prof-school": {
            "loss": 0.29052831535117074,
            "acc": 0.8706896551724138
        },
        " Some-college": {
            "loss": 0.29997682696589506,
            "acc": 0.857912457912458
        }
    },
    "education-num": {
        "1-9": {
            "loss": 0.29455793619341747,
            "acc": 0.8561224489795919
        },
        "10-13": {
            "loss": 0.29455443023487693,
            "acc": 0.8522652659225214
        },
        "13-16": {
            "loss": 0.28850093322867165,
            "acc": 0.8629893238434164
        },
        "9-10": {
            "loss": 0.29997682696589506,
            "acc": 0.857912457912458
        }
    },
    "relationship": {
        " Husband": {
            "loss": 0.2927779249647425,
            "acc": 0.8563151796060255
        },
        " Not-in-family": {
            "loss": 0.2927262637327763,
            "acc": 0.86
        },
        " Other-relative": {
            "loss": 0.2354039904691011,
            "acc": 0.9044943820224719
        },
        " Own-child": {
            "loss": 0.3171722066025005,
            "acc": 0.8439646712463199
        },
        " Unmarried": {
            "loss": 0.293553903006566,
            "acc": 0.8575498575498576
        },
        " Wife": {
            "loss": 0.29626682407991706,
            "acc": 0.84472049689441
        }
    },
    "race": {
        " Amer-Indian-Eskimo": {
            "loss": 0.2986127359615494,
            "acc": 0.8450704225352113
        },
        " Asian-Pac-Islander": {
            "loss": 0.2679284622022863,
            "acc": 0.8963730569948186
        },
        " Black": {
            "loss": 0.2990308882122028,
            "acc": 0.8478260869565217
        },
        " Other": {
            "loss": 0.31684321057993375,
            "acc": 0.8363636363636363
        },
        " White": {
            "loss": 0.2955571780769062,
            "acc": 0.8560700876095119
        }
    },
    "gender": {
        " Female": {
            "loss": 0.30067171688620054,
            "acc": 0.8536470588235294
        },
        " Male": {
            "loss": 0.29265278079636486,
            "acc": 0.8574686431014823
        }
    },
    "hours-per-week": {
        "1-35": {
            "loss": 0.27868721268635305,
            "acc": 0.8747220163083765
        },
        "35-40": {
            "loss": 0.3075138289698586,
            "acc": 0.8456439393939394
        },
        "40-50": {
            "loss": 0.2821783933287611,
            "acc": 0.8613376835236541
        },
        "50-99": {
            "loss": 0.29479305327740324,
            "acc": 0.8591916558018253
        }
    }
}