{
    "forget_x": [
        1,
        0,
        0,
        0,
        0,
        0,
        0,
        0,
        0,
        0,
        0,
        0,
        0,
        0,
        0,
        0,
        1,
        0,
        0,
        0,
        0,
        1,
        0,
        0,
        0,
        0,
        0,
        0,
        0,
        1,
        0,
        0,
        0,
        1,
        0,
        0,
        1,
        0,
        1,
        0,
        0,
        0
    ],
    "forget_y": 0,
    "sample": {
        "age": "41-50",
        "education": " 11th",
        "education-num": "1-9",
        "relationship": " Husband",
        "race": " Black",
        "gender": " Male",
        "hours-per-week": "40-50",
        "income": "<50k"
    },
    "performance": {
        "age": {
            "17-26": {
                "loss": 0.30000066997249786,
                "acc": 0.8602739726027397
            },
            "26-33": {
                "loss": 0.2949865813773075,
                "acc": 0.8513745704467354
            },
            "33-41": {
                "loss": 0.2979988232830986,
                "acc": 0.8512396694214877
            },
            "41-50": {
                "loss": 0.2926486327206778,
                "acc": 0.8635275339185954
            },
            "50-90": {
                "loss": 0.2874453851420414,
                "acc": 0.8571428571428571
            }
        },
        "education": {
            " 10th": {
                "loss": 0.3381714374172939,
                "acc": 0.8360655737704918
            },
            " 11th": {
                "loss": 0.3046441953453778,
                "acc": 0.8616071428571429
            },
            " 12th": {
                "loss": 0.33679291599503686,
                "acc": 0.8163265306122449
            },
            " 1st-4th": {
                "loss": 0.2342716298632006,
                "acc": 0.8695652173913043
            },
            " 5th-6th": {
                "loss": 0.24165440919864076,
                "acc": 0.8709677419354839
            },
            " 7th-8th": {
                "loss": 0.2619851854972935,
                "acc": 0.8865248226950354
            },
            " 9th": {
                "loss": 0.29645011564945706,
                "acc": 0.8608695652173913
            },
            " Assoc-acdm": {
                "loss": 0.3010320956355334,
                "acc": 0.8434343434343434
            },
            " Assoc-voc": {
                "loss": 0.27071335917106415,
                "acc": 0.8717948717948718
            },
            " Bachelors": {
                "loss": 0.2919184567882278,
                "acc": 0.8669201520912547
            },
            " Doctorate": {
                "loss": 0.31926203779077644,
                "acc": 0.8441558441558441
            },
            " HS-grad": {
                "loss": 0.2952094436849187,
                "acc": 0.8536468330134357
            },
            " Masters": {
                "loss": 0.2703161758792373,
                "acc": 0.8699186991869918
            },
            " Preschool": {
                "loss": 0.40501973627515875,
                "acc": 0.8
            },
            " Prof-school": {
                "loss": 0.3115236221056815,
                "acc": 0.8275862068965517
            },
            " Some-college": {
                "loss": 0.2990370131556282,
                "acc": 0.8538720538720539
            }
        },
        "education-num": {
            "1-9": {
                "loss": 0.29721107207018527,
                "acc": 0.8540816326530613
            },
            "10-13": {
                "loss": 0.2893022446032509,
                "acc": 0.8647406434668418
            },
            "13-16": {
                "loss": 0.28552773304908785,
                "acc": 0.8576512455516014
            },
            "9-10": {
                "loss": 0.2990370131556282,
                "acc": 0.8538720538720539
            }
        },
        "relationship": {
            " Husband": {
                "loss": 0.2923903257316613,
                "acc": 0.8551564310544612
            },
            " Not-in-family": {
                "loss": 0.2879985118404304,
                "acc": 0.8635294117647059
            },
            " Other-relative": {
                "loss": 0.2273002250387633,
                "acc": 0.9044943820224719
            },
            " Own-child": {
                "loss": 0.32281406701091814,
                "acc": 0.8410206084396468
            },
            " Unmarried": {
                "loss": 0.2942987798829166,
                "acc": 0.8575498575498576
            },
            " Wife": {
                "loss": 0.2992039740992238,
                "acc": 0.8571428571428571
            }
        },
        "race": {
            " Amer-Indian-Eskimo": {
                "loss": 0.2931994376786563,
                "acc": 0.8309859154929577
            },
            " Asian-Pac-Islander": {
                "loss": 0.27012342622356056,
                "acc": 0.8860103626943006
            },
            " Black": {
                "loss": 0.29307821007140833,
                "acc": 0.8545150501672241
            },
            " Other": {
                "loss": 0.314544041068836,
                "acc": 0.8181818181818182
            },
            " White": {
                "loss": 0.2956253795295859,
                "acc": 0.8567852672984088
            }
        },
        "gender": {
            " Female": {
                "loss": 0.30050197275995305,
                "acc": 0.8583529411764705
            },
            " Male": {
                "loss": 0.29199036004832213,
                "acc": 0.8561003420752565
            }
        },
        "hours-per-week": {
            "1-35": {
                "loss": 0.2801817280951527,
                "acc": 0.8695329873980726
            },
            "35-40": {
                "loss": 0.306592828530032,
                "acc": 0.8494318181818182
            },
            "40-50": {
                "loss": 0.28234121541226337,
                "acc": 0.8621533442088092
            },
            "50-99": {
                "loss": 0.29145092418233476,
                "acc": 0.8565840938722294
            }
        }
    }
}