{
    "age": {
        "17-26": {
            "loss": 0.4344215403399515,
            "acc": 0.7888965044551063
        },
        "26-33": {
            "loss": 1.0612482881238843,
            "acc": 0.7047210300429184
        },
        "33-41": {
            "loss": 1.654199398390104,
            "acc": 0.6108189331329827
        },
        "41-50": {
            "loss": 1.8911783206969712,
            "acc": 0.5789473684210527
        },
        "50-90": {
            "loss": 1.7056135486575532,
            "acc": 0.6121351766513057
        }
    },
    "education": {
        " 10th": {
            "loss": 0.7002267920265581,
            "acc": 0.7049180327868853
        },
        " 11th": {
            "loss": 0.6820345679531506,
            "acc": 0.7422222222222222
        },
        " 12th": {
            "loss": 0.6567302207957316,
            "acc": 0.7551020408163265
        },
        " 1st-4th": {
            "loss": 0.23971335977698036,
            "acc": 0.9130434782608695
        },
        " 5th-6th": {
            "loss": 0.5394473694412738,
            "acc": 0.8064516129032258
        },
        " 7th-8th": {
            "loss": 0.41369001946918915,
            "acc": 0.7730496453900709
        },
        " 9th": {
            "loss": 0.41461470930063415,
            "acc": 0.8
        },
        " Assoc-acdm": {
            "loss": 1.1362505266714853,
            "acc": 0.6818181818181818
        },
        " Assoc-voc": {
            "loss": 1.2976777794872771,
            "acc": 0.6776556776556777
        },
        " Bachelors": {
            "loss": 2.148915278414366,
            "acc": 0.5441595441595442
        },
        " Doctorate": {
            "loss": 3.815261899106825,
            "acc": 0.37662337662337664
        },
        " HS-grad": {
            "loss": 1.0244757958725381,
            "acc": 0.7081132981277004
        },
        " Masters": {
            "loss": 2.737147731334603,
            "acc": 0.4932249322493225
        },
        " Preschool": {
            "loss": 0.4864526538777015,
            "acc": 0.7
        },
        " Prof-school": {
            "loss": 3.4465080445241045,
            "acc": 0.3017241379310345
        },
        " Some-college": {
            "loss": 1.0025289683968674,
            "acc": 0.7037037037037037
        }
    },
    "education-num": {
        "1-9": {
            "loss": 0.8944818300015416,
            "acc": 0.7224489795918367
        },
        "10-13": {
            "loss": 1.864863140584845,
            "acc": 0.5859580052493438
        },
        "13-16": {
            "loss": 3.0312768901396634,
            "acc": 0.4377224199288256
        },
        "9-10": {
            "loss": 1.0025289683968674,
            "acc": 0.7037037037037037
        }
    },
    "relationship": {
        " Husband": {
            "loss": 2.2129233777848425,
            "acc": 0.5343629343629344
        },
        " Not-in-family": {
            "loss": 0.7515814292549587,
            "acc": 0.7466196355085244
        },
        " Other-relative": {
            "loss": 0.42611185836200843,
            "acc": 0.7865168539325843
        },
        " Own-child": {
            "loss": 0.4499701346522901,
            "acc": 0.7831207065750736
        },
        " Unmarried": {
            "loss": 0.5127924106555063,
            "acc": 0.7803138373751783
        },
        " Wife": {
            "loss": 2.361536084750318,
            "acc": 0.5248447204968945
        }
    },
    "race": {
        " Amer-Indian-Eskimo": {
            "loss": 0.6232848137207321,
            "acc": 0.676056338028169
        },
        " Asian-Pac-Islander": {
            "loss": 1.8819993548357599,
            "acc": 0.5751295336787565
        },
        " Black": {
            "loss": 0.8332425283678785,
            "acc": 0.725752508361204
        },
        " Other": {
            "loss": 0.4668010654474097,
            "acc": 0.7818181818181819
        },
        " White": {
            "loss": 1.3823255182271275,
            "acc": 0.656417590275295
        }
    },
    "gender": {
        " Female": {
            "loss": 0.783074049117118,
            "acc": 0.7411764705882353
        },
        " Male": {
            "loss": 1.5960165942566675,
            "acc": 0.6231190150478796
        }
    },
    "hours-per-week": {
        "1-35": {
            "loss": 0.6379360260714974,
            "acc": 0.7678041543026706
        },
        "35-40": {
            "loss": 1.1549871698192182,
            "acc": 0.6765541180183023
        },
        "40-50": {
            "loss": 2.0488980784903057,
            "acc": 0.5794621026894865
        },
        "50-99": {
            "loss": 2.1252556586370273,
            "acc": 0.5449804432855281
        }
    }
}