{
    "forget_x": [
        0,
        0,
        0,
        0,
        1,
        1,
        0,
        0,
        0,
        0,
        0,
        0,
        0,
        0,
        0,
        0,
        0,
        0,
        0,
        0,
        0,
        1,
        0,
        0,
        0,
        1,
        0,
        0,
        0,
        0,
        0,
        0,
        0,
        0,
        0,
        1,
        0,
        1,
        0,
        0,
        0,
        1
    ],
    "forget_y": 1,
    "sample": {
        "age": "17-26",
        "education": " HS-grad",
        "education-num": "1-9",
        "relationship": " Unmarried",
        "race": " Black",
        "gender": " Female",
        "hours-per-week": "1-35",
        "income": "<50k"
    },
    "performance": {
        "age": {
            "17-26": {
                "loss": 0.31207220912402694,
                "acc": 0.8546949965729952
            },
            "26-33": {
                "loss": 0.2929213583931558,
                "acc": 0.8470790378006873
            },
            "33-41": {
                "loss": 0.29885525346798886,
                "acc": 0.8512396694214877
            },
            "41-50": {
                "loss": 0.30041885059047213,
                "acc": 0.8452950558213717
            },
            "50-90": {
                "loss": 0.3007230050314584,
                "acc": 0.8540706605222734
            }
        },
        "education": {
            " 10th": {
                "loss": 0.35218637224825106,
                "acc": 0.8360655737704918
            },
            " 11th": {
                "loss": 0.31463141570148734,
                "acc": 0.84
            },
            " 12th": {
                "loss": 0.36088121819049906,
                "acc": 0.8163265306122449
            },
            " 1st-4th": {
                "loss": 0.2604033841390318,
                "acc": 0.8695652173913043
            },
            " 5th-6th": {
                "loss": 0.24050751181550875,
                "acc": 0.8709677419354839
            },
            " 7th-8th": {
                "loss": 0.2769574834077728,
                "acc": 0.8723404255319149
            },
            " 9th": {
                "loss": 0.29806965887662257,
                "acc": 0.8695652173913043
            },
            " Assoc-acdm": {
                "loss": 0.3058410616300024,
                "acc": 0.8636363636363636
            },
            " Assoc-voc": {
                "loss": 0.27089127962405013,
                "acc": 0.8681318681318682
            },
            " Bachelors": {
                "loss": 0.30166979246024156,
                "acc": 0.844106463878327
            },
            " Doctorate": {
                "loss": 0.32564192955061594,
                "acc": 0.8831168831168831
            },
            " HS-grad": {
                "loss": 0.3006761059286103,
                "acc": 0.8502160345655305
            },
            " Masters": {
                "loss": 0.27458603580426266,
                "acc": 0.8563685636856369
            },
            " Preschool": {
                "loss": 0.3907694256072656,
                "acc": 0.8
            },
            " Prof-school": {
                "loss": 0.32076121737562496,
                "acc": 0.8448275862068966
            },
            " Some-college": {
                "loss": 0.3042363523141422,
                "acc": 0.8498316498316498
            }
        },
        "education-num": {
            "1-9": {
                "loss": 0.3044402436875407,
                "acc": 0.8496598639455782
            },
            "10-13": {
                "loss": 0.2966949909443731,
                "acc": 0.8509520682862771
            },
            "13-16": {
                "loss": 0.2911120587237413,
                "acc": 0.8576512455516014
            },
            "9-10": {
                "loss": 0.3042363523141422,
                "acc": 0.8498316498316498
            }
        },
        "relationship": {
            " Husband": {
                "loss": 0.29498753047536014,
                "acc": 0.8552123552123552
            },
            " Not-in-family": {
                "loss": 0.2977279990568495,
                "acc": 0.8488235294117648
            },
            " Other-relative": {
                "loss": 0.22596890975674427,
                "acc": 0.898876404494382
            },
            " Own-child": {
                "loss": 0.3339071009513877,
                "acc": 0.8410206084396468
            },
            " Unmarried": {
                "loss": 0.29998531888140106,
                "acc": 0.8516405135520685
            },
            " Wife": {
                "loss": 0.3149004197796281,
                "acc": 0.8260869565217391
            }
        },
        "race": {
            " Amer-Indian-Eskimo": {
                "loss": 0.28902880426491356,
                "acc": 0.8169014084507042
            },
            " Asian-Pac-Islander": {
                "loss": 0.2679667243517656,
                "acc": 0.8601036269430051
            },
            " Black": {
                "loss": 0.28790235772120265,
                "acc": 0.8578595317725752
            },
            " Other": {
                "loss": 0.3289025666819755,
                "acc": 0.8727272727272727
            },
            " White": {
                "loss": 0.3039196985251924,
                "acc": 0.8498122653316645
            }
        },
        "gender": {
            " Female": {
                "loss": 0.3109257948757008,
                "acc": 0.8451035781544256
            },
            " Male": {
                "loss": 0.29683318730572383,
                "acc": 0.8533971728226174
            }
        },
        "hours-per-week": {
            "1-35": {
                "loss": 0.2879332240735092,
                "acc": 0.8694362017804155
            },
            "35-40": {
                "loss": 0.31417674338098656,
                "acc": 0.8405934343434344
            },
            "40-50": {
                "loss": 0.2822481145373729,
                "acc": 0.8557457212713936
            },
            "50-99": {
                "loss": 0.30319739533178836,
                "acc": 0.8513689700130378
            }
        }
    }
}