{
    "age": {
        "17-26": {
            "loss": 0.3031287422036389,
            "acc": 0.8505825908156271
        },
        "26-33": {
            "loss": 0.2925309723007559,
            "acc": 0.8548109965635738
        },
        "33-41": {
            "loss": 0.2986394594633881,
            "acc": 0.8489857250187829
        },
        "41-50": {
            "loss": 0.2920849555404436,
            "acc": 0.8580542264752791
        },
        "50-90": {
            "loss": 0.28710598236879004,
            "acc": 0.8617511520737328
        }
    },
    "education": {
        " 10th": {
            "loss": 0.3349316821270594,
            "acc": 0.8579234972677595
        },
        " 11th": {
            "loss": 0.29758669964363066,
            "acc": 0.88
        },
        " 12th": {
            "loss": 0.35815491062040966,
            "acc": 0.8163265306122449
        },
        " 1st-4th": {
            "loss": 0.25372244875769967,
            "acc": 0.8695652173913043
        },
        " 5th-6th": {
            "loss": 0.24258538878206592,
            "acc": 0.8387096774193549
        },
        " 7th-8th": {
            "loss": 0.2690331920872842,
            "acc": 0.8794326241134752
        },
        " 9th": {
            "loss": 0.2876874311061031,
            "acc": 0.8695652173913043
        },
        " Assoc-acdm": {
            "loss": 0.3119552912577524,
            "acc": 0.8282828282828283
        },
        " Assoc-voc": {
            "loss": 0.2864378204847364,
            "acc": 0.8571428571428571
        },
        " Bachelors": {
            "loss": 0.29961655856280717,
            "acc": 0.8498098859315589
        },
        " Doctorate": {
            "loss": 0.33255239111334434,
            "acc": 0.8441558441558441
        },
        " HS-grad": {
            "loss": 0.29159840486054495,
            "acc": 0.8526164186269803
        },
        " Masters": {
            "loss": 0.26889150319896715,
            "acc": 0.8699186991869918
        },
        " Preschool": {
            "loss": 0.45483285167945525,
            "acc": 0.7
        },
        " Prof-school": {
            "loss": 0.26411909191623106,
            "acc": 0.8793103448275862
        },
        " Some-college": {
            "loss": 0.29799985678408414,
            "acc": 0.8552188552188552
        }
    },
    "education-num": {
        "1-9": {
            "loss": 0.2949626317750337,
            "acc": 0.8551020408163266
        },
        "10-13": {
            "loss": 0.298858366559055,
            "acc": 0.8483256730137886
        },
        "13-16": {
            "loss": 0.2766286716342154,
            "acc": 0.8683274021352313
        },
        "9-10": {
            "loss": 0.29799985678408414,
            "acc": 0.8552188552188552
        }
    },
    "relationship": {
        " Husband": {
            "loss": 0.2914147252821055,
            "acc": 0.8583011583011583
        },
        " Not-in-family": {
            "loss": 0.29145390539758903,
            "acc": 0.8594117647058823
        },
        " Other-relative": {
            "loss": 0.20640422474971115,
            "acc": 0.9101123595505618
        },
        " Own-child": {
            "loss": 0.32397322157995223,
            "acc": 0.831207065750736
        },
        " Unmarried": {
            "loss": 0.2992249417403911,
            "acc": 0.8573466476462197
        },
        " Wife": {
            "loss": 0.29032734117654435,
            "acc": 0.8385093167701864
        }
    },
    "race": {
        " Amer-Indian-Eskimo": {
            "loss": 0.29124857039745605,
            "acc": 0.8309859154929577
        },
        " Asian-Pac-Islander": {
            "loss": 0.2547883102902686,
            "acc": 0.8911917098445595
        },
        " Black": {
            "loss": 0.3064872486149362,
            "acc": 0.8444816053511706
        },
        " Other": {
            "loss": 0.31554114263136773,
            "acc": 0.8181818181818182
        },
        " White": {
            "loss": 0.2949865189648019,
            "acc": 0.8551761129983908
        }
    },
    "gender": {
        " Female": {
            "loss": 0.2994697321165868,
            "acc": 0.85075329566855
        },
        " Male": {
            "loss": 0.292811860340904,
            "acc": 0.8565891472868217
        }
    },
    "hours-per-week": {
        "1-35": {
            "loss": 0.2735490548957958,
            "acc": 0.8716617210682492
        },
        "35-40": {
            "loss": 0.30875580985156037,
            "acc": 0.8462752525252525
        },
        "40-50": {
            "loss": 0.2829095381890385,
            "acc": 0.8573757131214343
        },
        "50-99": {
            "loss": 0.29508995502426316,
            "acc": 0.8552803129074316
        }
    }
}