{
    "age": {
        "17-26": {
            "loss": 0.47032445192369843,
            "acc": 0.7760273972602739
        },
        "26-33": {
            "loss": 1.0572650892981774,
            "acc": 0.7012875536480687
        },
        "33-41": {
            "loss": 1.6331864411860213,
            "acc": 0.6078136739293765
        },
        "41-50": {
            "loss": 1.8836350455330726,
            "acc": 0.5733652312599681
        },
        "50-90": {
            "loss": 1.6709050836889963,
            "acc": 0.6056879323597233
        }
    },
    "education": {
        " 10th": {
            "loss": 0.7247408120790156,
            "acc": 0.7087912087912088
        },
        " 11th": {
            "loss": 0.7111650471370506,
            "acc": 0.7111111111111111
        },
        " 12th": {
            "loss": 0.6489186177437505,
            "acc": 0.7755102040816326
        },
        " 1st-4th": {
            "loss": 0.29070526577127276,
            "acc": 0.8695652173913043
        },
        " 5th-6th": {
            "loss": 0.4998752585415219,
            "acc": 0.7580645161290323
        },
        " 7th-8th": {
            "loss": 0.4492286926782486,
            "acc": 0.7659574468085106
        },
        " 9th": {
            "loss": 0.45543230168938265,
            "acc": 0.8
        },
        " Assoc-acdm": {
            "loss": 1.0915653432231809,
            "acc": 0.6767676767676768
        },
        " Assoc-voc": {
            "loss": 1.2878464255041042,
            "acc": 0.673992673992674
        },
        " Bachelors": {
            "loss": 2.1257443870766464,
            "acc": 0.5498575498575499
        },
        " Doctorate": {
            "loss": 3.595803244220809,
            "acc": 0.35064935064935066
        },
        " HS-grad": {
            "loss": 1.019170571136517,
            "acc": 0.699616122840691
        },
        " Masters": {
            "loss": 2.754615148092684,
            "acc": 0.48509485094850946
        },
        " Preschool": {
            "loss": 0.507566892814821,
            "acc": 0.7
        },
        " Prof-school": {
            "loss": 3.430910002926773,
            "acc": 0.3103448275862069
        },
        " Some-college": {
            "loss": 1.0051971157644575,
            "acc": 0.6936026936026936
        }
    },
    "education-num": {
        "1-9": {
            "loss": 0.8972552974911499,
            "acc": 0.713265306122449
        },
        "10-13": {
            "loss": 1.8412866481053263,
            "acc": 0.5885826771653543
        },
        "13-16": {
            "loss": 3.009458006745033,
            "acc": 0.4306049822064057
        },
        "9-10": {
            "loss": 1.0051971157644575,
            "acc": 0.6936026936026936
        }
    },
    "relationship": {
        " Husband": {
            "loss": 2.167505113969547,
            "acc": 0.5280030899961375
        },
        " Not-in-family": {
            "loss": 0.7568383665497249,
            "acc": 0.7436801881246325
        },
        " Other-relative": {
            "loss": 0.4467965405488979,
            "acc": 0.7584269662921348
        },
        " Own-child": {
            "loss": 0.480888041696125,
            "acc": 0.7693817468105987
        },
        " Unmarried": {
            "loss": 0.5612882116981338,
            "acc": 0.7749287749287749
        },
        " Wife": {
            "loss": 2.377182354506403,
            "acc": 0.531055900621118
        }
    },
    "race": {
        " Amer-Indian-Eskimo": {
            "loss": 0.6506676350135817,
            "acc": 0.6619718309859155
        },
        " Asian-Pac-Islander": {
            "loss": 1.8830177974784506,
            "acc": 0.5803108808290155
        },
        " Black": {
            "loss": 0.8402089496970035,
            "acc": 0.7245409015025042
        },
        " Other": {
            "loss": 0.4894206842466163,
            "acc": 0.7818181818181819
        },
        " White": {
            "loss": 1.3746221003997992,
            "acc": 0.6490255676738781
        }
    },
    "gender": {
        " Female": {
            "loss": 0.8081658937433576,
            "acc": 0.7337723424270931
        },
        " Male": {
            "loss": 1.5758093165197404,
            "acc": 0.6171037628278221
        }
    },
    "hours-per-week": {
        "1-35": {
            "loss": 0.6755555592396725,
            "acc": 0.7635285396590067
        },
        "35-40": {
            "loss": 1.13061882595849,
            "acc": 0.6661407384032818
        },
        "40-50": {
            "loss": 2.0504351577634026,
            "acc": 0.5770171149144254
        },
        "50-99": {
            "loss": 2.1121998636879473,
            "acc": 0.5443864229765013
        }
    }
}