{
    "age": {
        "17-26": {
            "loss": 0.3035567788609625,
            "acc": 0.852054794520548
        },
        "26-33": {
            "loss": 0.2954224228912137,
            "acc": 0.8436426116838488
        },
        "33-41": {
            "loss": 0.29801958792086736,
            "acc": 0.8489857250187829
        },
        "41-50": {
            "loss": 0.30085888209178097,
            "acc": 0.861244019138756
        },
        "50-90": {
            "loss": 0.2916724664281763,
            "acc": 0.8608762490392006
        }
    },
    "education": {
        " 10th": {
            "loss": 0.3436399950210818,
            "acc": 0.8296703296703297
        },
        " 11th": {
            "loss": 0.3089709584218978,
            "acc": 0.8488888888888889
        },
        " 12th": {
            "loss": 0.36197460028023304,
            "acc": 0.8061224489795918
        },
        " 1st-4th": {
            "loss": 0.217654659154473,
            "acc": 0.8695652173913043
        },
        " 5th-6th": {
            "loss": 0.23122338990850197,
            "acc": 0.8870967741935484
        },
        " 7th-8th": {
            "loss": 0.2714122475997133,
            "acc": 0.8936170212765957
        },
        " 9th": {
            "loss": 0.288857570870749,
            "acc": 0.8260869565217391
        },
        " Assoc-acdm": {
            "loss": 0.3149833234506954,
            "acc": 0.8383838383838383
        },
        " Assoc-voc": {
            "loss": 0.27510974572971625,
            "acc": 0.8608058608058609
        },
        " Bachelors": {
            "loss": 0.2993872154752415,
            "acc": 0.8545627376425855
        },
        " Doctorate": {
            "loss": 0.33163826622643,
            "acc": 0.8441558441558441
        },
        " HS-grad": {
            "loss": 0.2957606125828089,
            "acc": 0.8560460652591171
        },
        " Masters": {
            "loss": 0.27369081277807755,
            "acc": 0.8726287262872628
        },
        " Preschool": {
            "loss": 0.38361254236581477,
            "acc": 0.7
        },
        " Prof-school": {
            "loss": 0.28866345882516736,
            "acc": 0.853448275862069
        },
        " Some-college": {
            "loss": 0.3026708460717172,
            "acc": 0.8498316498316498
        }
    },
    "education-num": {
        "1-9": {
            "loss": 0.29883175255409417,
            "acc": 0.8530612244897959
        },
        "10-13": {
            "loss": 0.29706303959777036,
            "acc": 0.8535784635587655
        },
        "13-16": {
            "loss": 0.28472067195420864,
            "acc": 0.8647686832740213
        },
        "9-10": {
            "loss": 0.3026708460717172,
            "acc": 0.8498316498316498
        }
    },
    "relationship": {
        " Husband": {
            "loss": 0.2941060522786846,
            "acc": 0.858246427191966
        },
        " Not-in-family": {
            "loss": 0.2930411737259795,
            "acc": 0.851764705882353
        },
        " Other-relative": {
            "loss": 0.22300383120696246,
            "acc": 0.9101123595505618
        },
        " Own-child": {
            "loss": 0.32360468061922837,
            "acc": 0.8370951913640824
        },
        " Unmarried": {
            "loss": 0.30185013797578153,
            "acc": 0.8603988603988604
        },
        " Wife": {
            "loss": 0.30905084727544724,
            "acc": 0.8291925465838509
        }
    },
    "race": {
        " Amer-Indian-Eskimo": {
            "loss": 0.28498606097342405,
            "acc": 0.8309859154929577
        },
        " Asian-Pac-Islander": {
            "loss": 0.26560407825174415,
            "acc": 0.8756476683937824
        },
        " Black": {
            "loss": 0.2957682000777367,
            "acc": 0.8547579298831386
        },
        " Other": {
            "loss": 0.32034920204895423,
            "acc": 0.8181818181818182
        },
        " White": {
            "loss": 0.29939049185984584,
            "acc": 0.8531831187410587
        }
    },
    "gender": {
        " Female": {
            "loss": 0.303724594253261,
            "acc": 0.8508235294117648
        },
        " Male": {
            "loss": 0.2953379300075326,
            "acc": 0.8547320410490308
        }
    },
    "hours-per-week": {
        "1-35": {
            "loss": 0.28513638260196494,
            "acc": 0.8695329873980726
        },
        "35-40": {
            "loss": 0.30996182428139396,
            "acc": 0.8409090909090909
        },
        "40-50": {
            "loss": 0.2848615212925214,
            "acc": 0.8606356968215159
        },
        "50-99": {
            "loss": 0.2928700519474886,
            "acc": 0.8655352480417755
        }
    }
}