{
    "forget_x": [
        0,
        0,
        0,
        1,
        0,
        0,
        0,
        0,
        0,
        0,
        0,
        0,
        0,
        0,
        0,
        0,
        1,
        0,
        0,
        0,
        0,
        1,
        0,
        0,
        0,
        1,
        0,
        0,
        0,
        0,
        0,
        0,
        0,
        0,
        0,
        1,
        0,
        1,
        0,
        1,
        0,
        0
    ],
    "forget_y": 1,
    "sample": {
        "age": "50-90",
        "education": " 10th",
        "education-num": "1-9",
        "relationship": " Husband",
        "race": " White",
        "gender": " Male",
        "hours-per-week": "50-99",
        "income": ">=50k"
    },
    "performance": {
        "age": {
            "17-26": {
                "loss": 0.297401059525015,
                "acc": 0.8554794520547945
            },
            "26-33": {
                "loss": 0.2848465889465467,
                "acc": 0.8565292096219931
            },
            "33-41": {
                "loss": 0.29894134412051904,
                "acc": 0.8497370398196844
            },
            "41-50": {
                "loss": 0.2938217429457652,
                "acc": 0.8580542264752791
            },
            "50-90": {
                "loss": 0.284672509607398,
                "acc": 0.865488086087625
            }
        },
        "education": {
            " 10th": {
                "loss": 0.3323878169970967,
                "acc": 0.8406593406593407
            },
            " 11th": {
                "loss": 0.3082866010406095,
                "acc": 0.84
            },
            " 12th": {
                "loss": 0.3552238912555355,
                "acc": 0.826530612244898
            },
            " 1st-4th": {
                "loss": 0.21812172676621414,
                "acc": 0.9130434782608695
            },
            " 5th-6th": {
                "loss": 0.24175259269056398,
                "acc": 0.8709677419354839
            },
            " 7th-8th": {
                "loss": 0.2528470521578172,
                "acc": 0.8936170212765957
            },
            " 9th": {
                "loss": 0.2791713806601268,
                "acc": 0.8695652173913043
            },
            " Assoc-acdm": {
                "loss": 0.310300459713526,
                "acc": 0.8434343434343434
            },
            " Assoc-voc": {
                "loss": 0.2676894129582277,
                "acc": 0.8754578754578755
            },
            " Bachelors": {
                "loss": 0.2949602459772699,
                "acc": 0.8517110266159695
            },
            " Doctorate": {
                "loss": 0.33018773149714176,
                "acc": 0.8571428571428571
            },
            " HS-grad": {
                "loss": 0.2883198470105523,
                "acc": 0.8560460652591171
            },
            " Masters": {
                "loss": 0.2692181196199002,
                "acc": 0.8726287262872628
            },
            " Preschool": {
                "loss": 0.4442112944305497,
                "acc": 0.8
            },
            " Prof-school": {
                "loss": 0.2671947943044211,
                "acc": 0.8793103448275862
            },
            " Some-college": {
                "loss": 0.2990967016882672,
                "acc": 0.8558922558922559
            }
        },
        "education-num": {
            "1-9": {
                "loss": 0.2917460159787585,
                "acc": 0.85578231292517
            },
            "10-13": {
                "loss": 0.292066237379489,
                "acc": 0.8548916611950098
            },
            "13-16": {
                "loss": 0.2771539815023769,
                "acc": 0.8718861209964412
            },
            "9-10": {
                "loss": 0.2990967016882672,
                "acc": 0.8558922558922559
            }
        },
        "relationship": {
            " Husband": {
                "loss": 0.2891679032405871,
                "acc": 0.8617226728466589
            },
            " Not-in-family": {
                "loss": 0.28916897056808455,
                "acc": 0.8576470588235294
            },
            " Other-relative": {
                "loss": 0.2041275940099764,
                "acc": 0.9213483146067416
            },
            " Own-child": {
                "loss": 0.32026388637305975,
                "acc": 0.8380765456329735
            },
            " Unmarried": {
                "loss": 0.2936823066079884,
                "acc": 0.8518518518518519
            },
            " Wife": {
                "loss": 0.2899930542719547,
                "acc": 0.8509316770186336
            }
        },
        "race": {
            " Amer-Indian-Eskimo": {
                "loss": 0.29185093913796273,
                "acc": 0.8450704225352113
            },
            " Asian-Pac-Islander": {
                "loss": 0.249406975387321,
                "acc": 0.8911917098445595
            },
            " Black": {
                "loss": 0.29976637714282184,
                "acc": 0.8580968280467446
            },
            " Other": {
                "loss": 0.3103901680526417,
                "acc": 0.8363636363636363
            },
            " White": {
                "loss": 0.29273619886229013,
                "acc": 0.8560443490701002
            }
        },
        "gender": {
            " Female": {
                "loss": 0.29641788391212026,
                "acc": 0.8545882352941176
            },
            " Male": {
                "loss": 0.2902123837638926,
                "acc": 0.8581527936145952
            }
        },
        "hours-per-week": {
            "1-35": {
                "loss": 0.2759547248271021,
                "acc": 0.8695329873980726
            },
            "35-40": {
                "loss": 0.3030773492993242,
                "acc": 0.8503787878787878
            },
            "40-50": {
                "loss": 0.2818471378647562,
                "acc": 0.8598207008964955
            },
            "50-99": {
                "loss": 0.29272963653505674,
                "acc": 0.8577023498694517
            }
        }
    }
}