{
    "age": {
        "17-26": {
            "loss": 0.30818029120932044,
            "acc": 0.8445205479452055
        },
        "26-33": {
            "loss": 0.29810370191595886,
            "acc": 0.8556701030927835
        },
        "33-41": {
            "loss": 0.3038495775020631,
            "acc": 0.8422238918106687
        },
        "41-50": {
            "loss": 0.30061184506835276,
            "acc": 0.8572567783094099
        },
        "50-90": {
            "loss": 0.2950646198409206,
            "acc": 0.8554957724827056
        }
    },
    "education": {
        " 10th": {
            "loss": 0.3439058891628705,
            "acc": 0.8306010928961749
        },
        " 11th": {
            "loss": 0.3162713245820884,
            "acc": 0.8711111111111111
        },
        " 12th": {
            "loss": 0.37699459522283285,
            "acc": 0.8163265306122449
        },
        " 1st-4th": {
            "loss": 0.24476880927300132,
            "acc": 0.9130434782608695
        },
        " 5th-6th": {
            "loss": 0.26903034017230637,
            "acc": 0.8387096774193549
        },
        " 7th-8th": {
            "loss": 0.260888933065272,
            "acc": 0.8723404255319149
        },
        " 9th": {
            "loss": 0.28766844608783904,
            "acc": 0.8608695652173913
        },
        " Assoc-acdm": {
            "loss": 0.3098746653491488,
            "acc": 0.8383838383838383
        },
        " Assoc-voc": {
            "loss": 0.275124828454781,
            "acc": 0.8644688644688645
        },
        " Bachelors": {
            "loss": 0.30698425274091,
            "acc": 0.8460076045627376
        },
        " Doctorate": {
            "loss": 0.3507234702631047,
            "acc": 0.8441558441558441
        },
        " HS-grad": {
            "loss": 0.298345143480459,
            "acc": 0.8469289827255279
        },
        " Masters": {
            "loss": 0.27659480840877226,
            "acc": 0.8668478260869565
        },
        " Preschool": {
            "loss": 0.4448613559005966,
            "acc": 0.7
        },
        " Prof-school": {
            "loss": 0.28127382947775126,
            "acc": 0.8706896551724138
        },
        " Some-college": {
            "loss": 0.3043474922874007,
            "acc": 0.8525252525252526
        }
    },
    "education-num": {
        "1-9": {
            "loss": 0.30242025270933764,
            "acc": 0.8483509010540632
        },
        "10-13": {
            "loss": 0.3016491764876718,
            "acc": 0.8483256730137886
        },
        "13-16": {
            "loss": 0.2877368287417226,
            "acc": 0.8645276292335116
        },
        "9-10": {
            "loss": 0.3043474922874007,
            "acc": 0.8525252525252526
        }
    },
    "relationship": {
        " Husband": {
            "loss": 0.29838559728651515,
            "acc": 0.8539976825028969
        },
        " Not-in-family": {
            "loss": 0.2950969975440199,
            "acc": 0.8505882352941176
        },
        " Other-relative": {
            "loss": 0.2248232319061596,
            "acc": 0.898876404494382
        },
        " Own-child": {
            "loss": 0.3295489820285542,
            "acc": 0.8390578999018645
        },
        " Unmarried": {
            "loss": 0.30712019959505216,
            "acc": 0.8461538461538461
        },
        " Wife": {
            "loss": 0.29997984688832346,
            "acc": 0.84472049689441
        }
    },
    "race": {
        " Amer-Indian-Eskimo": {
            "loss": 0.30714624226621906,
            "acc": 0.8450704225352113
        },
        " Asian-Pac-Islander": {
            "loss": 0.2577287169362041,
            "acc": 0.8860103626943006
        },
        " Black": {
            "loss": 0.3177584122884775,
            "acc": 0.8397328881469115
        },
        " Other": {
            "loss": 0.3257652498599527,
            "acc": 0.8363636363636363
        },
        " White": {
            "loss": 0.300858841685818,
            "acc": 0.8508583690987125
        }
    },
    "gender": {
        " Female": {
            "loss": 0.30891692721552627,
            "acc": 0.8465882352941176
        },
        " Male": {
            "loss": 0.2977782384599298,
            "acc": 0.8526795895096921
        }
    },
    "hours-per-week": {
        "1-35": {
            "loss": 0.28059452620393616,
            "acc": 0.8695329873980726
        },
        "35-40": {
            "loss": 0.3151203341792852,
            "acc": 0.8409090909090909
        },
        "40-50": {
            "loss": 0.29050388668844995,
            "acc": 0.8548123980424144
        },
        "50-99": {
            "loss": 0.2988592521129833,
            "acc": 0.8513689700130378
        }
    }
}