{
    "age": {
        "17-26": {
            "loss": 0.5099575488849983,
            "acc": 0.7671232876712328
        },
        "26-33": {
            "loss": 1.1343456216622696,
            "acc": 0.688412017167382
        },
        "33-41": {
            "loss": 1.6676583703251961,
            "acc": 0.6055597295266717
        },
        "41-50": {
            "loss": 1.8922496014664134,
            "acc": 0.5653907496012759
        },
        "50-90": {
            "loss": 1.8259536635335656,
            "acc": 0.6003074558032283
        }
    },
    "education": {
        " 10th": {
            "loss": 0.7416913800528242,
            "acc": 0.7049180327868853
        },
        " 11th": {
            "loss": 0.7196759580134477,
            "acc": 0.7111111111111111
        },
        " 12th": {
            "loss": 0.7294696368678879,
            "acc": 0.7551020408163265
        },
        " 1st-4th": {
            "loss": 0.35014315905357485,
            "acc": 0.8695652173913043
        },
        " 5th-6th": {
            "loss": 0.6043708404127403,
            "acc": 0.7096774193548387
        },
        " 7th-8th": {
            "loss": 0.5237718937787472,
            "acc": 0.7659574468085106
        },
        " 9th": {
            "loss": 0.4890009599681864,
            "acc": 0.7739130434782608
        },
        " Assoc-acdm": {
            "loss": 1.0865267648054016,
            "acc": 0.6666666666666666
        },
        " Assoc-voc": {
            "loss": 1.3194716979048884,
            "acc": 0.663003663003663
        },
        " Bachelors": {
            "loss": 2.208540651120765,
            "acc": 0.5422602089268755
        },
        " Doctorate": {
            "loss": 3.472040532871065,
            "acc": 0.35064935064935066
        },
        " HS-grad": {
            "loss": 1.0836665194172597,
            "acc": 0.6928982725527831
        },
        " Masters": {
            "loss": 2.909942537715761,
            "acc": 0.4673913043478261
        },
        " Preschool": {
            "loss": 0.586040385689453,
            "acc": 0.5
        },
        " Prof-school": {
            "loss": 3.6652191699404373,
            "acc": 0.3017241379310345
        },
        " Some-college": {
            "loss": 1.0510845796452,
            "acc": 0.6915824915824916
        }
    },
    "education-num": {
        "1-9": {
            "loss": 0.9551095885825143,
            "acc": 0.7048622917375043
        },
        "10-13": {
            "loss": 1.9035048415942681,
            "acc": 0.5800524934383202
        },
        "13-16": {
            "loss": 3.1432645251756917,
            "acc": 0.41711229946524064
        },
        "9-10": {
            "loss": 1.0510845796452,
            "acc": 0.6915824915824916
        }
    },
    "relationship": {
        " Husband": {
            "loss": 2.256414926970949,
            "acc": 0.5241405948242565
        },
        " Not-in-family": {
            "loss": 0.7924631674669416,
            "acc": 0.7354497354497355
        },
        " Other-relative": {
            "loss": 0.4501310249303018,
            "acc": 0.7640449438202247
        },
        " Own-child": {
            "loss": 0.5280423060528526,
            "acc": 0.7576054955839058
        },
        " Unmarried": {
            "loss": 0.5954216085176663,
            "acc": 0.7649572649572649
        },
        " Wife": {
            "loss": 2.5097148532099647,
            "acc": 0.5124223602484472
        }
    },
    "race": {
        " Amer-Indian-Eskimo": {
            "loss": 0.6737774385182499,
            "acc": 0.6619718309859155
        },
        " Asian-Pac-Islander": {
            "loss": 1.9082083684793019,
            "acc": 0.5751295336787565
        },
        " Black": {
            "loss": 0.8572182095045162,
            "acc": 0.7078464106844741
        },
        " Other": {
            "loss": 0.5095839220863108,
            "acc": 0.7272727272727273
        },
        " White": {
            "loss": 1.4440420957533082,
            "acc": 0.6429465403182549
        }
    },
    "gender": {
        " Female": {
            "loss": 0.8491103102711277,
            "acc": 0.7253057384760113
        },
        " Male": {
            "loss": 1.6485614956376469,
            "acc": 0.6102622576966933
        }
    },
    "hours-per-week": {
        "1-35": {
            "loss": 0.7293506709560105,
            "acc": 0.7509266123054115
        },
        "35-40": {
            "loss": 1.187512356966396,
            "acc": 0.6595140422846324
        },
        "40-50": {
            "loss": 2.1275434752600995,
            "acc": 0.5717781402936378
        },
        "50-99": {
            "loss": 2.188607122545608,
            "acc": 0.5397653194263363
        }
    }
}