{
    "forget_x": [
        0,
        0,
        0,
        0,
        1,
        0,
        0,
        0,
        0,
        0,
        0,
        0,
        0,
        0,
        0,
        0,
        1,
        0,
        0,
        0,
        0,
        1,
        0,
        0,
        0,
        1,
        0,
        0,
        0,
        0,
        0,
        0,
        0,
        0,
        0,
        1,
        0,
        1,
        0,
        0,
        0,
        1
    ],
    "forget_y": 1,
    "sample": {
        "age": "50-90",
        "education": " Masters",
        "education-num": "13-16",
        "relationship": " Husband",
        "race": " White",
        "gender": " Male",
        "hours-per-week": "40-50",
        "income": ">=50k"
    },
    "performance": {
        "age": {
            "17-26": {
                "loss": 0.3061268625632011,
                "acc": 0.8534246575342466
            },
            "26-33": {
                "loss": 0.2941320241818806,
                "acc": 0.8539518900343642
            },
            "33-41": {
                "loss": 0.29743550368188965,
                "acc": 0.8489857250187829
            },
            "41-50": {
                "loss": 0.30027690596473977,
                "acc": 0.8580542264752791
            },
            "50-90": {
                "loss": 0.29414226382151315,
                "acc": 0.8547271329746349
            }
        },
        "education": {
            " 10th": {
                "loss": 0.3321884572814493,
                "acc": 0.8524590163934426
            },
            " 11th": {
                "loss": 0.2968020242681112,
                "acc": 0.8844444444444445
            },
            " 12th": {
                "loss": 0.35986934100295337,
                "acc": 0.826530612244898
            },
            " 1st-4th": {
                "loss": 0.2477570610563946,
                "acc": 0.8695652173913043
            },
            " 5th-6th": {
                "loss": 0.2777553479848637,
                "acc": 0.8225806451612904
            },
            " 7th-8th": {
                "loss": 0.2651342266716219,
                "acc": 0.8794326241134752
            },
            " 9th": {
                "loss": 0.2856107422540628,
                "acc": 0.8869565217391304
            },
            " Assoc-acdm": {
                "loss": 0.3170748427940705,
                "acc": 0.8434343434343434
            },
            " Assoc-voc": {
                "loss": 0.28506265973130773,
                "acc": 0.8534798534798534
            },
            " Bachelors": {
                "loss": 0.3052557365064533,
                "acc": 0.8498098859315589
            },
            " Doctorate": {
                "loss": 0.3266894893464282,
                "acc": 0.8571428571428571
            },
            " HS-grad": {
                "loss": 0.2958009473896085,
                "acc": 0.8488483685220729
            },
            " Masters": {
                "loss": 0.27399800800264,
                "acc": 0.8695652173913043
            },
            " Preschool": {
                "loss": 0.419199573087696,
                "acc": 0.7
            },
            " Prof-school": {
                "loss": 0.27497905800327155,
                "acc": 0.8706896551724138
            },
            " Some-college": {
                "loss": 0.3018075919954533,
                "acc": 0.8538720538720539
            }
        },
        "education-num": {
            "1-9": {
                "loss": 0.2980713070218353,
                "acc": 0.8531111866712002
            },
            "10-13": {
                "loss": 0.30317265908382257,
                "acc": 0.8496388706500329
            },
            "13-16": {
                "loss": 0.281433027367248,
                "acc": 0.8680926916221033
            },
            "9-10": {
                "loss": 0.3018075919954533,
                "acc": 0.8538720538720539
            }
        },
        "relationship": {
            " Husband": {
                "loss": 0.29387103237084233,
                "acc": 0.8567014291232136
            },
            " Not-in-family": {
                "loss": 0.295094332350215,
                "acc": 0.8529411764705882
            },
            " Other-relative": {
                "loss": 0.2161033979782567,
                "acc": 0.9157303370786517
            },
            " Own-child": {
                "loss": 0.327813395818732,
                "acc": 0.8341511285574092
            },
            " Unmarried": {
                "loss": 0.30443302122714827,
                "acc": 0.8575498575498576
            },
            " Wife": {
                "loss": 0.29725208794347885,
                "acc": 0.8540372670807453
            }
        },
        "race": {
            " Amer-Indian-Eskimo": {
                "loss": 0.3022115735535482,
                "acc": 0.8309859154929577
            },
            " Asian-Pac-Islander": {
                "loss": 0.2678963583401372,
                "acc": 0.8652849740932642
            },
            " Black": {
                "loss": 0.3110990917942437,
                "acc": 0.8380634390651085
            },
            " Other": {
                "loss": 0.3334933585671833,
                "acc": 0.8181818181818182
            },
            " White": {
                "loss": 0.29802867786377735,
                "acc": 0.85568669527897
            }
        },
        "gender": {
            " Female": {
                "loss": 0.30593817611575275,
                "acc": 0.8531764705882353
            },
            " Male": {
                "loss": 0.2951674462841899,
                "acc": 0.8540478905359179
            }
        },
        "hours-per-week": {
            "1-35": {
                "loss": 0.28029956317469196,
                "acc": 0.8695329873980726
            },
            "35-40": {
                "loss": 0.31105703309582683,
                "acc": 0.8443813131313131
            },
            "40-50": {
                "loss": 0.28779341439435235,
                "acc": 0.8572593800978793
            },
            "50-99": {
                "loss": 0.2973146787280825,
                "acc": 0.8591916558018253
            }
        }
    }
}