{
    "age": {
        "17-26": {
            "loss": 0.3032234563204355,
            "acc": 0.8582191780821918
        },
        "26-33": {
            "loss": 0.2915438392868041,
            "acc": 0.8436426116838488
        },
        "33-41": {
            "loss": 0.2957719370037819,
            "acc": 0.8587528174305034
        },
        "41-50": {
            "loss": 0.2976053966904172,
            "acc": 0.8563447725458898
        },
        "50-90": {
            "loss": 0.2924199694978131,
            "acc": 0.8602150537634409
        }
    },
    "education": {
        " 10th": {
            "loss": 0.34873429837799075,
            "acc": 0.8469945355191257
        },
        " 11th": {
            "loss": 0.308033971900937,
            "acc": 0.8533333333333334
        },
        " 12th": {
            "loss": 0.3659383136055449,
            "acc": 0.8061224489795918
        },
        " 1st-4th": {
            "loss": 0.21727482885501825,
            "acc": 0.8695652173913043
        },
        " 5th-6th": {
            "loss": 0.24137577634900279,
            "acc": 0.8548387096774194
        },
        " 7th-8th": {
            "loss": 0.2610918061248625,
            "acc": 0.9078014184397163
        },
        " 9th": {
            "loss": 0.2888451442818789,
            "acc": 0.8695652173913043
        },
        " Assoc-acdm": {
            "loss": 0.30017117844893487,
            "acc": 0.8484848484848485
        },
        " Assoc-voc": {
            "loss": 0.27012130479454666,
            "acc": 0.8644688644688645
        },
        " Bachelors": {
            "loss": 0.29889177751550416,
            "acc": 0.8574144486692015
        },
        " Doctorate": {
            "loss": 0.3273235333067247,
            "acc": 0.8441558441558441
        },
        " HS-grad": {
            "loss": 0.2936279932152548,
            "acc": 0.8507677543186181
        },
        " Masters": {
            "loss": 0.267712975570416,
            "acc": 0.8807588075880759
        },
        " Preschool": {
            "loss": 0.40244582776652027,
            "acc": 0.8
        },
        " Prof-school": {
            "loss": 0.2833609448235345,
            "acc": 0.853448275862069
        },
        " Some-college": {
            "loss": 0.3032130255427244,
            "acc": 0.8544474393530997
        }
    },
    "education-num": {
        "1-9": {
            "loss": 0.2974930046262518,
            "acc": 0.8527711662699762
        },
        "10-13": {
            "loss": 0.2939009582981686,
            "acc": 0.8575180564674983
        },
        "13-16": {
            "loss": 0.2791100883445397,
            "acc": 0.8701067615658363
        },
        "9-10": {
            "loss": 0.3032130255427244,
            "acc": 0.8544474393530997
        }
    },
    "relationship": {
        " Husband": {
            "loss": 0.29274918584141313,
            "acc": 0.861003861003861
        },
        " Not-in-family": {
            "loss": 0.29064688894301693,
            "acc": 0.8552941176470589
        },
        " Other-relative": {
            "loss": 0.21778236488543765,
            "acc": 0.9044943820224719
        },
        " Own-child": {
            "loss": 0.32515999052291006,
            "acc": 0.843811394891945
        },
        " Unmarried": {
            "loss": 0.30206499772690504,
            "acc": 0.8504273504273504
        },
        " Wife": {
            "loss": 0.29570876835511245,
            "acc": 0.8385093167701864
        }
    },
    "race": {
        " Amer-Indian-Eskimo": {
            "loss": 0.28038773710634235,
            "acc": 0.8309859154929577
        },
        " Asian-Pac-Islander": {
            "loss": 0.2579608195445429,
            "acc": 0.8808290155440415
        },
        " Black": {
            "loss": 0.30227418231576125,
            "acc": 0.8580968280467446
        },
        " Other": {
            "loss": 0.29583244794432806,
            "acc": 0.8545454545454545
        },
        " White": {
            "loss": 0.29727094032514756,
            "acc": 0.8549713876967096
        }
    },
    "gender": {
        " Female": {
            "loss": 0.304011137364503,
            "acc": 0.8508235294117648
        },
        " Male": {
            "loss": 0.29266645809563985,
            "acc": 0.8581527936145952
        }
    },
    "hours-per-week": {
        "1-35": {
            "loss": 0.2788105522021428,
            "acc": 0.8717568569310601
        },
        "35-40": {
            "loss": 0.30824129885201906,
            "acc": 0.8462752525252525
        },
        "40-50": {
            "loss": 0.28335406827789755,
            "acc": 0.8622656886715566
        },
        "50-99": {
            "loss": 0.2990427861463201,
            "acc": 0.856396866840731
        }
    }
}