{
    "forget_x": [
        1,
        0,
        0,
        0,
        0,
        0,
        0,
        0,
        0,
        0,
        0,
        0,
        0,
        0,
        0,
        0,
        1,
        0,
        0,
        0,
        0,
        1,
        0,
        0,
        0,
        0,
        0,
        0,
        1,
        0,
        0,
        0,
        0,
        0,
        0,
        1,
        1,
        0,
        0,
        1,
        0,
        0
    ],
    "forget_y": 0,
    "sample": {
        "age": "41-50",
        "education": " Some-college",
        "education-num": "9-10",
        "relationship": " Own-child",
        "race": " White",
        "gender": " Male",
        "hours-per-week": "50-99",
        "income": "<50k"
    },
    "performance": {
        "age": {
            "17-26": {
                "loss": 0.3007473299920757,
                "acc": 0.8534246575342466
            },
            "26-33": {
                "loss": 0.2946625315236998,
                "acc": 0.8530927835051546
            },
            "33-41": {
                "loss": 0.2997178599274286,
                "acc": 0.8519909842223892
            },
            "41-50": {
                "loss": 0.30027374768795284,
                "acc": 0.8603351955307262
            },
            "50-90": {
                "loss": 0.2927538155167859,
                "acc": 0.8571428571428571
            }
        },
        "education": {
            " 10th": {
                "loss": 0.34565470195651793,
                "acc": 0.8415300546448088
            },
            " 11th": {
                "loss": 0.2966945855219341,
                "acc": 0.8622222222222222
            },
            " 12th": {
                "loss": 0.3605989644580113,
                "acc": 0.826530612244898
            },
            " 1st-4th": {
                "loss": 0.23146288489585634,
                "acc": 0.8695652173913043
            },
            " 5th-6th": {
                "loss": 0.2581220414660811,
                "acc": 0.8548387096774194
            },
            " 7th-8th": {
                "loss": 0.2734466504768191,
                "acc": 0.8794326241134752
            },
            " 9th": {
                "loss": 0.2892853033449205,
                "acc": 0.8782608695652174
            },
            " Assoc-acdm": {
                "loss": 0.31207454350077934,
                "acc": 0.8333333333333334
            },
            " Assoc-voc": {
                "loss": 0.2763123226534709,
                "acc": 0.8681318681318682
            },
            " Bachelors": {
                "loss": 0.3002466562084276,
                "acc": 0.8564638783269962
            },
            " Doctorate": {
                "loss": 0.33480253122253223,
                "acc": 0.8311688311688312
            },
            " HS-grad": {
                "loss": 0.29572909141475495,
                "acc": 0.8507677543186181
            },
            " Masters": {
                "loss": 0.27759140329285475,
                "acc": 0.8726287262872628
            },
            " Preschool": {
                "loss": 0.36163587997963803,
                "acc": 0.8
            },
            " Prof-school": {
                "loss": 0.2823404024438664,
                "acc": 0.8620689655172413
            },
            " Some-college": {
                "loss": 0.300504475551801,
                "acc": 0.8557951482479784
            }
        },
        "education-num": {
            "1-9": {
                "loss": 0.2986795568007171,
                "acc": 0.8527711662699762
            },
            "10-13": {
                "loss": 0.2974940945691516,
                "acc": 0.855548260013132
            },
            "13-16": {
                "loss": 0.28641015907951395,
                "acc": 0.8647686832740213
            },
            "9-10": {
                "loss": 0.300504475551801,
                "acc": 0.8557951482479784
            }
        },
        "relationship": {
            " Husband": {
                "loss": 0.29358765888216853,
                "acc": 0.8586872586872587
            },
            " Not-in-family": {
                "loss": 0.29351402444926344,
                "acc": 0.8564705882352941
            },
            " Other-relative": {
                "loss": 0.21250060623814787,
                "acc": 0.9101123595505618
            },
            " Own-child": {
                "loss": 0.3248549608951456,
                "acc": 0.8398821218074656
            },
            " Unmarried": {
                "loss": 0.30242604943892293,
                "acc": 0.8518518518518519
            },
            " Wife": {
                "loss": 0.3050149404501565,
                "acc": 0.84472049689441
            }
        },
        "race": {
            " Amer-Indian-Eskimo": {
                "loss": 0.29154567364077544,
                "acc": 0.8450704225352113
            },
            " Asian-Pac-Islander": {
                "loss": 0.2632711784778829,
                "acc": 0.8963730569948186
            },
            " Black": {
                "loss": 0.30502861466337117,
                "acc": 0.8547579298831386
            },
            " Other": {
                "loss": 0.2982876864016701,
                "acc": 0.8545454545454545
            },
            " White": {
                "loss": 0.29824431160427345,
                "acc": 0.853898426323319
            }
        },
        "gender": {
            " Female": {
                "loss": 0.3053707213368006,
                "acc": 0.8527058823529412
            },
            " Male": {
                "loss": 0.29407034227151285,
                "acc": 0.8563283922462942
            }
        },
        "hours-per-week": {
            "1-35": {
                "loss": 0.27902410570419645,
                "acc": 0.8702742772424018
            },
            "35-40": {
                "loss": 0.30972489891336813,
                "acc": 0.8478535353535354
            },
            "40-50": {
                "loss": 0.2854533773262248,
                "acc": 0.8590057049714751
            },
            "50-99": {
                "loss": 0.30097642476435815,
                "acc": 0.8524804177545692
            }
        }
    }
}