{
    "age": {
        "17-26": {
            "loss": 0.5434316310506542,
            "acc": 0.7178082191780822
        },
        "26-33": {
            "loss": 1.071741666162983,
            "acc": 0.671244635193133
        },
        "33-41": {
            "loss": 1.5325470265092305,
            "acc": 0.5770097670924117
        },
        "41-50": {
            "loss": 1.7421149009670929,
            "acc": 0.5626496408619314
        },
        "50-90": {
            "loss": 1.633537741902997,
            "acc": 0.5844854070660522
        }
    },
    "education": {
        " 10th": {
            "loss": 0.7972563587167941,
            "acc": 0.6557377049180327
        },
        " 11th": {
            "loss": 0.7187378641262218,
            "acc": 0.68
        },
        " 12th": {
            "loss": 0.7397346582584906,
            "acc": 0.7448979591836735
        },
        " 1st-4th": {
            "loss": 0.3546977465007401,
            "acc": 0.8695652173913043
        },
        " 5th-6th": {
            "loss": 0.5333938574677177,
            "acc": 0.7258064516129032
        },
        " 7th-8th": {
            "loss": 0.5688704183658074,
            "acc": 0.723404255319149
        },
        " 9th": {
            "loss": 0.5209209940347138,
            "acc": 0.7478260869565218
        },
        " Assoc-acdm": {
            "loss": 1.0121303752084831,
            "acc": 0.6414141414141414
        },
        " Assoc-voc": {
            "loss": 1.255850670340861,
            "acc": 0.6336996336996337
        },
        " Bachelors": {
            "loss": 1.9928751904744686,
            "acc": 0.533713200379867
        },
        " Doctorate": {
            "loss": 3.131743331640022,
            "acc": 0.4155844155844156
        },
        " HS-grad": {
            "loss": 1.0440186974217733,
            "acc": 0.6569097888675623
        },
        " Masters": {
            "loss": 2.461431350186701,
            "acc": 0.46883468834688347
        },
        " Preschool": {
            "loss": 0.6495707561913041,
            "acc": 0.6
        },
        " Prof-school": {
            "loss": 3.1610369434683396,
            "acc": 0.3448275862068966
        },
        " Some-college": {
            "loss": 1.004058220551048,
            "acc": 0.6623989218328841
        }
    },
    "education-num": {
        "1-9": {
            "loss": 0.9329084369969002,
            "acc": 0.6712002720163209
        },
        "10-13": {
            "loss": 1.7334295425616464,
            "acc": 0.5656167979002624
        },
        "13-16": {
            "loss": 2.6976738259742015,
            "acc": 0.4359430604982206
        },
        "9-10": {
            "loss": 1.004058220551048,
            "acc": 0.6623989218328841
        }
    },
    "relationship": {
        " Husband": {
            "loss": 2.008944752394776,
            "acc": 0.5208494208494209
        },
        " Not-in-family": {
            "loss": 0.8070881061008107,
            "acc": 0.7007642563198119
        },
        " Other-relative": {
            "loss": 0.4957606453100802,
            "acc": 0.7359550561797753
        },
        " Own-child": {
            "loss": 0.5670979206697935,
            "acc": 0.7161100196463654
        },
        " Unmarried": {
            "loss": 0.6312701412140972,
            "acc": 0.7165242165242165
        },
        " Wife": {
            "loss": 2.195089848285066,
            "acc": 0.4968944099378882
        }
    },
    "race": {
        " Amer-Indian-Eskimo": {
            "loss": 0.7181792509807617,
            "acc": 0.676056338028169
        },
        " Asian-Pac-Islander": {
            "loss": 1.6356706199658664,
            "acc": 0.5647668393782384
        },
        " Black": {
            "loss": 0.8750061328584126,
            "acc": 0.676126878130217
        },
        " Other": {
            "loss": 0.5517858445894022,
            "acc": 0.7090909090909091
        },
        " White": {
            "loss": 1.3356684022992087,
            "acc": 0.6191668156624351
        }
    },
    "gender": {
        " Female": {
            "loss": 0.8394134899050789,
            "acc": 0.687206020696143
        },
        " Male": {
            "loss": 1.506716612549355,
            "acc": 0.5936145952109464
        }
    },
    "hours-per-week": {
        "1-35": {
            "loss": 0.7121770031151489,
            "acc": 0.7123795404002965
        },
        "35-40": {
            "loss": 1.1300616625839983,
            "acc": 0.6349005995582203
        },
        "40-50": {
            "loss": 1.9084457334453044,
            "acc": 0.5533822330888346
        },
        "50-99": {
            "loss": 1.9686557763690236,
            "acc": 0.5378590078328982
        }
    }
}