{
    "forget_x": [
        0,
        0,
        0,
        0,
        1,
        1,
        0,
        0,
        0,
        0,
        0,
        0,
        0,
        0,
        0,
        0,
        0,
        0,
        0,
        0,
        0,
        1,
        0,
        0,
        0,
        0,
        1,
        0,
        0,
        0,
        0,
        0,
        0,
        0,
        0,
        1,
        1,
        0,
        0,
        1,
        0,
        0
    ],
    "forget_y": 0,
    "sample": {
        "age": "26-33",
        "education": " Masters",
        "education-num": "13-16",
        "relationship": " Not-in-family",
        "race": " White",
        "gender": " Female",
        "hours-per-week": "50-99",
        "income": "<50k"
    },
    "performance": {
        "age": {
            "17-26": {
                "loss": 0.30074298500010976,
                "acc": 0.8623287671232877
            },
            "26-33": {
                "loss": 0.29698869264716804,
                "acc": 0.8486672398968186
            },
            "33-41": {
                "loss": 0.3019363011922183,
                "acc": 0.8459804658151766
            },
            "41-50": {
                "loss": 0.3015669388617287,
                "acc": 0.84688995215311
            },
            "50-90": {
                "loss": 0.3000739904616044,
                "acc": 0.8548387096774194
            }
        },
        "education": {
            " 10th": {
                "loss": 0.3430008787449843,
                "acc": 0.8469945355191257
            },
            " 11th": {
                "loss": 0.30600935607509006,
                "acc": 0.8533333333333334
            },
            " 12th": {
                "loss": 0.35807192115777786,
                "acc": 0.8163265306122449
            },
            " 1st-4th": {
                "loss": 0.24621123455174498,
                "acc": 0.8695652173913043
            },
            " 5th-6th": {
                "loss": 0.24823824425513288,
                "acc": 0.8548387096774194
            },
            " 7th-8th": {
                "loss": 0.27518398381410386,
                "acc": 0.8865248226950354
            },
            " 9th": {
                "loss": 0.3021000373303984,
                "acc": 0.8521739130434782
            },
            " Assoc-acdm": {
                "loss": 0.2970996180916421,
                "acc": 0.8535353535353535
            },
            " Assoc-voc": {
                "loss": 0.28919626617608846,
                "acc": 0.8461538461538461
            },
            " Bachelors": {
                "loss": 0.30164511494843194,
                "acc": 0.8526615969581749
            },
            " Doctorate": {
                "loss": 0.33129277034949556,
                "acc": 0.8701298701298701
            },
            " HS-grad": {
                "loss": 0.2973079363332108,
                "acc": 0.8512476007677543
            },
            " Masters": {
                "loss": 0.2809189799191038,
                "acc": 0.8586956521739131
            },
            " Preschool": {
                "loss": 0.3990426303207733,
                "acc": 0.8
            },
            " Prof-school": {
                "loss": 0.30223887997023086,
                "acc": 0.8448275862068966
            },
            " Some-college": {
                "loss": 0.30389100478115666,
                "acc": 0.8511784511784511
            }
        },
        "education-num": {
            "1-9": {
                "loss": 0.3008801616360425,
                "acc": 0.851751105066304
            },
            "10-13": {
                "loss": 0.29882269597765415,
                "acc": 0.8516086671043992
            },
            "13-16": {
                "loss": 0.2922414224664673,
                "acc": 0.857397504456328
            },
            "9-10": {
                "loss": 0.30389100478115666,
                "acc": 0.8511784511784511
            }
        },
        "relationship": {
            " Husband": {
                "loss": 0.29591751736961924,
                "acc": 0.855984555984556
            },
            " Not-in-family": {
                "loss": 0.2973441557825584,
                "acc": 0.8546203649205415
            },
            " Other-relative": {
                "loss": 0.22464094712119304,
                "acc": 0.9157303370786517
            },
            " Own-child": {
                "loss": 0.32294985524773795,
                "acc": 0.845927379784102
            },
            " Unmarried": {
                "loss": 0.3029006743965097,
                "acc": 0.8376068376068376
            },
            " Wife": {
                "loss": 0.3164557337764831,
                "acc": 0.8229813664596274
            }
        },
        "race": {
            " Amer-Indian-Eskimo": {
                "loss": 0.31011809506036164,
                "acc": 0.8169014084507042
            },
            " Asian-Pac-Islander": {
                "loss": 0.27425316072830486,
                "acc": 0.8704663212435233
            },
            " Black": {
                "loss": 0.30034959734097433,
                "acc": 0.8430717863105175
            },
            " Other": {
                "loss": 0.3620992963119043,
                "acc": 0.8
            },
            " White": {
                "loss": 0.3005091177709273,
                "acc": 0.8533619456366237
            }
        },
        "gender": {
            " Female": {
                "loss": 0.30941667847917625,
                "acc": 0.8427495291902072
            },
            " Male": {
                "loss": 0.29594620984028813,
                "acc": 0.8565891472868217
            }
        },
        "hours-per-week": {
            "1-35": {
                "loss": 0.28134086979311185,
                "acc": 0.8739807264640475
            },
            "35-40": {
                "loss": 0.3145168302568638,
                "acc": 0.8393308080808081
            },
            "40-50": {
                "loss": 0.2858446044293398,
                "acc": 0.8581907090464548
            },
            "50-99": {
                "loss": 0.29839637103109584,
                "acc": 0.856396866840731
            }
        }
    }
}