{
    "age": {
        "17-26": {
            "loss": 0.3012442139900506,
            "acc": 0.8609589041095891
        },
        "26-33": {
            "loss": 0.2927674140428665,
            "acc": 0.8435081685296647
        },
        "33-41": {
            "loss": 0.29563400717693183,
            "acc": 0.8557475582268971
        },
        "41-50": {
            "loss": 0.2967357794671148,
            "acc": 0.8572567783094099
        },
        "50-90": {
            "loss": 0.2890380343627395,
            "acc": 0.8625192012288786
        }
    },
    "education": {
        " 10th": {
            "loss": 0.3415964538080848,
            "acc": 0.8415300546448088
        },
        " 11th": {
            "loss": 0.3030092500832702,
            "acc": 0.8577777777777778
        },
        " 12th": {
            "loss": 0.36875111522302617,
            "acc": 0.8367346938775511
        },
        " 1st-4th": {
            "loss": 0.22344608901578936,
            "acc": 0.8695652173913043
        },
        " 5th-6th": {
            "loss": 0.235296695827986,
            "acc": 0.8709677419354839
        },
        " 7th-8th": {
            "loss": 0.26166535725133155,
            "acc": 0.8865248226950354
        },
        " 9th": {
            "loss": 0.28710748412728904,
            "acc": 0.8608695652173913
        },
        " Assoc-acdm": {
            "loss": 0.3076632268631248,
            "acc": 0.8383838383838383
        },
        " Assoc-voc": {
            "loss": 0.2730782680446493,
            "acc": 0.8644688644688645
        },
        " Bachelors": {
            "loss": 0.3036372538206865,
            "acc": 0.8555133079847909
        },
        " Doctorate": {
            "loss": 0.33109472407715157,
            "acc": 0.8311688311688312
        },
        " HS-grad": {
            "loss": 0.28760873522054003,
            "acc": 0.8579654510556622
        },
        " Masters": {
            "loss": 0.27904960934878387,
            "acc": 0.8586956521739131
        },
        " Preschool": {
            "loss": 0.42410570570415446,
            "acc": 0.8
        },
        " Prof-school": {
            "loss": 0.28369926513082516,
            "acc": 0.8620689655172413
        },
        " Some-college": {
            "loss": 0.30044177154078194,
            "acc": 0.8552188552188552
        }
    },
    "education-num": {
        "1-9": {
            "loss": 0.2924462203671865,
            "acc": 0.8578714722883373
        },
        "10-13": {
            "loss": 0.2986829134041047,
            "acc": 0.8548916611950098
        },
        "13-16": {
            "loss": 0.2871544826193739,
            "acc": 0.8556149732620321
        },
        "9-10": {
            "loss": 0.30044177154078194,
            "acc": 0.8552188552188552
        }
    },
    "relationship": {
        " Husband": {
            "loss": 0.29344416771965653,
            "acc": 0.8583011583011583
        },
        " Not-in-family": {
            "loss": 0.2905843516197366,
            "acc": 0.8569746909947028
        },
        " Other-relative": {
            "loss": 0.21313865250265643,
            "acc": 0.9044943820224719
        },
        " Own-child": {
            "loss": 0.323133702777476,
            "acc": 0.8439646712463199
        },
        " Unmarried": {
            "loss": 0.2925744224727751,
            "acc": 0.8575498575498576
        },
        " Wife": {
            "loss": 0.2978438852621777,
            "acc": 0.8478260869565217
        }
    },
    "race": {
        " Amer-Indian-Eskimo": {
            "loss": 0.29516619174495967,
            "acc": 0.8169014084507042
        },
        " Asian-Pac-Islander": {
            "loss": 0.26432655883869766,
            "acc": 0.8860103626943006
        },
        " Black": {
            "loss": 0.30826192376009476,
            "acc": 0.8464106844741235
        },
        " Other": {
            "loss": 0.29629084042755127,
            "acc": 0.8363636363636363
        },
        " White": {
            "loss": 0.29494123617244433,
            "acc": 0.8571173104434907
        }
    },
    "gender": {
        " Female": {
            "loss": 0.29886056513643733,
            "acc": 0.853578154425612
        },
        " Male": {
            "loss": 0.2935358564414232,
            "acc": 0.8577291381668947
        }
    },
    "hours-per-week": {
        "1-35": {
            "loss": 0.2796506271689115,
            "acc": 0.8732394366197183
        },
        "35-40": {
            "loss": 0.30623116773012105,
            "acc": 0.8469065656565656
        },
        "40-50": {
            "loss": 0.2828206189333628,
            "acc": 0.8622656886715566
        },
        "50-99": {
            "loss": 0.2974127569853175,
            "acc": 0.856396866840731
        }
    }
}