{
    "age": {
        "17-26": {
            "loss": 0.4997659356973816,
            "acc": 0.7671232876712328
        },
        "26-33": {
            "loss": 1.0495675602999224,
            "acc": 0.6932989690721649
        },
        "33-41": {
            "loss": 1.5398697328298347,
            "acc": 0.5987978963185575
        },
        "41-50": {
            "loss": 1.747736000977522,
            "acc": 0.5749601275917066
        },
        "50-90": {
            "loss": 1.612716059770024,
            "acc": 0.6006144393241167
        }
    },
    "education": {
        " 10th": {
            "loss": 0.7104652221062233,
            "acc": 0.6994535519125683
        },
        " 11th": {
            "loss": 0.6772276312616478,
            "acc": 0.6977777777777778
        },
        " 12th": {
            "loss": 0.7394197681820818,
            "acc": 0.7551020408163265
        },
        " 1st-4th": {
            "loss": 0.3432477383643456,
            "acc": 0.8695652173913043
        },
        " 5th-6th": {
            "loss": 0.5866223337650522,
            "acc": 0.7419354838709677
        },
        " 7th-8th": {
            "loss": 0.480871043790866,
            "acc": 0.75177304964539
        },
        " 9th": {
            "loss": 0.4972938881727898,
            "acc": 0.7913043478260869
        },
        " Assoc-acdm": {
            "loss": 0.9997672406742443,
            "acc": 0.6767676767676768
        },
        " Assoc-voc": {
            "loss": 1.2030145088333726,
            "acc": 0.6776556776556777
        },
        " Bachelors": {
            "loss": 1.9853012250126167,
            "acc": 0.5432098765432098
        },
        " Doctorate": {
            "loss": 3.244256135665994,
            "acc": 0.36363636363636365
        },
        " HS-grad": {
            "loss": 1.0343826784734917,
            "acc": 0.6914587332053743
        },
        " Masters": {
            "loss": 2.5361651525312126,
            "acc": 0.483695652173913
        },
        " Preschool": {
            "loss": 0.5701033214017311,
            "acc": 0.6
        },
        " Prof-school": {
            "loss": 3.1079000863576653,
            "acc": 0.3275862068965517
        },
        " Some-college": {
            "loss": 0.9739669229276121,
            "acc": 0.6888888888888889
        }
    },
    "education-num": {
        "1-9": {
            "loss": 0.9131132003074198,
            "acc": 0.7035022101326079
        },
        "10-13": {
            "loss": 1.7171253704089853,
            "acc": 0.5846456692913385
        },
        "13-16": {
            "loss": 2.7515738121127526,
            "acc": 0.43493761140819964
        },
        "9-10": {
            "loss": 0.9739669229276121,
            "acc": 0.6888888888888889
        }
    },
    "relationship": {
        " Husband": {
            "loss": 2.0257948399955725,
            "acc": 0.5281853281853282
        },
        " Not-in-family": {
            "loss": 0.7702496961464412,
            "acc": 0.7305882352941176
        },
        " Other-relative": {
            "loss": 0.49226720830883414,
            "acc": 0.7640449438202247
        },
        " Own-child": {
            "loss": 0.5105010846427879,
            "acc": 0.7644749754661433
        },
        " Unmarried": {
            "loss": 0.5882327683801352,
            "acc": 0.7621082621082621
        },
        " Wife": {
            "loss": 2.2215592701238296,
            "acc": 0.5186335403726708
        }
    },
    "race": {
        " Amer-Indian-Eskimo": {
            "loss": 0.6462681121173999,
            "acc": 0.6619718309859155
        },
        " Asian-Pac-Islander": {
            "loss": 1.6719120557111853,
            "acc": 0.5699481865284974
        },
        " Black": {
            "loss": 0.8363158570537254,
            "acc": 0.7111853088480802
        },
        " Other": {
            "loss": 0.4928813039642621,
            "acc": 0.7636363636363637
        },
        " White": {
            "loss": 1.3223159383058076,
            "acc": 0.6440193098516002
        }
    },
    "gender": {
        " Female": {
            "loss": 0.8036077406361102,
            "acc": 0.7261176470588235
        },
        " Male": {
            "loss": 1.5012932801866024,
            "acc": 0.6119471044231646
        }
    },
    "hours-per-week": {
        "1-35": {
            "loss": 0.6736690430417472,
            "acc": 0.7516679021497406
        },
        "35-40": {
            "loss": 1.110457255806362,
            "acc": 0.6604607131587251
        },
        "40-50": {
            "loss": 1.9321359339805695,
            "acc": 0.5729421352893236
        },
        "50-99": {
            "loss": 1.9501167128490144,
            "acc": 0.5443864229765013
        }
    }
}