{
    "forget_x": [
        0,
        1,
        0,
        0,
        0,
        0,
        0,
        0,
        0,
        0,
        0,
        0,
        0,
        0,
        0,
        0,
        1,
        0,
        0,
        0,
        0,
        1,
        0,
        0,
        0,
        1,
        0,
        0,
        0,
        0,
        0,
        0,
        0,
        0,
        0,
        1,
        0,
        1,
        0,
        1,
        0,
        0
    ],
    "forget_y": 1,
    "sample": {
        "age": "50-90",
        "education": " 10th",
        "education-num": "1-9",
        "relationship": " Not-in-family",
        "race": " White",
        "gender": " Female",
        "hours-per-week": "35-40",
        "income": "<50k"
    },
    "performance": {
        "age": {
            "17-26": {
                "loss": 0.3008583367467715,
                "acc": 0.8554794520547945
            },
            "26-33": {
                "loss": 0.2966299913364649,
                "acc": 0.8539518900343642
            },
            "33-41": {
                "loss": 0.30573492502393146,
                "acc": 0.8542449286250939
            },
            "41-50": {
                "loss": 0.305475287685665,
                "acc": 0.8476874003189793
            },
            "50-90": {
                "loss": 0.2909792205764302,
                "acc": 0.8608762490392006
            }
        },
        "education": {
            " 10th": {
                "loss": 0.3418148000705598,
                "acc": 0.8516483516483516
            },
            " 11th": {
                "loss": 0.29921807990118604,
                "acc": 0.8711111111111111
            },
            " 12th": {
                "loss": 0.36138361603813157,
                "acc": 0.826530612244898
            },
            " 1st-4th": {
                "loss": 0.23297661381234155,
                "acc": 0.8695652173913043
            },
            " 5th-6th": {
                "loss": 0.2621810361771087,
                "acc": 0.8548387096774194
            },
            " 7th-8th": {
                "loss": 0.26836598903500025,
                "acc": 0.8723404255319149
            },
            " 9th": {
                "loss": 0.2916560826249035,
                "acc": 0.8782608695652174
            },
            " Assoc-acdm": {
                "loss": 0.32889563169974323,
                "acc": 0.8333333333333334
            },
            " Assoc-voc": {
                "loss": 0.28197151554640737,
                "acc": 0.8717948717948718
            },
            " Bachelors": {
                "loss": 0.30510146300624086,
                "acc": 0.8507604562737643
            },
            " Doctorate": {
                "loss": 0.3455982584426749,
                "acc": 0.8441558441558441
            },
            " HS-grad": {
                "loss": 0.2931642802738516,
                "acc": 0.8536468330134357
            },
            " Masters": {
                "loss": 0.2750150029453841,
                "acc": 0.8672086720867209
            },
            " Preschool": {
                "loss": 0.41078106114715685,
                "acc": 0.7
            },
            " Prof-school": {
                "loss": 0.29175351832711394,
                "acc": 0.853448275862069
            },
            " Some-college": {
                "loss": 0.30645553434572087,
                "acc": 0.8525252525252526
            }
        },
        "education-num": {
            "1-9": {
                "loss": 0.2969407710819684,
                "acc": 0.8554421768707483
            },
            "10-13": {
                "loss": 0.30404878391548495,
                "acc": 0.8522652659225214
            },
            "13-16": {
                "loss": 0.28814058738946263,
                "acc": 0.8612099644128114
            },
            "9-10": {
                "loss": 0.30645553434572087,
                "acc": 0.8525252525252526
            }
        },
        "relationship": {
            " Husband": {
                "loss": 0.3000432089493036,
                "acc": 0.8517374517374517
            },
            " Not-in-family": {
                "loss": 0.2943765521770159,
                "acc": 0.8622719246615657
            },
            " Other-relative": {
                "loss": 0.2274526047369113,
                "acc": 0.9044943820224719
            },
            " Own-child": {
                "loss": 0.3219034531756457,
                "acc": 0.8370951913640824
            },
            " Unmarried": {
                "loss": 0.29977843485027894,
                "acc": 0.8603988603988604
            },
            " Wife": {
                "loss": 0.30088610707779906,
                "acc": 0.8509316770186336
            }
        },
        "race": {
            " Amer-Indian-Eskimo": {
                "loss": 0.29707646675334864,
                "acc": 0.8169014084507042
            },
            " Asian-Pac-Islander": {
                "loss": 0.2734458914148649,
                "acc": 0.8808290155440415
            },
            " Black": {
                "loss": 0.30641869444388176,
                "acc": 0.8430717863105175
            },
            " Other": {
                "loss": 0.30627231211251843,
                "acc": 0.8545454545454545
            },
            " White": {
                "loss": 0.30022109838696814,
                "acc": 0.8553290414878397
            }
        },
        "gender": {
            " Female": {
                "loss": 0.3030948026725956,
                "acc": 0.8526365348399246
            },
            " Male": {
                "loss": 0.29852263625717207,
                "acc": 0.8554491564067488
            }
        },
        "hours-per-week": {
            "1-35": {
                "loss": 0.2808724667206589,
                "acc": 0.8724981467753892
            },
            "35-40": {
                "loss": 0.3108154959873701,
                "acc": 0.8462267129775813
            },
            "40-50": {
                "loss": 0.28929128239252266,
                "acc": 0.8524857375713122
            },
            "50-99": {
                "loss": 0.3062367752369605,
                "acc": 0.8604954367666232
            }
        }
    }
}