{
    "age": {
        "17-26": {
            "loss": 0.5047906350585559,
            "acc": 0.7554794520547945
        },
        "26-33": {
            "loss": 1.0893173352460974,
            "acc": 0.6944206008583691
        },
        "33-41": {
            "loss": 1.6480770340970257,
            "acc": 0.599549211119459
        },
        "41-50": {
            "loss": 1.860496144513102,
            "acc": 0.5677830940988836
        },
        "50-90": {
            "loss": 1.7216622329309164,
            "acc": 0.6003074558032283
        }
    },
    "education": {
        " 10th": {
            "loss": 0.7732277576158305,
            "acc": 0.6813186813186813
        },
        " 11th": {
            "loss": 0.7249730754536722,
            "acc": 0.6933333333333334
        },
        " 12th": {
            "loss": 0.7172327064680711,
            "acc": 0.7653061224489796
        },
        " 1st-4th": {
            "loss": 0.3309095084560527,
            "acc": 0.8695652173913043
        },
        " 5th-6th": {
            "loss": 0.5923942970426069,
            "acc": 0.7258064516129032
        },
        " 7th-8th": {
            "loss": 0.4619499209478683,
            "acc": 0.7730496453900709
        },
        " 9th": {
            "loss": 0.489468005794753,
            "acc": 0.7652173913043478
        },
        " Assoc-acdm": {
            "loss": 1.1401878083405834,
            "acc": 0.6818181818181818
        },
        " Assoc-voc": {
            "loss": 1.3490624611181208,
            "acc": 0.6556776556776557
        },
        " Bachelors": {
            "loss": 2.1099043618969917,
            "acc": 0.5356125356125356
        },
        " Doctorate": {
            "loss": 3.6128323153593365,
            "acc": 0.38961038961038963
        },
        " HS-grad": {
            "loss": 1.0461410279317065,
            "acc": 0.6890595009596929
        },
        " Masters": {
            "loss": 2.8054832542004564,
            "acc": 0.4715447154471545
        },
        " Preschool": {
            "loss": 0.5095092655297256,
            "acc": 0.6
        },
        " Prof-school": {
            "loss": 3.359756750086377,
            "acc": 0.3275862068965517
        },
        " Some-college": {
            "loss": 1.0292991540019119,
            "acc": 0.6895622895622896
        }
    },
    "education-num": {
        "1-9": {
            "loss": 0.9269222172085634,
            "acc": 0.7003401360544218
        },
        "10-13": {
            "loss": 1.8476250203505362,
            "acc": 0.5761154855643045
        },
        "13-16": {
            "loss": 3.0305039005207406,
            "acc": 0.4306049822064057
        },
        "9-10": {
            "loss": 1.0292991540019119,
            "acc": 0.6895622895622896
        }
    },
    "relationship": {
        " Husband": {
            "loss": 2.195491725924819,
            "acc": 0.5266409266409267
        },
        " Not-in-family": {
            "loss": 0.7704560950009479,
            "acc": 0.7335294117647059
        },
        " Other-relative": {
            "loss": 0.504077533071089,
            "acc": 0.7471910112359551
        },
        " Own-child": {
            "loss": 0.5069780931337537,
            "acc": 0.7517173699705594
        },
        " Unmarried": {
            "loss": 0.5804077626065229,
            "acc": 0.7535612535612536
        },
        " Wife": {
            "loss": 2.36864169753498,
            "acc": 0.5093167701863354
        }
    },
    "race": {
        " Amer-Indian-Eskimo": {
            "loss": 0.650686781570583,
            "acc": 0.6619718309859155
        },
        " Asian-Pac-Islander": {
            "loss": 1.8398528876890758,
            "acc": 0.5699481865284974
        },
        " Black": {
            "loss": 0.8596978444177531,
            "acc": 0.7028380634390651
        },
        " Other": {
            "loss": 0.48121736726822684,
            "acc": 0.7272727272727273
        },
        " White": {
            "loss": 1.3999406316058276,
            "acc": 0.6409797961737886
        }
    },
    "gender": {
        " Female": {
            "loss": 0.8227401033669217,
            "acc": 0.7223529411764706
        },
        " Male": {
            "loss": 1.6015188248377055,
            "acc": 0.6082991336069311
        }
    },
    "hours-per-week": {
        "1-35": {
            "loss": 0.6940128482637883,
            "acc": 0.7405485544848036
        },
        "35-40": {
            "loss": 1.1728598543469533,
            "acc": 0.6587752525252525
        },
        "40-50": {
            "loss": 2.032882462804842,
            "acc": 0.5721271393643031
        },
        "50-99": {
            "loss": 2.120461737486774,
            "acc": 0.5410691003911343
        }
    }
}