{
    "age": {
        "17-26": {
            "loss": 0.30003172762853586,
            "acc": 0.8609589041095891
        },
        "26-33": {
            "loss": 0.29092654594200773,
            "acc": 0.8445017182130584
        },
        "33-41": {
            "loss": 0.29640542020249716,
            "acc": 0.8564988730277987
        },
        "41-50": {
            "loss": 0.29837931195251166,
            "acc": 0.8548644338118022
        },
        "50-90": {
            "loss": 0.29211766479899415,
            "acc": 0.8601076095311299
        }
    },
    "education": {
        " 10th": {
            "loss": 0.33315524517563305,
            "acc": 0.8461538461538461
        },
        " 11th": {
            "loss": 0.2931723743899086,
            "acc": 0.8666666666666667
        },
        " 12th": {
            "loss": 0.347057171342381,
            "acc": 0.8061224489795918
        },
        " 1st-4th": {
            "loss": 0.24285894718884646,
            "acc": 0.8695652173913043
        },
        " 5th-6th": {
            "loss": 0.24008589086374046,
            "acc": 0.8709677419354839
        },
        " 7th-8th": {
            "loss": 0.26388966598704017,
            "acc": 0.8936170212765957
        },
        " 9th": {
            "loss": 0.28956765817328595,
            "acc": 0.8608695652173913
        },
        " Assoc-acdm": {
            "loss": 0.3083933227069339,
            "acc": 0.8636363636363636
        },
        " Assoc-voc": {
            "loss": 0.2736338348473762,
            "acc": 0.8681318681318682
        },
        " Bachelors": {
            "loss": 0.2995648708886798,
            "acc": 0.8536121673003803
        },
        " Doctorate": {
            "loss": 0.33131996878723413,
            "acc": 0.8441558441558441
        },
        " HS-grad": {
            "loss": 0.29428593310944795,
            "acc": 0.8522072936660269
        },
        " Masters": {
            "loss": 0.26952690714019295,
            "acc": 0.8699186991869918
        },
        " Preschool": {
            "loss": 0.46192835476690497,
            "acc": 0.7
        },
        " Prof-school": {
            "loss": 0.2747984268681865,
            "acc": 0.8706896551724138
        },
        " Some-college": {
            "loss": 0.3017930760615262,
            "acc": 0.8538720538720539
        }
    },
    "education-num": {
        "1-9": {
            "loss": 0.2957485083034019,
            "acc": 0.8537414965986394
        },
        "10-13": {
            "loss": 0.2960644510730126,
            "acc": 0.8575180564674983
        },
        "13-16": {
            "loss": 0.27908128798586823,
            "acc": 0.8665480427046264
        },
        "9-10": {
            "loss": 0.3017930760615262,
            "acc": 0.8538720538720539
        }
    },
    "relationship": {
        " Husband": {
            "loss": 0.29386405607706095,
            "acc": 0.8555984555984556
        },
        " Not-in-family": {
            "loss": 0.289700253177835,
            "acc": 0.859329017068864
        },
        " Other-relative": {
            "loss": 0.20970273933318387,
            "acc": 0.9269662921348315
        },
        " Own-child": {
            "loss": 0.3217974065002095,
            "acc": 0.8400392541707556
        },
        " Unmarried": {
            "loss": 0.29778490301376387,
            "acc": 0.8561253561253561
        },
        " Wife": {
            "loss": 0.3037915933733312,
            "acc": 0.8478260869565217
        }
    },
    "race": {
        " Amer-Indian-Eskimo": {
            "loss": 0.29701254848002645,
            "acc": 0.8309859154929577
        },
        " Asian-Pac-Islander": {
            "loss": 0.2519556903665871,
            "acc": 0.8704663212435233
        },
        " Black": {
            "loss": 0.29866437626098746,
            "acc": 0.8564273789649416
        },
        " Other": {
            "loss": 0.34018604054958734,
            "acc": 0.8545454545454545
        },
        " White": {
            "loss": 0.29651066566563444,
            "acc": 0.8555078683834049
        }
    },
    "gender": {
        " Female": {
            "loss": 0.30098462495046674,
            "acc": 0.8554613935969868
        },
        " Male": {
            "loss": 0.2932334317831348,
            "acc": 0.8559051527587779
        }
    },
    "hours-per-week": {
        "1-35": {
            "loss": 0.2742560686165405,
            "acc": 0.876945885841364
        },
        "35-40": {
            "loss": 0.3087803387672828,
            "acc": 0.8459109567413956
        },
        "40-50": {
            "loss": 0.28507199437978,
            "acc": 0.8573757131214343
        },
        "50-99": {
            "loss": 0.2969375080207759,
            "acc": 0.8565840938722294
        }
    }
}