{
    "forget_x": [
        1,
        0,
        0,
        0,
        0,
        0,
        0,
        0,
        0,
        0,
        0,
        0,
        0,
        0,
        0,
        0,
        1,
        0,
        0,
        0,
        0,
        1,
        0,
        0,
        0,
        0,
        1,
        0,
        0,
        0,
        0,
        0,
        0,
        0,
        1,
        0,
        1,
        0,
        0,
        1,
        0,
        0
    ],
    "forget_y": 0,
    "sample": {
        "age": "50-90",
        "education": " HS-grad",
        "education-num": "1-9",
        "relationship": " Husband",
        "race": " White",
        "gender": " Male",
        "hours-per-week": "50-99",
        "income": ">=50k"
    },
    "performance": {
        "age": {
            "17-26": {
                "loss": 0.3033410451317914,
                "acc": 0.8513698630136987
            },
            "26-33": {
                "loss": 0.29007775587939494,
                "acc": 0.8565292096219931
            },
            "33-41": {
                "loss": 0.29583558057073484,
                "acc": 0.8497370398196844
            },
            "41-50": {
                "loss": 0.2931496930026495,
                "acc": 0.8564593301435407
            },
            "50-90": {
                "loss": 0.2875846063210648,
                "acc": 0.8593389700230591
            }
        },
        "education": {
            " 10th": {
                "loss": 0.33968600340130417,
                "acc": 0.8524590163934426
            },
            " 11th": {
                "loss": 0.2967764810543391,
                "acc": 0.8755555555555555
            },
            " 12th": {
                "loss": 0.3533549269929422,
                "acc": 0.826530612244898
            },
            " 1st-4th": {
                "loss": 0.23594567311423761,
                "acc": 0.8695652173913043
            },
            " 5th-6th": {
                "loss": 0.2611461783671601,
                "acc": 0.8387096774193549
            },
            " 7th-8th": {
                "loss": 0.26635096552299303,
                "acc": 0.8652482269503546
            },
            " 9th": {
                "loss": 0.2895806325414947,
                "acc": 0.8521739130434782
            },
            " Assoc-acdm": {
                "loss": 0.3052290355401713,
                "acc": 0.8282828282828283
            },
            " Assoc-voc": {
                "loss": 0.2834560818939627,
                "acc": 0.8571428571428571
            },
            " Bachelors": {
                "loss": 0.2957795959036421,
                "acc": 0.8517110266159695
            },
            " Doctorate": {
                "loss": 0.3257375470889126,
                "acc": 0.8441558441558441
            },
            " HS-grad": {
                "loss": 0.288184988748394,
                "acc": 0.8554968795007201
            },
            " Masters": {
                "loss": 0.2771202107241346,
                "acc": 0.8644986449864499
            },
            " Preschool": {
                "loss": 0.4170063602844915,
                "acc": 0.7
            },
            " Prof-school": {
                "loss": 0.2757402807543771,
                "acc": 0.8793103448275862
            },
            " Some-college": {
                "loss": 0.30117061703527387,
                "acc": 0.8538720538720539
            }
        },
        "education-num": {
            "1-9": {
                "loss": 0.2926872439769142,
                "acc": 0.8554421768707483
            },
            "10-13": {
                "loss": 0.2947990770089542,
                "acc": 0.8496388706500329
            },
            "13-16": {
                "loss": 0.28349647944939455,
                "acc": 0.8647686832740213
            },
            "9-10": {
                "loss": 0.30117061703527387,
                "acc": 0.8538720538720539
            }
        },
        "relationship": {
            " Husband": {
                "loss": 0.2905945166060826,
                "acc": 0.858246427191966
            },
            " Not-in-family": {
                "loss": 0.29202242019400726,
                "acc": 0.8570588235294118
            },
            " Other-relative": {
                "loss": 0.21859776409174922,
                "acc": 0.9101123595505618
            },
            " Own-child": {
                "loss": 0.32271679873528414,
                "acc": 0.8272816486751717
            },
            " Unmarried": {
                "loss": 0.29463906784033256,
                "acc": 0.8632478632478633
            },
            " Wife": {
                "loss": 0.2877643352740599,
                "acc": 0.8478260869565217
            }
        },
        "race": {
            " Amer-Indian-Eskimo": {
                "loss": 0.3106876291712442,
                "acc": 0.8309859154929577
            },
            " Asian-Pac-Islander": {
                "loss": 0.2660830849287214,
                "acc": 0.8808290155440415
            },
            " Black": {
                "loss": 0.3059135386965537,
                "acc": 0.8330550918196995
            },
            " Other": {
                "loss": 0.32384778911283696,
                "acc": 0.8181818181818182
            },
            " White": {
                "loss": 0.29355797285083235,
                "acc": 0.8565808297567954
            }
        },
        "gender": {
            " Female": {
                "loss": 0.29831128921931477,
                "acc": 0.8498823529411764
            },
            " Male": {
                "loss": 0.2923902827214732,
                "acc": 0.8567844925883694
            }
        },
        "hours-per-week": {
            "1-35": {
                "loss": 0.2767955019172576,
                "acc": 0.8695329873980726
            },
            "35-40": {
                "loss": 0.30593769501896184,
                "acc": 0.8462752525252525
            },
            "40-50": {
                "loss": 0.28388542182432097,
                "acc": 0.8557457212713936
            },
            "50-99": {
                "loss": 0.2938743039684263,
                "acc": 0.860313315926893
            }
        }
    }
}