{
    "age": {
        "17-26": {
            "loss": 0.30740838220954464,
            "acc": 0.8513698630136987
        },
        "26-33": {
            "loss": 0.2905841026382577,
            "acc": 0.8505154639175257
        },
        "33-41": {
            "loss": 0.29725113329856695,
            "acc": 0.8557475582268971
        },
        "41-50": {
            "loss": 0.3014774003068312,
            "acc": 0.8588516746411483
        },
        "50-90": {
            "loss": 0.29377906404884446,
            "acc": 0.8593389700230591
        }
    },
    "education": {
        " 10th": {
            "loss": 0.3465612904529733,
            "acc": 0.8415300546448088
        },
        " 11th": {
            "loss": 0.3066397369771109,
            "acc": 0.8755555555555555
        },
        " 12th": {
            "loss": 0.35580112020907206,
            "acc": 0.826530612244898
        },
        " 1st-4th": {
            "loss": 0.24551499671599436,
            "acc": 0.8695652173913043
        },
        " 5th-6th": {
            "loss": 0.2679068384240524,
            "acc": 0.8387096774193549
        },
        " 7th-8th": {
            "loss": 0.27405884163590166,
            "acc": 0.8723404255319149
        },
        " 9th": {
            "loss": 0.291890008459766,
            "acc": 0.8695652173913043
        },
        " Assoc-acdm": {
            "loss": 0.3155934750905619,
            "acc": 0.8434343434343434
        },
        " Assoc-voc": {
            "loss": 0.27375705243401677,
            "acc": 0.8571428571428571
        },
        " Bachelors": {
            "loss": 0.3019486852465386,
            "acc": 0.8602661596958175
        },
        " Doctorate": {
            "loss": 0.3304723202193358,
            "acc": 0.8441558441558441
        },
        " HS-grad": {
            "loss": 0.29636594368790026,
            "acc": 0.8526164186269803
        },
        " Masters": {
            "loss": 0.27716752034055425,
            "acc": 0.8644986449864499
        },
        " Preschool": {
            "loss": 0.4226035434182771,
            "acc": 0.8
        },
        " Prof-school": {
            "loss": 0.297756875472448,
            "acc": 0.853448275862069
        },
        " Some-college": {
            "loss": 0.29799074297025796,
            "acc": 0.8531986531986532
        }
    },
    "education-num": {
        "1-9": {
            "loss": 0.3004442787209553,
            "acc": 0.8540816326530613
        },
        "10-13": {
            "loss": 0.2986692056873123,
            "acc": 0.8575180564674983
        },
        "13-16": {
            "loss": 0.2887206071483226,
            "acc": 0.8594306049822064
        },
        "9-10": {
            "loss": 0.29799074297025796,
            "acc": 0.8531986531986532
        }
    },
    "relationship": {
        " Husband": {
            "loss": 0.2947728316545414,
            "acc": 0.8586326767091541
        },
        " Not-in-family": {
            "loss": 0.29388120751549485,
            "acc": 0.8594117647058823
        },
        " Other-relative": {
            "loss": 0.2192672081676675,
            "acc": 0.9101123595505618
        },
        " Own-child": {
            "loss": 0.32938558240105226,
            "acc": 0.8370951913640824
        },
        " Unmarried": {
            "loss": 0.2987908986778352,
            "acc": 0.8475783475783476
        },
        " Wife": {
            "loss": 0.29741309909089353,
            "acc": 0.8478260869565217
        }
    },
    "race": {
        " Amer-Indian-Eskimo": {
            "loss": 0.30389456377952373,
            "acc": 0.8450704225352113
        },
        " Asian-Pac-Islander": {
            "loss": 0.26563200780271656,
            "acc": 0.8911917098445595
        },
        " Black": {
            "loss": 0.30348588469225624,
            "acc": 0.8480801335559266
        },
        " Other": {
            "loss": 0.3495610280969497,
            "acc": 0.8363636363636363
        },
        " White": {
            "loss": 0.2984798321207627,
            "acc": 0.8549713876967096
        }
    },
    "gender": {
        " Female": {
            "loss": 0.3037180624253124,
            "acc": 0.8531764705882353
        },
        " Male": {
            "loss": 0.29590780651671267,
            "acc": 0.8561003420752565
        }
    },
    "hours-per-week": {
        "1-35": {
            "loss": 0.2797079903619548,
            "acc": 0.8747220163083765
        },
        "35-40": {
            "loss": 0.31052641751936233,
            "acc": 0.8465909090909091
        },
        "40-50": {
            "loss": 0.2848442854859311,
            "acc": 0.8573757131214343
        },
        "50-99": {
            "loss": 0.3033667183273137,
            "acc": 0.8524804177545692
        }
    }
}