{
    "age": {
        "17-26": {
            "loss": 0.492062379764965,
            "acc": 0.763013698630137
        },
        "26-33": {
            "loss": 1.0506399773418733,
            "acc": 0.6944206008583691
        },
        "33-41": {
            "loss": 1.5122625382761499,
            "acc": 0.6025544703230654
        },
        "41-50": {
            "loss": 1.7070243784458379,
            "acc": 0.5749601275917066
        },
        "50-90": {
            "loss": 1.5501635000531073,
            "acc": 0.6087624903920061
        }
    },
    "education": {
        " 10th": {
            "loss": 0.6848564317141633,
            "acc": 0.7103825136612022
        },
        " 11th": {
            "loss": 0.6778845211891887,
            "acc": 0.7066666666666667
        },
        " 12th": {
            "loss": 0.628500363998217,
            "acc": 0.7448979591836735
        },
        " 1st-4th": {
            "loss": 0.3172781985870388,
            "acc": 0.8695652173913043
        },
        " 5th-6th": {
            "loss": 0.5600509209779163,
            "acc": 0.7096774193548387
        },
        " 7th-8th": {
            "loss": 0.4884351663415719,
            "acc": 0.7588652482269503
        },
        " 9th": {
            "loss": 0.47809166826480065,
            "acc": 0.7913043478260869
        },
        " Assoc-acdm": {
            "loss": 1.0811500039318862,
            "acc": 0.6818181818181818
        },
        " Assoc-voc": {
            "loss": 1.2104733320757224,
            "acc": 0.663003663003663
        },
        " Bachelors": {
            "loss": 1.9579322483361645,
            "acc": 0.5441595441595442
        },
        " Doctorate": {
            "loss": 3.097773463883773,
            "acc": 0.37662337662337664
        },
        " HS-grad": {
            "loss": 0.9790621938962177,
            "acc": 0.6941910705712914
        },
        " Masters": {
            "loss": 2.49490667568222,
            "acc": 0.4796747967479675
        },
        " Preschool": {
            "loss": 0.5162522594279978,
            "acc": 0.6
        },
        " Prof-school": {
            "loss": 3.0931251310900536,
            "acc": 0.31896551724137934
        },
        " Some-college": {
            "loss": 0.9687224572825055,
            "acc": 0.6936026936026936
        }
    },
    "education-num": {
        "1-9": {
            "loss": 0.8673011253047443,
            "acc": 0.7061224489795919
        },
        "10-13": {
            "loss": 1.7101243949692715,
            "acc": 0.5833333333333334
        },
        "13-16": {
            "loss": 2.70098155738832,
            "acc": 0.43238434163701067
        },
        "9-10": {
            "loss": 0.9687224572825055,
            "acc": 0.6936026936026936
        }
    },
    "relationship": {
        " Husband": {
            "loss": 1.986315459159106,
            "acc": 0.52954808806489
        },
        " Not-in-family": {
            "loss": 0.7412226992591103,
            "acc": 0.7366255144032922
        },
        " Other-relative": {
            "loss": 0.4660992421447042,
            "acc": 0.7752808988764045
        },
        " Own-child": {
            "loss": 0.5143700053025768,
            "acc": 0.76153091265947
        },
        " Unmarried": {
            "loss": 0.5778275256842889,
            "acc": 0.7606837606837606
        },
        " Wife": {
            "loss": 2.1629354407072863,
            "acc": 0.515527950310559
        }
    },
    "race": {
        " Amer-Indian-Eskimo": {
            "loss": 0.6826813445871538,
            "acc": 0.647887323943662
        },
        " Asian-Pac-Islander": {
            "loss": 1.7062965970228052,
            "acc": 0.5751295336787565
        },
        " Black": {
            "loss": 0.8262282910078483,
            "acc": 0.7078464106844741
        },
        " Other": {
            "loss": 0.5472060996370617,
            "acc": 0.7272727272727273
        },
        " White": {
            "loss": 1.2890768228430205,
            "acc": 0.6467012336849634
        }
    },
    "gender": {
        " Female": {
            "loss": 0.790049569182701,
            "acc": 0.7271872060206962
        },
        " Male": {
            "loss": 1.4670362569129831,
            "acc": 0.6139110604332954
        }
    },
    "hours-per-week": {
        "1-35": {
            "loss": 0.6662412061323829,
            "acc": 0.7479614529280949
        },
        "35-40": {
            "loss": 1.095689217893943,
            "acc": 0.665194067529189
        },
        "40-50": {
            "loss": 1.8518936261850316,
            "acc": 0.5737571312143439
        },
        "50-99": {
            "loss": 1.9181819487446,
            "acc": 0.5443864229765013
        }
    }
}