{
    "forget_x": [
        1,
        0,
        0,
        0,
        0,
        0,
        0,
        0,
        0,
        0,
        0,
        0,
        0,
        0,
        1,
        0,
        0,
        0,
        0,
        0,
        0,
        0,
        1,
        0,
        0,
        1,
        0,
        0,
        0,
        0,
        0,
        0,
        0,
        0,
        0,
        1,
        0,
        1,
        0,
        1,
        0,
        0
    ],
    "forget_y": 1,
    "sample": {
        "age": "41-50",
        "education": " 9th",
        "education-num": "1-9",
        "relationship": " Husband",
        "race": " White",
        "gender": " Male",
        "hours-per-week": "35-40",
        "income": "<50k"
    },
    "performance": {
        "age": {
            "17-26": {
                "loss": 0.30264181474324664,
                "acc": 0.8595890410958904
            },
            "26-33": {
                "loss": 0.29618378724874617,
                "acc": 0.8436426116838488
            },
            "33-41": {
                "loss": 0.29998244639951965,
                "acc": 0.8564988730277987
            },
            "41-50": {
                "loss": 0.30404641405991295,
                "acc": 0.8531524341580208
            },
            "50-90": {
                "loss": 0.29479922848574597,
                "acc": 0.8625192012288786
            }
        },
        "education": {
            " 10th": {
                "loss": 0.34053555776570343,
                "acc": 0.8415300546448088
            },
            " 11th": {
                "loss": 0.30620526683782057,
                "acc": 0.8577777777777778
            },
            " 12th": {
                "loss": 0.34734003681578524,
                "acc": 0.8163265306122449
            },
            " 1st-4th": {
                "loss": 0.2726218467368118,
                "acc": 0.8695652173913043
            },
            " 5th-6th": {
                "loss": 0.23977466749968218,
                "acc": 0.8709677419354839
            },
            " 7th-8th": {
                "loss": 0.26246662666535553,
                "acc": 0.900709219858156
            },
            " 9th": {
                "loss": 0.2963372884640205,
                "acc": 0.8596491228070176
            },
            " Assoc-acdm": {
                "loss": 0.30372174907505217,
                "acc": 0.8484848484848485
            },
            " Assoc-voc": {
                "loss": 0.2770590939892987,
                "acc": 0.8571428571428571
            },
            " Bachelors": {
                "loss": 0.30071309335112306,
                "acc": 0.8507604562737643
            },
            " Doctorate": {
                "loss": 0.34745369896769007,
                "acc": 0.8441558441558441
            },
            " HS-grad": {
                "loss": 0.2970866519501075,
                "acc": 0.8531669865642995
            },
            " Masters": {
                "loss": 0.2752213505890476,
                "acc": 0.8726287262872628
            },
            " Preschool": {
                "loss": 0.41618831954179214,
                "acc": 0.8
            },
            " Prof-school": {
                "loss": 0.3030991376661803,
                "acc": 0.8620689655172413
            },
            " Some-college": {
                "loss": 0.3061451052699153,
                "acc": 0.8572390572390572
            }
        },
        "education-num": {
            "1-9": {
                "loss": 0.2994797818645118,
                "acc": 0.854421768707483
            },
            "10-13": {
                "loss": 0.2968642240192518,
                "acc": 0.8516086671043992
            },
            "13-16": {
                "loss": 0.2908720874682345,
                "acc": 0.8665480427046264
            },
            "9-10": {
                "loss": 0.3061451052699153,
                "acc": 0.8572390572390572
            }
        },
        "relationship": {
            " Husband": {
                "loss": 0.2967232103948298,
                "acc": 0.8590189262263422
            },
            " Not-in-family": {
                "loss": 0.29291413144173295,
                "acc": 0.8552941176470589
            },
            " Other-relative": {
                "loss": 0.2224433181064262,
                "acc": 0.9101123595505618
            },
            " Own-child": {
                "loss": 0.3272251198065607,
                "acc": 0.845927379784102
            },
            " Unmarried": {
                "loss": 0.3020667734170398,
                "acc": 0.8490028490028491
            },
            " Wife": {
                "loss": 0.3087943122304492,
                "acc": 0.8416149068322981
            }
        },
        "race": {
            " Amer-Indian-Eskimo": {
                "loss": 0.29780698770227415,
                "acc": 0.8309859154929577
            },
            " Asian-Pac-Islander": {
                "loss": 0.2736038490778325,
                "acc": 0.8704663212435233
            },
            " Black": {
                "loss": 0.2934774323997889,
                "acc": 0.8614357262103506
            },
            " Other": {
                "loss": 0.31306382703506175,
                "acc": 0.8727272727272727
            },
            " White": {
                "loss": 0.3010960362755113,
                "acc": 0.8544349070100143
            }
        },
        "gender": {
            " Female": {
                "loss": 0.3059570280565513,
                "acc": 0.8498823529411764
            },
            " Male": {
                "loss": 0.2965864724574184,
                "acc": 0.8581527936145952
            }
        },
        "hours-per-week": {
            "1-35": {
                "loss": 0.28117472230965607,
                "acc": 0.8762045959970348
            },
            "35-40": {
                "loss": 0.31267490450011565,
                "acc": 0.844647931796653
            },
            "40-50": {
                "loss": 0.28248866534271644,
                "acc": 0.8581907090464548
            },
            "50-99": {
                "loss": 0.30577659846525823,
                "acc": 0.8591916558018253
            }
        }
    }
}