{
    "age": {
        "17-26": {
            "loss": 0.4648470796429377,
            "acc": 0.7904109589041096
        },
        "26-33": {
            "loss": 1.043358181014972,
            "acc": 0.7090128755364807
        },
        "33-41": {
            "loss": 1.5519402998160334,
            "acc": 0.6145755071374907
        },
        "41-50": {
            "loss": 1.7633506022241492,
            "acc": 0.581803671189146
        },
        "50-90": {
            "loss": 1.6040173596141123,
            "acc": 0.6190476190476191
        }
    },
    "education": {
        " 10th": {
            "loss": 0.6780500808660099,
            "acc": 0.7213114754098361
        },
        " 11th": {
            "loss": 0.6669537330463625,
            "acc": 0.7244444444444444
        },
        " 12th": {
            "loss": 0.6417894751991641,
            "acc": 0.7551020408163265
        },
        " 1st-4th": {
            "loss": 0.28977844118560286,
            "acc": 0.8695652173913043
        },
        " 5th-6th": {
            "loss": 0.5955271698258247,
            "acc": 0.7741935483870968
        },
        " 7th-8th": {
            "loss": 0.4903790729229203,
            "acc": 0.7872340425531915
        },
        " 9th": {
            "loss": 0.43337253941412696,
            "acc": 0.8157894736842105
        },
        " Assoc-acdm": {
            "loss": 1.01762652500725,
            "acc": 0.7070707070707071
        },
        " Assoc-voc": {
            "loss": 1.2297522947493,
            "acc": 0.673992673992674
        },
        " Bachelors": {
            "loss": 2.018219009955725,
            "acc": 0.5565052231718899
        },
        " Doctorate": {
            "loss": 3.19380368926032,
            "acc": 0.36363636363636365
        },
        " HS-grad": {
            "loss": 0.9887210859533913,
            "acc": 0.7116122840690979
        },
        " Masters": {
            "loss": 2.636341510449872,
            "acc": 0.47696476964769646
        },
        " Preschool": {
            "loss": 0.5357324988786416,
            "acc": 0.7
        },
        " Prof-school": {
            "loss": 3.2416441074027285,
            "acc": 0.33620689655172414
        },
        " Some-college": {
            "loss": 0.9666929968758775,
            "acc": 0.7063973063973064
        }
    },
    "education-num": {
        "1-9": {
            "loss": 0.8724594213846567,
            "acc": 0.7248299319727891
        },
        "10-13": {
            "loss": 1.7469796889116624,
            "acc": 0.5971128608923885
        },
        "13-16": {
            "loss": 2.837657683074313,
            "acc": 0.43238434163701067
        },
        "9-10": {
            "loss": 0.9666929968758775,
            "acc": 0.7063973063973064
        }
    },
    "relationship": {
        " Husband": {
            "loss": 2.0625660904050553,
            "acc": 0.5376593279258401
        },
        " Not-in-family": {
            "loss": 0.7362759593342343,
            "acc": 0.7560258671369783
        },
        " Other-relative": {
            "loss": 0.4574284167927379,
            "acc": 0.797752808988764
        },
        " Own-child": {
            "loss": 0.467602093386076,
            "acc": 0.7899901864573111
        },
        " Unmarried": {
            "loss": 0.5585367442748911,
            "acc": 0.7763532763532763
        },
        " Wife": {
            "loss": 2.2215523674036666,
            "acc": 0.5062111801242236
        }
    },
    "race": {
        " Amer-Indian-Eskimo": {
            "loss": 0.6485456234094495,
            "acc": 0.676056338028169
        },
        " Asian-Pac-Islander": {
            "loss": 1.7573437140511745,
            "acc": 0.5906735751295337
        },
        " Black": {
            "loss": 0.7916727065323225,
            "acc": 0.7328881469115192
        },
        " Other": {
            "loss": 0.4467344158412559,
            "acc": 0.7818181818181819
        },
        " White": {
            "loss": 1.3183862046956174,
            "acc": 0.6595744680851063
        }
    },
    "gender": {
        " Female": {
            "loss": 0.7694368343765579,
            "acc": 0.7474129821260583
        },
        " Male": {
            "loss": 1.510127195698087,
            "acc": 0.625769669327252
        }
    },
    "hours-per-week": {
        "1-35": {
            "loss": 0.6411804858201758,
            "acc": 0.7805782060785768
        },
        "35-40": {
            "loss": 1.1003611075640196,
            "acc": 0.6796085858585859
        },
        "40-50": {
            "loss": 1.93730119965212,
            "acc": 0.5810920945395273
        },
        "50-99": {
            "loss": 1.9944790442155513,
            "acc": 0.5397653194263363
        }
    }
}