{
    "age": {
        "17-26": {
            "loss": 0.29994893328493505,
            "acc": 0.8602739726027397
        },
        "26-33": {
            "loss": 0.2943354792490473,
            "acc": 0.8419243986254296
        },
        "33-41": {
            "loss": 0.2957707204726286,
            "acc": 0.8564988730277987
        },
        "41-50": {
            "loss": 0.2940249362631963,
            "acc": 0.8579409417398244
        },
        "50-90": {
            "loss": 0.2915667038308025,
            "acc": 0.8648233486943164
        }
    },
    "education": {
        " 10th": {
            "loss": 0.344058365149927,
            "acc": 0.8579234972677595
        },
        " 11th": {
            "loss": 0.29342283805588004,
            "acc": 0.8622222222222222
        },
        " 12th": {
            "loss": 0.33844633376006805,
            "acc": 0.8163265306122449
        },
        " 1st-4th": {
            "loss": 0.23180977059405064,
            "acc": 0.8695652173913043
        },
        " 5th-6th": {
            "loss": 0.2459727894182283,
            "acc": 0.8709677419354839
        },
        " 7th-8th": {
            "loss": 0.25515544562595416,
            "acc": 0.8936170212765957
        },
        " 9th": {
            "loss": 0.29106327984718194,
            "acc": 0.8508771929824561
        },
        " Assoc-acdm": {
            "loss": 0.2929743521270035,
            "acc": 0.8636363636363636
        },
        " Assoc-voc": {
            "loss": 0.27196124019646906,
            "acc": 0.8644688644688645
        },
        " Bachelors": {
            "loss": 0.2963419832777621,
            "acc": 0.8555133079847909
        },
        " Doctorate": {
            "loss": 0.33210708538672984,
            "acc": 0.8441558441558441
        },
        " HS-grad": {
            "loss": 0.29353320942065486,
            "acc": 0.8526871401151631
        },
        " Masters": {
            "loss": 0.275959912110905,
            "acc": 0.8780487804878049
        },
        " Preschool": {
            "loss": 0.34616925892130396,
            "acc": 0.9
        },
        " Prof-school": {
            "loss": 0.3131524533868102,
            "acc": 0.8448275862068966
        },
        " Some-college": {
            "loss": 0.3012977023286932,
            "acc": 0.8545454545454545
        }
    },
    "education-num": {
        "1-9": {
            "loss": 0.2949236498363215,
            "acc": 0.8551020408163266
        },
        "10-13": {
            "loss": 0.2915338849001893,
            "acc": 0.8581746552856205
        },
        "13-16": {
            "loss": 0.29132942657753036,
            "acc": 0.8665480427046264
        },
        "9-10": {
            "loss": 0.3012977023286932,
            "acc": 0.8545454545454545
        }
    },
    "relationship": {
        " Husband": {
            "loss": 0.29308267011001743,
            "acc": 0.8601776747779065
        },
        " Not-in-family": {
            "loss": 0.2883502146730469,
            "acc": 0.8576470588235294
        },
        " Other-relative": {
            "loss": 0.21697110707811182,
            "acc": 0.9213483146067416
        },
        " Own-child": {
            "loss": 0.32203265116752083,
            "acc": 0.8439646712463199
        },
        " Unmarried": {
            "loss": 0.29738842491961937,
            "acc": 0.8490028490028491
        },
        " Wife": {
            "loss": 0.30344926137969347,
            "acc": 0.84472049689441
        }
    },
    "race": {
        " Amer-Indian-Eskimo": {
            "loss": 0.2795651971614313,
            "acc": 0.8309859154929577
        },
        " Asian-Pac-Islander": {
            "loss": 0.26693252352802016,
            "acc": 0.8756476683937824
        },
        " Black": {
            "loss": 0.28833065382533113,
            "acc": 0.8580968280467446
        },
        " Other": {
            "loss": 0.3242903237541755,
            "acc": 0.8727272727272727
        },
        " White": {
            "loss": 0.2969103589823392,
            "acc": 0.8560443490701002
        }
    },
    "gender": {
        " Female": {
            "loss": 0.2996727168806832,
            "acc": 0.8512941176470589
        },
        " Male": {
            "loss": 0.29314283684036746,
            "acc": 0.8592930444697834
        }
    },
    "hours-per-week": {
        "1-35": {
            "loss": 0.27763675475283384,
            "acc": 0.8784284655300222
        },
        "35-40": {
            "loss": 0.30812326788832545,
            "acc": 0.8462267129775813
        },
        "40-50": {
            "loss": 0.2801035955657563,
            "acc": 0.8590057049714751
        },
        "50-99": {
            "loss": 0.2975102732638545,
            "acc": 0.8578878748370273
        }
    }
}