{
    "forget_x": [
        0,
        0,
        1,
        0,
        0,
        0,
        0,
        0,
        0,
        0,
        0,
        0,
        0,
        0,
        0,
        0,
        0,
        0,
        0,
        0,
        1,
        0,
        0,
        0,
        1,
        0,
        1,
        0,
        0,
        0,
        0,
        0,
        0,
        0,
        0,
        1,
        0,
        1,
        0,
        1,
        0,
        0
    ],
    "forget_y": 0,
    "sample": {
        "age": "41-50",
        "education": " Prof-school",
        "education-num": "13-16",
        "relationship": " Not-in-family",
        "race": " White",
        "gender": " Male",
        "hours-per-week": "50-99",
        "income": ">=50k"
    },
    "performance": {
        "age": {
            "17-26": {
                "loss": 0.29998752188174627,
                "acc": 0.8561643835616438
            },
            "26-33": {
                "loss": 0.29520767039877266,
                "acc": 0.8479381443298969
            },
            "33-41": {
                "loss": 0.29439919442194307,
                "acc": 0.8542449286250939
            },
            "41-50": {
                "loss": 0.2974225797757654,
                "acc": 0.8603351955307262
            },
            "50-90": {
                "loss": 0.2886574571628707,
                "acc": 0.8640552995391705
            }
        },
        "education": {
            " 10th": {
                "loss": 0.3296006658424145,
                "acc": 0.8469945355191257
            },
            " 11th": {
                "loss": 0.310239349723961,
                "acc": 0.8488888888888889
            },
            " 12th": {
                "loss": 0.34868699136520487,
                "acc": 0.8061224489795918
            },
            " 1st-4th": {
                "loss": 0.2248221124410355,
                "acc": 0.8695652173913043
            },
            " 5th-6th": {
                "loss": 0.22839700510993974,
                "acc": 0.8709677419354839
            },
            " 7th-8th": {
                "loss": 0.2512638606619341,
                "acc": 0.900709219858156
            },
            " 9th": {
                "loss": 0.2905062433458071,
                "acc": 0.8608695652173913
            },
            " Assoc-acdm": {
                "loss": 0.3113006419121111,
                "acc": 0.8434343434343434
            },
            " Assoc-voc": {
                "loss": 0.25988243967830976,
                "acc": 0.8608058608058609
            },
            " Bachelors": {
                "loss": 0.2978574178231072,
                "acc": 0.8545627376425855
            },
            " Doctorate": {
                "loss": 0.3363920356798337,
                "acc": 0.8441558441558441
            },
            " HS-grad": {
                "loss": 0.29435445329656446,
                "acc": 0.8546065259117083
            },
            " Masters": {
                "loss": 0.27049521516386016,
                "acc": 0.8753387533875339
            },
            " Preschool": {
                "loss": 0.43840412305811016,
                "acc": 0.8
            },
            " Prof-school": {
                "loss": 0.29044316253475766,
                "acc": 0.8695652173913043
            },
            " Some-college": {
                "loss": 0.3007577443802698,
                "acc": 0.857912457912458
            }
        },
        "education-num": {
            "1-9": {
                "loss": 0.29591253581520716,
                "acc": 0.8548112886773206
            },
            "10-13": {
                "loss": 0.2927980542880411,
                "acc": 0.8542350623768877
            },
            "13-16": {
                "loss": 0.2836290282251491,
                "acc": 0.8698752228163993
            },
            "9-10": {
                "loss": 0.3007577443802698,
                "acc": 0.857912457912458
            }
        },
        "relationship": {
            " Husband": {
                "loss": 0.29206588465260597,
                "acc": 0.8602316602316602
            },
            " Not-in-family": {
                "loss": 0.2920085890799218,
                "acc": 0.8552089464390819
            },
            " Other-relative": {
                "loss": 0.21724884673720357,
                "acc": 0.9157303370786517
            },
            " Own-child": {
                "loss": 0.32301213829897174,
                "acc": 0.8420019627085378
            },
            " Unmarried": {
                "loss": 0.29571689201928,
                "acc": 0.8589743589743589
            },
            " Wife": {
                "loss": 0.29181734103035556,
                "acc": 0.84472049689441
            }
        },
        "race": {
            " Amer-Indian-Eskimo": {
                "loss": 0.2964219114736768,
                "acc": 0.8309859154929577
            },
            " Asian-Pac-Islander": {
                "loss": 0.2608365006074424,
                "acc": 0.8860103626943006
            },
            " Black": {
                "loss": 0.2967256071401143,
                "acc": 0.8547579298831386
            },
            " Other": {
                "loss": 0.28638876413020503,
                "acc": 0.8727272727272727
            },
            " White": {
                "loss": 0.2963293846059122,
                "acc": 0.8560443490701002
            }
        },
        "gender": {
            " Female": {
                "loss": 0.3014919864609854,
                "acc": 0.8545882352941176
            },
            " Male": {
                "loss": 0.2921963212138255,
                "acc": 0.85769669327252
            }
        },
        "hours-per-week": {
            "1-35": {
                "loss": 0.2750838952708249,
                "acc": 0.8762045959970348
            },
            "35-40": {
                "loss": 0.30808331393078187,
                "acc": 0.8469065656565656
            },
            "40-50": {
                "loss": 0.2819806908645035,
                "acc": 0.8598207008964955
            },
            "50-99": {
                "loss": 0.29877926737390986,
                "acc": 0.8577023498694517
            }
        }
    }
}