{
    "age": {
        "17-26": {
            "loss": 0.4420373238137229,
            "acc": 0.8116438356164384
        },
        "26-33": {
            "loss": 1.0650841466702445,
            "acc": 0.7141630901287553
        },
        "33-41": {
            "loss": 1.6928300810432069,
            "acc": 0.6220886551465064
        },
        "41-50": {
            "loss": 1.9300784838698866,
            "acc": 0.5794094173982443
        },
        "50-90": {
            "loss": 1.7705670715728405,
            "acc": 0.6251920122887865
        }
    },
    "education": {
        " 10th": {
            "loss": 0.7036171113719061,
            "acc": 0.7377049180327869
        },
        " 11th": {
            "loss": 0.6535976164188169,
            "acc": 0.7822222222222223
        },
        " 12th": {
            "loss": 0.7041278331527285,
            "acc": 0.7857142857142857
        },
        " 1st-4th": {
            "loss": 0.2528438458547478,
            "acc": 0.9130434782608695
        },
        " 5th-6th": {
            "loss": 0.5182565098882574,
            "acc": 0.8064516129032258
        },
        " 7th-8th": {
            "loss": 0.4442321202826783,
            "acc": 0.8014184397163121
        },
        " 9th": {
            "loss": 0.42665595522422706,
            "acc": 0.808695652173913
        },
        " Assoc-acdm": {
            "loss": 1.100813911642548,
            "acc": 0.7222222222222222
        },
        " Assoc-voc": {
            "loss": 1.3125488463557946,
            "acc": 0.684981684981685
        },
        " Bachelors": {
            "loss": 2.2056053347633044,
            "acc": 0.5479582146248813
        },
        " Doctorate": {
            "loss": 3.5570459332937125,
            "acc": 0.36363636363636365
        },
        " HS-grad": {
            "loss": 1.0589033479985863,
            "acc": 0.724088291746641
        },
        " Masters": {
            "loss": 2.840848460416959,
            "acc": 0.46612466124661245
        },
        " Preschool": {
            "loss": 0.4258887368649463,
            "acc": 0.7
        },
        " Prof-school": {
            "loss": 3.63317248380966,
            "acc": 0.3130434782608696
        },
        " Some-college": {
            "loss": 1.022735558466092,
            "acc": 0.7144781144781145
        }
    },
    "education-num": {
        "1-9": {
            "loss": 0.9199214087726464,
            "acc": 0.7415844950697041
        },
        "10-13": {
            "loss": 1.902092786788792,
            "acc": 0.5951443569553806
        },
        "13-16": {
            "loss": 3.1015694374252862,
            "acc": 0.4206773618538324
        },
        "9-10": {
            "loss": 1.022735558466092,
            "acc": 0.7144781144781145
        }
    },
    "relationship": {
        " Husband": {
            "loss": 2.2674899191972027,
            "acc": 0.5374517374517375
        },
        " Not-in-family": {
            "loss": 0.7632141917812644,
            "acc": 0.7641176470588236
        },
        " Other-relative": {
            "loss": 0.3919076358408937,
            "acc": 0.797752808988764
        },
        " Own-child": {
            "loss": 0.4497862919809123,
            "acc": 0.8125613346418057
        },
        " Unmarried": {
            "loss": 0.5394550325401813,
            "acc": 0.7977207977207977
        },
        " Wife": {
            "loss": 2.440896859266575,
            "acc": 0.5093167701863354
        }
    },
    "race": {
        " Amer-Indian-Eskimo": {
            "loss": 0.6502498502079871,
            "acc": 0.704225352112676
        },
        " Asian-Pac-Islander": {
            "loss": 1.8512698631280973,
            "acc": 0.5803108808290155
        },
        " Black": {
            "loss": 0.8483785857144408,
            "acc": 0.7412353923205343
        },
        " Other": {
            "loss": 0.4874478069815994,
            "acc": 0.8
        },
        " White": {
            "loss": 1.4168728417322956,
            "acc": 0.66779903450742
        }
    },
    "gender": {
        " Female": {
            "loss": 0.8000006604532244,
            "acc": 0.7563499529633114
        },
        " Male": {
            "loss": 1.633345410458522,
            "acc": 0.6332953249714938
        }
    },
    "hours-per-week": {
        "1-35": {
            "loss": 0.6575775117340567,
            "acc": 0.7850259451445515
        },
        "35-40": {
            "loss": 1.1646404699749036,
            "acc": 0.6891763963395393
        },
        "40-50": {
            "loss": 2.1329767252705056,
            "acc": 0.5876120619396903
        },
        "50-99": {
            "loss": 2.1775990527383433,
            "acc": 0.5496083550913838
        }
    }
}