{
    "age": {
        "17-26": {
            "loss": 0.30371307075955883,
            "acc": 0.8534246575342466
        },
        "26-33": {
            "loss": 0.2927063193744178,
            "acc": 0.8556701030927835
        },
        "33-41": {
            "loss": 0.3000648439967992,
            "acc": 0.8497370398196844
        },
        "41-50": {
            "loss": 0.30262398638011,
            "acc": 0.8579409417398244
        },
        "50-90": {
            "loss": 0.291933582923284,
            "acc": 0.8563748079877113
        }
    },
    "education": {
        " 10th": {
            "loss": 0.3394467288515824,
            "acc": 0.8469945355191257
        },
        " 11th": {
            "loss": 0.3025243367358875,
            "acc": 0.8711111111111111
        },
        " 12th": {
            "loss": 0.38906181827987507,
            "acc": 0.826530612244898
        },
        " 1st-4th": {
            "loss": 0.23851836599407222,
            "acc": 0.8695652173913043
        },
        " 5th-6th": {
            "loss": 0.24658527454871376,
            "acc": 0.8387096774193549
        },
        " 7th-8th": {
            "loss": 0.25897891532597384,
            "acc": 0.8936170212765957
        },
        " 9th": {
            "loss": 0.2849030818669243,
            "acc": 0.8695652173913043
        },
        " Assoc-acdm": {
            "loss": 0.30906644667977123,
            "acc": 0.8333333333333334
        },
        " Assoc-voc": {
            "loss": 0.28201495322610687,
            "acc": 0.8571428571428571
        },
        " Bachelors": {
            "loss": 0.30045582984347735,
            "acc": 0.8593155893536122
        },
        " Doctorate": {
            "loss": 0.3350039448780816,
            "acc": 0.8441558441558441
        },
        " HS-grad": {
            "loss": 0.2948286599846201,
            "acc": 0.8483685220729367
        },
        " Masters": {
            "loss": 0.2714753724379239,
            "acc": 0.8536585365853658
        },
        " Preschool": {
            "loss": 0.43254762937083485,
            "acc": 0.7
        },
        " Prof-school": {
            "loss": 0.2850872621530128,
            "acc": 0.8695652173913043
        },
        " Some-college": {
            "loss": 0.3048256722999374,
            "acc": 0.8585858585858586
        }
    },
    "education-num": {
        "1-9": {
            "loss": 0.29823776945053987,
            "acc": 0.851751105066304
        },
        "10-13": {
            "loss": 0.2982697121921606,
            "acc": 0.855548260013132
        },
        "13-16": {
            "loss": 0.28298529649340937,
            "acc": 0.8556149732620321
        },
        "9-10": {
            "loss": 0.3048256722999374,
            "acc": 0.8585858585858586
        }
    },
    "relationship": {
        " Husband": {
            "loss": 0.29682191190250373,
            "acc": 0.8563706563706563
        },
        " Not-in-family": {
            "loss": 0.29381680016627565,
            "acc": 0.8563861094761624
        },
        " Other-relative": {
            "loss": 0.20637502466255087,
            "acc": 0.9157303370786517
        },
        " Own-child": {
            "loss": 0.32926120464251357,
            "acc": 0.8400392541707556
        },
        " Unmarried": {
            "loss": 0.2937332211767165,
            "acc": 0.8561253561253561
        },
        " Wife": {
            "loss": 0.29933785038575433,
            "acc": 0.8385093167701864
        }
    },
    "race": {
        " Amer-Indian-Eskimo": {
            "loss": 0.30261983383347846,
            "acc": 0.8450704225352113
        },
        " Asian-Pac-Islander": {
            "loss": 0.25994588161349114,
            "acc": 0.9015544041450777
        },
        " Black": {
            "loss": 0.3080049877438266,
            "acc": 0.8430717863105175
        },
        " Other": {
            "loss": 0.31932604323078506,
            "acc": 0.8181818181818182
        },
        " White": {
            "loss": 0.29847808349983435,
            "acc": 0.8546137339055794
        }
    },
    "gender": {
        " Female": {
            "loss": 0.3023618342379468,
            "acc": 0.8522352941176471
        },
        " Male": {
            "loss": 0.29652999511180617,
            "acc": 0.8556442417331813
        }
    },
    "hours-per-week": {
        "1-35": {
            "loss": 0.27879609681314926,
            "acc": 0.8732394366197183
        },
        "35-40": {
            "loss": 0.309909416123116,
            "acc": 0.8450126262626263
        },
        "40-50": {
            "loss": 0.2882938950016163,
            "acc": 0.8590057049714751
        },
        "50-99": {
            "loss": 0.30179811001952517,
            "acc": 0.8537859007832899
        }
    }
}