{
    "age": {
        "17-26": {
            "loss": 0.30390527389307775,
            "acc": 0.8567511994516792
        },
        "26-33": {
            "loss": 0.29105017074349887,
            "acc": 0.8496563573883161
        },
        "33-41": {
            "loss": 0.29226157569703365,
            "acc": 0.8580015026296018
        },
        "41-50": {
            "loss": 0.2955067937860168,
            "acc": 0.8548644338118022
        },
        "50-90": {
            "loss": 0.2942827739867241,
            "acc": 0.8617511520737328
        }
    },
    "education": {
        " 10th": {
            "loss": 0.3399825587063924,
            "acc": 0.8415300546448088
        },
        " 11th": {
            "loss": 0.31000595701077804,
            "acc": 0.8533333333333334
        },
        " 12th": {
            "loss": 0.35633831772901464,
            "acc": 0.8163265306122449
        },
        " 1st-4th": {
            "loss": 0.2572192850958059,
            "acc": 0.8695652173913043
        },
        " 5th-6th": {
            "loss": 0.2600846125821395,
            "acc": 0.8387096774193549
        },
        " 7th-8th": {
            "loss": 0.26491662640011526,
            "acc": 0.8936170212765957
        },
        " 9th": {
            "loss": 0.2974042252408993,
            "acc": 0.8521739130434782
        },
        " Assoc-acdm": {
            "loss": 0.29244365939751266,
            "acc": 0.8636363636363636
        },
        " Assoc-voc": {
            "loss": 0.2697551222670514,
            "acc": 0.8608058608058609
        },
        " Bachelors": {
            "loss": 0.29517703125488604,
            "acc": 0.8564638783269962
        },
        " Doctorate": {
            "loss": 0.32058315851492797,
            "acc": 0.8701298701298701
        },
        " HS-grad": {
            "loss": 0.29566864795563846,
            "acc": 0.8535765722515603
        },
        " Masters": {
            "loss": 0.27132596697087874,
            "acc": 0.8699186991869918
        },
        " Preschool": {
            "loss": 0.4041459930833435,
            "acc": 0.8
        },
        " Prof-school": {
            "loss": 0.2969684013032605,
            "acc": 0.853448275862069
        },
        " Some-college": {
            "loss": 0.298432131491412,
            "acc": 0.8572390572390572
        }
    },
    "education-num": {
        "1-9": {
            "loss": 0.2994573391472724,
            "acc": 0.8530612244897959
        },
        "10-13": {
            "loss": 0.2902647602230812,
            "acc": 0.8581746552856205
        },
        "13-16": {
            "loss": 0.2833674725428502,
            "acc": 0.8665480427046264
        },
        "9-10": {
            "loss": 0.298432131491412,
            "acc": 0.8572390572390572
        }
    },
    "relationship": {
        " Husband": {
            "loss": 0.29039063902641166,
            "acc": 0.8586872586872587
        },
        " Not-in-family": {
            "loss": 0.29108208093758176,
            "acc": 0.8587404355503238
        },
        " Other-relative": {
            "loss": 0.20933290517845374,
            "acc": 0.9269662921348315
        },
        " Own-child": {
            "loss": 0.3300356508573939,
            "acc": 0.8439646712463199
        },
        " Unmarried": {
            "loss": 0.2978080119479289,
            "acc": 0.8461538461538461
        },
        " Wife": {
            "loss": 0.2969348491376099,
            "acc": 0.8478260869565217
        }
    },
    "race": {
        " Amer-Indian-Eskimo": {
            "loss": 0.29445306655697356,
            "acc": 0.8309859154929577
        },
        " Asian-Pac-Islander": {
            "loss": 0.26105851049128304,
            "acc": 0.8963730569948186
        },
        " Black": {
            "loss": 0.29617348549426853,
            "acc": 0.8514190317195326
        },
        " Other": {
            "loss": 0.3468863641410192,
            "acc": 0.8148148148148148
        },
        " White": {
            "loss": 0.29634754157366894,
            "acc": 0.8562488825317361
        }
    },
    "gender": {
        " Female": {
            "loss": 0.30456179480341544,
            "acc": 0.8502824858757062
        },
        " Male": {
            "loss": 0.29138458494849817,
            "acc": 0.8593251253989969
        }
    },
    "hours-per-week": {
        "1-35": {
            "loss": 0.2801042788730901,
            "acc": 0.8776871756856931
        },
        "35-40": {
            "loss": 0.306413342378143,
            "acc": 0.8468582254499526
        },
        "40-50": {
            "loss": 0.28429144252809235,
            "acc": 0.8598207008964955
        },
        "50-99": {
            "loss": 0.2970074501345695,
            "acc": 0.8526727509778357
        }
    }
}