{
    "forget_x": [
        0,
        0,
        0,
        1,
        0,
        0,
        0,
        0,
        0,
        0,
        0,
        0,
        1,
        0,
        0,
        0,
        0,
        0,
        0,
        0,
        0,
        0,
        1,
        0,
        0,
        0,
        1,
        0,
        0,
        0,
        0,
        0,
        0,
        0,
        0,
        1,
        1,
        0,
        0,
        1,
        0,
        0
    ],
    "forget_y": 0,
    "sample": {
        "age": "17-26",
        "education": " HS-grad",
        "education-num": "1-9",
        "relationship": " Not-in-family",
        "race": " Other",
        "gender": " Female",
        "hours-per-week": "35-40",
        "income": "<50k"
    },
    "performance": {
        "age": {
            "17-26": {
                "loss": 0.30711199548631446,
                "acc": 0.8492117888965045
            },
            "26-33": {
                "loss": 0.29301953107909706,
                "acc": 0.8582474226804123
            },
            "33-41": {
                "loss": 0.30256450639617205,
                "acc": 0.8429752066115702
            },
            "41-50": {
                "loss": 0.299623861940526,
                "acc": 0.8596491228070176
            },
            "50-90": {
                "loss": 0.2936792142758995,
                "acc": 0.8609831029185868
            }
        },
        "education": {
            " 10th": {
                "loss": 0.3510053580407435,
                "acc": 0.8360655737704918
            },
            " 11th": {
                "loss": 0.30459300842135356,
                "acc": 0.8577777777777778
            },
            " 12th": {
                "loss": 0.3858996039039859,
                "acc": 0.826530612244898
            },
            " 1st-4th": {
                "loss": 0.23638639894371688,
                "acc": 0.9130434782608695
            },
            " 5th-6th": {
                "loss": 0.2509116673382286,
                "acc": 0.8548387096774194
            },
            " 7th-8th": {
                "loss": 0.272236630616363,
                "acc": 0.8794326241134752
            },
            " 9th": {
                "loss": 0.2926916759112977,
                "acc": 0.8695652173913043
            },
            " Assoc-acdm": {
                "loss": 0.31525414333428153,
                "acc": 0.8333333333333334
            },
            " Assoc-voc": {
                "loss": 0.2825601824097231,
                "acc": 0.8571428571428571
            },
            " Bachelors": {
                "loss": 0.29931785849040543,
                "acc": 0.8536121673003803
            },
            " Doctorate": {
                "loss": 0.33599352048128645,
                "acc": 0.8441558441558441
            },
            " HS-grad": {
                "loss": 0.2949097521220028,
                "acc": 0.8502160345655305
            },
            " Masters": {
                "loss": 0.2705930766011009,
                "acc": 0.8807588075880759
            },
            " Preschool": {
                "loss": 0.43922078800047676,
                "acc": 0.7
            },
            " Prof-school": {
                "loss": 0.2834376473869112,
                "acc": 0.8706896551724138
            },
            " Some-college": {
                "loss": 0.3061342049619399,
                "acc": 0.8538720538720539
            }
        },
        "education-num": {
            "1-9": {
                "loss": 0.3001064994375407,
                "acc": 0.851360544217687
            },
            "10-13": {
                "loss": 0.2983858419631965,
                "acc": 0.8516086671043992
            },
            "13-16": {
                "loss": 0.28220482818460324,
                "acc": 0.8736654804270463
            },
            "9-10": {
                "loss": 0.3061342049619399,
                "acc": 0.8538720538720539
            }
        },
        "relationship": {
            " Husband": {
                "loss": 0.2926872605344472,
                "acc": 0.8594594594594595
            },
            " Not-in-family": {
                "loss": 0.2975261399236427,
                "acc": 0.8581518540317834
            },
            " Other-relative": {
                "loss": 0.2260140993289605,
                "acc": 0.9157303370786517
            },
            " Own-child": {
                "loss": 0.3295277199560813,
                "acc": 0.8272816486751717
            },
            " Unmarried": {
                "loss": 0.3079741956146171,
                "acc": 0.8504273504273504
            },
            " Wife": {
                "loss": 0.2925127183627135,
                "acc": 0.84472049689441
            }
        },
        "race": {
            " Amer-Indian-Eskimo": {
                "loss": 0.279640366233376,
                "acc": 0.8591549295774648
            },
            " Asian-Pac-Islander": {
                "loss": 0.2569702949248284,
                "acc": 0.8808290155440415
            },
            " Black": {
                "loss": 0.3168871946341566,
                "acc": 0.8414023372287145
            },
            " Other": {
                "loss": 0.33759463953992935,
                "acc": 0.8148148148148148
            },
            " White": {
                "loss": 0.2990287646022643,
                "acc": 0.8546397282317182
            }
        },
        "gender": {
            " Female": {
                "loss": 0.30703445974314186,
                "acc": 0.8493408662900188
            },
            " Male": {
                "loss": 0.29590103989286576,
                "acc": 0.8561331509347925
            }
        },
        "hours-per-week": {
            "1-35": {
                "loss": 0.2865493653560236,
                "acc": 0.8717568569310601
            },
            "35-40": {
                "loss": 0.31179806335044075,
                "acc": 0.8462267129775813
            },
            "40-50": {
                "loss": 0.2834988601145756,
                "acc": 0.856560717196414
            },
            "50-99": {
                "loss": 0.2973800412096989,
                "acc": 0.8500651890482399
            }
        }
    }
}