{
    "age": {
        "17-26": {
            "loss": 0.49380183178241177,
            "acc": 0.7566826593557231
        },
        "26-33": {
            "loss": 1.0004450756049224,
            "acc": 0.6901287553648069
        },
        "33-41": {
            "loss": 1.5040796857837255,
            "acc": 0.6040570999248686
        },
        "41-50": {
            "loss": 1.705916306614693,
            "acc": 0.5709728867623605
        },
        "50-90": {
            "loss": 1.5506809491129585,
            "acc": 0.6013824884792627
        }
    },
    "education": {
        " 10th": {
            "loss": 0.7272340831136821,
            "acc": 0.6885245901639344
        },
        " 11th": {
            "loss": 0.6898256203039858,
            "acc": 0.6933333333333334
        },
        " 12th": {
            "loss": 0.6809370613344977,
            "acc": 0.7551020408163265
        },
        " 1st-4th": {
            "loss": 0.315686487994274,
            "acc": 0.8695652173913043
        },
        " 5th-6th": {
            "loss": 0.5857422638395521,
            "acc": 0.7096774193548387
        },
        " 7th-8th": {
            "loss": 0.5115596143771048,
            "acc": 0.75177304964539
        },
        " 9th": {
            "loss": 0.4714581484224774,
            "acc": 0.782608695652174
        },
        " Assoc-acdm": {
            "loss": 1.0100736063501905,
            "acc": 0.6717171717171717
        },
        " Assoc-voc": {
            "loss": 1.2384088017694013,
            "acc": 0.663003663003663
        },
        " Bachelors": {
            "loss": 1.9191231906385615,
            "acc": 0.5384615384615384
        },
        " Doctorate": {
            "loss": 3.0504852006824072,
            "acc": 0.37662337662337664
        },
        " HS-grad": {
            "loss": 0.9745011234623461,
            "acc": 0.6937109937590015
        },
        " Masters": {
            "loss": 2.4604428492785178,
            "acc": 0.4742547425474255
        },
        " Preschool": {
            "loss": 0.5177986487679818,
            "acc": 0.6
        },
        " Prof-school": {
            "loss": 3.1734961725924213,
            "acc": 0.31896551724137934
        },
        " Some-college": {
            "loss": 0.9537125955569522,
            "acc": 0.6882154882154882
        }
    },
    "education-num": {
        "1-9": {
            "loss": 0.8707532866416332,
            "acc": 0.7030612244897959
        },
        "10-13": {
            "loss": 1.6790793285320127,
            "acc": 0.5780839895013123
        },
        "13-16": {
            "loss": 2.688463216827473,
            "acc": 0.4288256227758007
        },
        "9-10": {
            "loss": 0.9537125955569522,
            "acc": 0.6882154882154882
        }
    },
    "relationship": {
        " Husband": {
            "loss": 1.9674849752080832,
            "acc": 0.5277992277992278
        },
        " Not-in-family": {
            "loss": 0.7438195692813238,
            "acc": 0.7323529411764705
        },
        " Other-relative": {
            "loss": 0.4639105540447165,
            "acc": 0.7584269662921348
        },
        " Own-child": {
            "loss": 0.5016849457191384,
            "acc": 0.7526987242394504
        },
        " Unmarried": {
            "loss": 0.5850632468761429,
            "acc": 0.7578347578347578
        },
        " Wife": {
            "loss": 2.1159139766655986,
            "acc": 0.5124223602484472
        }
    },
    "race": {
        " Amer-Indian-Eskimo": {
            "loss": 0.6507149133847187,
            "acc": 0.6619718309859155
        },
        " Asian-Pac-Islander": {
            "loss": 1.709986955497247,
            "acc": 0.5699481865284974
        },
        " Black": {
            "loss": 0.8164361586718317,
            "acc": 0.7078464106844741
        },
        " Other": {
            "loss": 0.5198431323347906,
            "acc": 0.7222222222222222
        },
        " White": {
            "loss": 1.278649635719799,
            "acc": 0.6419377904898105
        }
    },
    "gender": {
        " Female": {
            "loss": 0.7849084884048085,
            "acc": 0.7209411764705882
        },
        " Male": {
            "loss": 1.4542135325599919,
            "acc": 0.6108071135430917
        }
    },
    "hours-per-week": {
        "1-35": {
            "loss": 0.6720467903391082,
            "acc": 0.7449962935507783
        },
        "35-40": {
            "loss": 1.066364188974373,
            "acc": 0.6600378787878788
        },
        "40-50": {
            "loss": 1.8554582269211286,
            "acc": 0.5696821515892421
        },
        "50-99": {
            "loss": 1.9356336067767974,
            "acc": 0.5423728813559322
        }
    }
}