{
    "age": {
        "17-26": {
            "loss": 0.4573476144250095,
            "acc": 0.7917808219178082
        },
        "26-33": {
            "loss": 1.0350519348018559,
            "acc": 0.7081545064377682
        },
        "33-41": {
            "loss": 1.5626278619326657,
            "acc": 0.6165413533834586
        },
        "41-50": {
            "loss": 1.8055491785303532,
            "acc": 0.5781499202551834
        },
        "50-90": {
            "loss": 1.6299738121695624,
            "acc": 0.6144393241167435
        }
    },
    "education": {
        " 10th": {
            "loss": 0.7282598049269527,
            "acc": 0.7377049180327869
        },
        " 11th": {
            "loss": 0.6424121588950715,
            "acc": 0.7377777777777778
        },
        " 12th": {
            "loss": 0.6742038502784884,
            "acc": 0.7551020408163265
        },
        " 1st-4th": {
            "loss": 0.2595395221708593,
            "acc": 0.8695652173913043
        },
        " 5th-6th": {
            "loss": 0.47378000063489667,
            "acc": 0.7903225806451613
        },
        " 7th-8th": {
            "loss": 0.46199312945020454,
            "acc": 0.7872340425531915
        },
        " 9th": {
            "loss": 0.44734618726319875,
            "acc": 0.8
        },
        " Assoc-acdm": {
            "loss": 1.0488995754297827,
            "acc": 0.7121212121212122
        },
        " Assoc-voc": {
            "loss": 1.2575666480186225,
            "acc": 0.6776556776556777
        },
        " Bachelors": {
            "loss": 2.0452753922189606,
            "acc": 0.5475285171102662
        },
        " Doctorate": {
            "loss": 3.3600213861262107,
            "acc": 0.35064935064935066
        },
        " HS-grad": {
            "loss": 0.9844687207035931,
            "acc": 0.7116122840690979
        },
        " Masters": {
            "loss": 2.6849960746544137,
            "acc": 0.46612466124661245
        },
        " Preschool": {
            "loss": 0.4481481648035984,
            "acc": 0.7
        },
        " Prof-school": {
            "loss": 3.365883427329938,
            "acc": 0.35344827586206895
        },
        " Some-college": {
            "loss": 0.9722271290756107,
            "acc": 0.705050505050505
        }
    },
    "education-num": {
        "1-9": {
            "loss": 0.8677083185350823,
            "acc": 0.7266235974158449
        },
        "10-13": {
            "loss": 1.7745420377272034,
            "acc": 0.5922521339461589
        },
        "13-16": {
            "loss": 2.9180207755328653,
            "acc": 0.42704626334519574
        },
        "9-10": {
            "loss": 0.9722271290756107,
            "acc": 0.705050505050505
        }
    },
    "relationship": {
        " Husband": {
            "loss": 2.0832043953227646,
            "acc": 0.5368868288914639
        },
        " Not-in-family": {
            "loss": 0.7358931806017065,
            "acc": 0.7530864197530864
        },
        " Other-relative": {
            "loss": 0.43337688295493443,
            "acc": 0.7865168539325843
        },
        " Own-child": {
            "loss": 0.46588441982427636,
            "acc": 0.7909715407262021
        },
        " Unmarried": {
            "loss": 0.5590997920801513,
            "acc": 0.782051282051282
        },
        " Wife": {
            "loss": 2.325176422657292,
            "acc": 0.4968944099378882
        }
    },
    "race": {
        " Amer-Indian-Eskimo": {
            "loss": 0.6716738347039279,
            "acc": 0.676056338028169
        },
        " Asian-Pac-Islander": {
            "loss": 1.7185211203669508,
            "acc": 0.578125
        },
        " Black": {
            "loss": 0.8175297721852061,
            "acc": 0.7312186978297162
        },
        " Other": {
            "loss": 0.48759754280512213,
            "acc": 0.7454545454545455
        },
        " White": {
            "loss": 1.3307256980745976,
            "acc": 0.6592777976403289
        }
    },
    "gender": {
        " Female": {
            "loss": 0.7914403514299694,
            "acc": 0.7431796801505174
        },
        " Male": {
            "loss": 1.517819946101906,
            "acc": 0.6262257696693273
        }
    },
    "hours-per-week": {
        "1-35": {
            "loss": 0.6408388507612178,
            "acc": 0.7768717568569311
        },
        "35-40": {
            "loss": 1.1143237133295056,
            "acc": 0.67739898989899
        },
        "40-50": {
            "loss": 1.961763912198111,
            "acc": 0.5810920945395273
        },
        "50-99": {
            "loss": 2.0032453676989816,
            "acc": 0.546284224250326
        }
    }
}