{
    "age": {
        "17-26": {
            "loss": 0.3049697151716565,
            "acc": 0.85
        },
        "26-33": {
            "loss": 0.2911738989509384,
            "acc": 0.8513745704467354
        },
        "33-41": {
            "loss": 0.29579947051527344,
            "acc": 0.8548872180451128
        },
        "41-50": {
            "loss": 0.29953806477240613,
            "acc": 0.8588516746411483
        },
        "50-90": {
            "loss": 0.2860220383752973,
            "acc": 0.8609831029185868
        }
    },
    "education": {
        " 10th": {
            "loss": 0.3270238445617023,
            "acc": 0.8524590163934426
        },
        " 11th": {
            "loss": 0.30618379454077527,
            "acc": 0.88
        },
        " 12th": {
            "loss": 0.35054776575908797,
            "acc": 0.8163265306122449
        },
        " 1st-4th": {
            "loss": 0.22406937580390873,
            "acc": 0.8695652173913043
        },
        " 5th-6th": {
            "loss": 0.2372016891894076,
            "acc": 0.8548387096774194
        },
        " 7th-8th": {
            "loss": 0.25370365464337585,
            "acc": 0.900709219858156
        },
        " 9th": {
            "loss": 0.2860140398830228,
            "acc": 0.8782608695652174
        },
        " Assoc-acdm": {
            "loss": 0.31962206242534125,
            "acc": 0.8383838383838383
        },
        " Assoc-voc": {
            "loss": 0.2719208082273732,
            "acc": 0.8644688644688645
        },
        " Bachelors": {
            "loss": 0.3030245356876298,
            "acc": 0.8534728829686014
        },
        " Doctorate": {
            "loss": 0.3362303555296716,
            "acc": 0.8441558441558441
        },
        " HS-grad": {
            "loss": 0.2937396675279818,
            "acc": 0.845489443378119
        },
        " Masters": {
            "loss": 0.26955050602246894,
            "acc": 0.8699186991869918
        },
        " Preschool": {
            "loss": 0.38814834031373124,
            "acc": 0.8
        },
        " Prof-school": {
            "loss": 0.2755335172833944,
            "acc": 0.8706896551724138
        },
        " Some-college": {
            "loss": 0.2994299988015595,
            "acc": 0.8592592592592593
        }
    },
    "education-num": {
        "1-9": {
            "loss": 0.2950184560240756,
            "acc": 0.851751105066304
        },
        "10-13": {
            "loss": 0.29960468857686556,
            "acc": 0.8534822601839684
        },
        "13-16": {
            "loss": 0.27992128488069296,
            "acc": 0.8665480427046264
        },
        "9-10": {
            "loss": 0.2994299988015595,
            "acc": 0.8592592592592593
        }
    },
    "relationship": {
        " Husband": {
            "loss": 0.29302666053606685,
            "acc": 0.8586326767091541
        },
        " Not-in-family": {
            "loss": 0.2886278090709588,
            "acc": 0.8547058823529412
        },
        " Other-relative": {
            "loss": 0.2021143965238212,
            "acc": 0.9157303370786517
        },
        " Own-child": {
            "loss": 0.32770617792793544,
            "acc": 0.8400392541707556
        },
        " Unmarried": {
            "loss": 0.3001250500555288,
            "acc": 0.8547008547008547
        },
        " Wife": {
            "loss": 0.297226344493063,
            "acc": 0.84472049689441
        }
    },
    "race": {
        " Amer-Indian-Eskimo": {
            "loss": 0.27788261232134814,
            "acc": 0.8450704225352113
        },
        " Asian-Pac-Islander": {
            "loss": 0.25706080724459757,
            "acc": 0.890625
        },
        " Black": {
            "loss": 0.3066770164495622,
            "acc": 0.8464106844741235
        },
        " Other": {
            "loss": 0.29177348156211225,
            "acc": 0.8727272727272727
        },
        " White": {
            "loss": 0.29622465773271395,
            "acc": 0.8548185231539425
        }
    },
    "gender": {
        " Female": {
            "loss": 0.30079830305348454,
            "acc": 0.8545882352941176
        },
        " Male": {
            "loss": 0.29336842223840337,
            "acc": 0.8554161915621437
        }
    },
    "hours-per-week": {
        "1-35": {
            "loss": 0.27570863404282775,
            "acc": 0.8754633061527057
        },
        "35-40": {
            "loss": 0.31017504263234225,
            "acc": 0.8443321755604674
        },
        "40-50": {
            "loss": 0.282934585822236,
            "acc": 0.8590057049714751
        },
        "50-99": {
            "loss": 0.2923088414077903,
            "acc": 0.8578878748370273
        }
    }
}