{
    "forget_x": [
        1,
        0,
        0,
        0,
        0,
        0,
        0,
        0,
        0,
        0,
        0,
        0,
        0,
        0,
        1,
        0,
        0,
        0,
        0,
        0,
        0,
        0,
        1,
        0,
        0,
        0,
        1,
        0,
        0,
        0,
        0,
        0,
        0,
        0,
        0,
        1,
        0,
        1,
        0,
        1,
        0,
        0
    ],
    "forget_y": 0,
    "sample": {
        "age": "33-41",
        "education": " Bachelors",
        "education-num": "10-13",
        "relationship": " Husband",
        "race": " Asian-Pac-Islander",
        "gender": " Male",
        "hours-per-week": "35-40",
        "income": ">=50k"
    },
    "performance": {
        "age": {
            "17-26": {
                "loss": 0.3038412705924848,
                "acc": 0.8452054794520548
            },
            "26-33": {
                "loss": 0.3023070211349004,
                "acc": 0.8513745704467354
            },
            "33-41": {
                "loss": 0.306514395238892,
                "acc": 0.8398496240601504
            },
            "41-50": {
                "loss": 0.3028076370674229,
                "acc": 0.8588516746411483
            },
            "50-90": {
                "loss": 0.2933933184468217,
                "acc": 0.8540706605222734
            }
        },
        "education": {
            " 10th": {
                "loss": 0.3421393156502248,
                "acc": 0.8469945355191257
            },
            " 11th": {
                "loss": 0.30641927470997765,
                "acc": 0.8622222222222222
            },
            " 12th": {
                "loss": 0.36642690685186663,
                "acc": 0.826530612244898
            },
            " 1st-4th": {
                "loss": 0.24843406200119725,
                "acc": 0.9130434782608695
            },
            " 5th-6th": {
                "loss": 0.24394436481559068,
                "acc": 0.8709677419354839
            },
            " 7th-8th": {
                "loss": 0.26645092693895067,
                "acc": 0.8652482269503546
            },
            " 9th": {
                "loss": 0.2827224935879464,
                "acc": 0.8869565217391304
            },
            " Assoc-acdm": {
                "loss": 0.33225688331921427,
                "acc": 0.8181818181818182
            },
            " Assoc-voc": {
                "loss": 0.2818454196023229,
                "acc": 0.8608058608058609
            },
            " Bachelors": {
                "loss": 0.3083396559124041,
                "acc": 0.8411037107516651
            },
            " Doctorate": {
                "loss": 0.3441308960442012,
                "acc": 0.8311688311688312
            },
            " HS-grad": {
                "loss": 0.29601769933759997,
                "acc": 0.8469289827255279
            },
            " Masters": {
                "loss": 0.2773082418307232,
                "acc": 0.8644986449864499
            },
            " Preschool": {
                "loss": 0.4016856943424843,
                "acc": 0.8
            },
            " Prof-school": {
                "loss": 0.2769129492143125,
                "acc": 0.8793103448275862
            },
            " Some-college": {
                "loss": 0.30830281169556234,
                "acc": 0.8505050505050505
            }
        },
        "education-num": {
            "1-9": {
                "loss": 0.29898150707711646,
                "acc": 0.8507310438626318
            },
            "10-13": {
                "loss": 0.3066988441606927,
                "acc": 0.8416557161629435
            },
            "13-16": {
                "loss": 0.28638206822028595,
                "acc": 0.8629893238434164
            },
            "9-10": {
                "loss": 0.30830281169556234,
                "acc": 0.8505050505050505
            }
        },
        "relationship": {
            " Husband": {
                "loss": 0.2994494090060871,
                "acc": 0.8555426805716493
            },
            " Not-in-family": {
                "loss": 0.30079209253234673,
                "acc": 0.8452941176470589
            },
            " Other-relative": {
                "loss": 0.21967611002199955,
                "acc": 0.8820224719101124
            },
            " Own-child": {
                "loss": 0.32209703451944693,
                "acc": 0.8282630029440629
            },
            " Unmarried": {
                "loss": 0.3050039248626815,
                "acc": 0.8575498575498576
            },
            " Wife": {
                "loss": 0.30069438695497436,
                "acc": 0.8571428571428571
            }
        },
        "race": {
            " Amer-Indian-Eskimo": {
                "loss": 0.30342035487426666,
                "acc": 0.8309859154929577
            },
            " Asian-Pac-Islander": {
                "loss": 0.25265508672481224,
                "acc": 0.890625
            },
            " Black": {
                "loss": 0.3223400081142714,
                "acc": 0.8363939899833055
            },
            " Other": {
                "loss": 0.2783143546891299,
                "acc": 0.8727272727272727
            },
            " White": {
                "loss": 0.3015260280025935,
                "acc": 0.8496334704094404
            }
        },
        "gender": {
            " Female": {
                "loss": 0.30718229262769003,
                "acc": 0.8451764705882353
            },
            " Male": {
                "loss": 0.29922788574691944,
                "acc": 0.8517673888255416
            }
        },
        "hours-per-week": {
            "1-35": {
                "loss": 0.2819301873395039,
                "acc": 0.8636026686434396
            },
            "35-40": {
                "loss": 0.31299460542257207,
                "acc": 0.8421218819071676
            },
            "40-50": {
                "loss": 0.29064995805671046,
                "acc": 0.8533007334963325
            },
            "50-99": {
                "loss": 0.3085676847512709,
                "acc": 0.8500651890482399
            }
        }
    }
}