{
    "age": {
        "17-26": {
            "loss": 0.30103435076739243,
            "acc": 0.8609589041095891
        },
        "26-33": {
            "loss": 0.2905833145841779,
            "acc": 0.845360824742268
        },
        "33-41": {
            "loss": 0.29500387689470603,
            "acc": 0.8527422990232908
        },
        "41-50": {
            "loss": 0.29585715771701343,
            "acc": 0.8587390263367917
        },
        "50-90": {
            "loss": 0.2908666752125234,
            "acc": 0.858678955453149
        }
    },
    "education": {
        " 10th": {
            "loss": 0.3421487969642519,
            "acc": 0.8360655737704918
        },
        " 11th": {
            "loss": 0.3020288123468722,
            "acc": 0.8622222222222222
        },
        " 12th": {
            "loss": 0.32104833149225126,
            "acc": 0.826530612244898
        },
        " 1st-4th": {
            "loss": 0.23244656462122953,
            "acc": 0.8695652173913043
        },
        " 5th-6th": {
            "loss": 0.24137780358044744,
            "acc": 0.8709677419354839
        },
        " 7th-8th": {
            "loss": 0.2657016648024577,
            "acc": 0.8936170212765957
        },
        " 9th": {
            "loss": 0.28193417600328075,
            "acc": 0.8608695652173913
        },
        " Assoc-acdm": {
            "loss": 0.31878062407896113,
            "acc": 0.8535353535353535
        },
        " Assoc-voc": {
            "loss": 0.2779371667331665,
            "acc": 0.8791208791208791
        },
        " Bachelors": {
            "loss": 0.2952543280991746,
            "acc": 0.8593155893536122
        },
        " Doctorate": {
            "loss": 0.31578648005258686,
            "acc": 0.8441558441558441
        },
        " HS-grad": {
            "loss": 0.2936218182843863,
            "acc": 0.8488483685220729
        },
        " Masters": {
            "loss": 0.27286442305864084,
            "acc": 0.8644986449864499
        },
        " Preschool": {
            "loss": 0.42862512470264125,
            "acc": 0.8
        },
        " Prof-school": {
            "loss": 0.279455445598915,
            "acc": 0.8706896551724138
        },
        " Some-college": {
            "loss": 0.2994405422741505,
            "acc": 0.8544474393530997
        }
    },
    "education-num": {
        "1-9": {
            "loss": 0.2952820909371751,
            "acc": 0.8514110846650799
        },
        "10-13": {
            "loss": 0.29520877429160897,
            "acc": 0.8621142481943532
        },
        "13-16": {
            "loss": 0.28010562769067937,
            "acc": 0.8629893238434164
        },
        "9-10": {
            "loss": 0.2994405422741505,
            "acc": 0.8544474393530997
        }
    },
    "relationship": {
        " Husband": {
            "loss": 0.2934263754693018,
            "acc": 0.8567567567567568
        },
        " Not-in-family": {
            "loss": 0.28594796326866423,
            "acc": 0.8588235294117647
        },
        " Other-relative": {
            "loss": 0.2084570731948277,
            "acc": 0.9325842696629213
        },
        " Own-child": {
            "loss": 0.32204992325321136,
            "acc": 0.8429833169774289
        },
        " Unmarried": {
            "loss": 0.29885641263679924,
            "acc": 0.8502139800285307
        },
        " Wife": {
            "loss": 0.3073238946740311,
            "acc": 0.8385093167701864
        }
    },
    "race": {
        " Amer-Indian-Eskimo": {
            "loss": 0.29608975961669076,
            "acc": 0.8169014084507042
        },
        " Asian-Pac-Islander": {
            "loss": 0.2542143751528901,
            "acc": 0.8963730569948186
        },
        " Black": {
            "loss": 0.2983996736003264,
            "acc": 0.8461538461538461
        },
        " Other": {
            "loss": 0.3232247543000321,
            "acc": 0.8545454545454545
        },
        " White": {
            "loss": 0.2956393002954705,
            "acc": 0.8557124977650634
        }
    },
    "gender": {
        " Female": {
            "loss": 0.2999542009383489,
            "acc": 0.8540489642184558
        },
        " Male": {
            "loss": 0.2924564517547428,
            "acc": 0.8563611491108071
        }
    },
    "hours-per-week": {
        "1-35": {
            "loss": 0.27899624910400317,
            "acc": 0.8710155670867309
        },
        "35-40": {
            "loss": 0.3066242575300344,
            "acc": 0.847489737922324
        },
        "40-50": {
            "loss": 0.2805836654017966,
            "acc": 0.8573757131214343
        },
        "50-99": {
            "loss": 0.2973867002639237,
            "acc": 0.8591916558018253
        }
    }
}