{
    "forget_x": [
        0,
        0,
        0,
        1,
        0,
        0,
        0,
        0,
        0,
        0,
        0,
        0,
        0,
        0,
        0,
        0,
        0,
        0,
        0,
        0,
        1,
        0,
        0,
        0,
        1,
        0,
        0,
        0,
        1,
        0,
        0,
        0,
        0,
        0,
        0,
        1,
        0,
        1,
        0,
        1,
        0,
        0
    ],
    "forget_y": 0,
    "sample": {
        "age": "41-50",
        "education": " Some-college",
        "education-num": "9-10",
        "relationship": " Unmarried",
        "race": " Black",
        "gender": " Female",
        "hours-per-week": "35-40",
        "income": "<50k"
    },
    "performance": {
        "age": {
            "17-26": {
                "loss": 0.30394710805196684,
                "acc": 0.8595890410958904
            },
            "26-33": {
                "loss": 0.2944979230044731,
                "acc": 0.8496563573883161
            },
            "33-41": {
                "loss": 0.30042662665936665,
                "acc": 0.8527422990232908
            },
            "41-50": {
                "loss": 0.29914616965178337,
                "acc": 0.8571428571428571
            },
            "50-90": {
                "loss": 0.2941050531971416,
                "acc": 0.8594470046082949
            }
        },
        "education": {
            " 10th": {
                "loss": 0.3410671699829978,
                "acc": 0.8469945355191257
            },
            " 11th": {
                "loss": 0.30144638387002787,
                "acc": 0.8577777777777778
            },
            " 12th": {
                "loss": 0.35769244806343553,
                "acc": 0.8061224489795918
            },
            " 1st-4th": {
                "loss": 0.25146362168628394,
                "acc": 0.8695652173913043
            },
            " 5th-6th": {
                "loss": 0.25338471276560104,
                "acc": 0.8709677419354839
            },
            " 7th-8th": {
                "loss": 0.2608864717568674,
                "acc": 0.8936170212765957
            },
            " 9th": {
                "loss": 0.29553183806694755,
                "acc": 0.8434782608695652
            },
            " Assoc-acdm": {
                "loss": 0.30625757792703795,
                "acc": 0.8383838383838383
            },
            " Assoc-voc": {
                "loss": 0.27294157057101903,
                "acc": 0.8681318681318682
            },
            " Bachelors": {
                "loss": 0.30158459916448205,
                "acc": 0.8593155893536122
            },
            " Doctorate": {
                "loss": 0.3303164415383764,
                "acc": 0.8441558441558441
            },
            " HS-grad": {
                "loss": 0.29747322023666345,
                "acc": 0.8536468330134357
            },
            " Masters": {
                "loss": 0.27224512280412333,
                "acc": 0.8726287262872628
            },
            " Preschool": {
                "loss": 0.430625836229033,
                "acc": 0.7
            },
            " Prof-school": {
                "loss": 0.28746820210067814,
                "acc": 0.853448275862069
            },
            " Some-college": {
                "loss": 0.3037218650072083,
                "acc": 0.855121293800539
            }
        },
        "education-num": {
            "1-9": {
                "loss": 0.2998298902104821,
                "acc": 0.8534512070724244
            },
            "10-13": {
                "loss": 0.2970578118952574,
                "acc": 0.8581746552856205
            },
            "13-16": {
                "loss": 0.28334364369547177,
                "acc": 0.8647686832740213
            },
            "9-10": {
                "loss": 0.3037218650072083,
                "acc": 0.855121293800539
            }
        },
        "relationship": {
            " Husband": {
                "loss": 0.2968469273104603,
                "acc": 0.8586872586872587
            },
            " Not-in-family": {
                "loss": 0.29372781106869633,
                "acc": 0.8564705882352941
            },
            " Other-relative": {
                "loss": 0.21018606702232,
                "acc": 0.9269662921348315
            },
            " Own-child": {
                "loss": 0.3278261580187714,
                "acc": 0.8390578999018645
            },
            " Unmarried": {
                "loss": 0.2933677322607124,
                "acc": 0.8601997146932953
            },
            " Wife": {
                "loss": 0.30711662806309936,
                "acc": 0.8354037267080745
            }
        },
        "race": {
            " Amer-Indian-Eskimo": {
                "loss": 0.2912362948023368,
                "acc": 0.8309859154929577
            },
            " Asian-Pac-Islander": {
                "loss": 0.26273209667211395,
                "acc": 0.8808290155440415
            },
            " Black": {
                "loss": 0.2947679002138468,
                "acc": 0.8561872909698997
            },
            " Other": {
                "loss": 0.3353582381138095,
                "acc": 0.8363636363636363
            },
            " White": {
                "loss": 0.3000322100912241,
                "acc": 0.8555337028428392
            }
        },
        "gender": {
            " Female": {
                "loss": 0.3035692595025331,
                "acc": 0.85075329566855
            },
            " Male": {
                "loss": 0.29626083512760326,
                "acc": 0.8584131326949385
            }
        },
        "hours-per-week": {
            "1-35": {
                "loss": 0.2805537987746964,
                "acc": 0.8717568569310601
            },
            "35-40": {
                "loss": 0.312053638836217,
                "acc": 0.846542469213767
            },
            "40-50": {
                "loss": 0.2864304936364912,
                "acc": 0.8614506927465363
            },
            "50-99": {
                "loss": 0.29464141541032013,
                "acc": 0.8578878748370273
            }
        }
    }
}