{
    "age": {
        "17-26": {
            "loss": 0.5182851937605034,
            "acc": 0.7335616438356164
        },
        "26-33": {
            "loss": 0.9986911902791636,
            "acc": 0.6755364806866953
        },
        "33-41": {
            "loss": 1.4446754224560214,
            "acc": 0.5965439519158527
        },
        "41-50": {
            "loss": 1.6185285207873932,
            "acc": 0.5586592178770949
        },
        "50-90": {
            "loss": 1.502168736595892,
            "acc": 0.5937019969278033
        }
    },
    "education": {
        " 10th": {
            "loss": 0.7204056791210584,
            "acc": 0.6557377049180327
        },
        " 11th": {
            "loss": 0.7118485961376182,
            "acc": 0.6933333333333334
        },
        " 12th": {
            "loss": 0.6787617283363071,
            "acc": 0.7448979591836735
        },
        " 1st-4th": {
            "loss": 0.34969603458244847,
            "acc": 0.8695652173913043
        },
        " 5th-6th": {
            "loss": 0.5751746692391575,
            "acc": 0.7258064516129032
        },
        " 7th-8th": {
            "loss": 0.49791642628678673,
            "acc": 0.7163120567375887
        },
        " 9th": {
            "loss": 0.5075556495122208,
            "acc": 0.7478260869565218
        },
        " Assoc-acdm": {
            "loss": 1.0050360699503014,
            "acc": 0.6666666666666666
        },
        " Assoc-voc": {
            "loss": 1.1951731052673822,
            "acc": 0.652014652014652
        },
        " Bachelors": {
            "loss": 1.8357244370228016,
            "acc": 0.5375118708452041
        },
        " Doctorate": {
            "loss": 3.0040106357222607,
            "acc": 0.36363636363636365
        },
        " HS-grad": {
            "loss": 0.9547870530356436,
            "acc": 0.6732245681381958
        },
        " Masters": {
            "loss": 2.3804164377206662,
            "acc": 0.45799457994579945
        },
        " Preschool": {
            "loss": 0.6295164243523985,
            "acc": 0.5
        },
        " Prof-school": {
            "loss": 2.773594490903262,
            "acc": 0.3879310344827586
        },
        " Some-college": {
            "loss": 0.9503293137574497,
            "acc": 0.6725067385444744
        }
    },
    "education-num": {
        "1-9": {
            "loss": 0.859187065503382,
            "acc": 0.6831009860591636
        },
        "10-13": {
            "loss": 1.613055926360343,
            "acc": 0.5748031496062992
        },
        "13-16": {
            "loss": 2.547009689349321,
            "acc": 0.4306049822064057
        },
        "9-10": {
            "loss": 0.9503293137574497,
            "acc": 0.6725067385444744
        }
    },
    "relationship": {
        " Husband": {
            "loss": 1.8877291536876184,
            "acc": 0.5266409266409267
        },
        " Not-in-family": {
            "loss": 0.7382921849948108,
            "acc": 0.7131099353321576
        },
        " Other-relative": {
            "loss": 0.47308050005931535,
            "acc": 0.7415730337078652
        },
        " Own-child": {
            "loss": 0.5270097403573971,
            "acc": 0.7271835132482827
        },
        " Unmarried": {
            "loss": 0.5900252397915459,
            "acc": 0.7261055634807418
        },
        " Wife": {
            "loss": 2.0092611061902783,
            "acc": 0.515527950310559
        }
    },
    "race": {
        " Amer-Indian-Eskimo": {
            "loss": 0.6290083571588447,
            "acc": 0.6619718309859155
        },
        " Asian-Pac-Islander": {
            "loss": 1.6516635031017477,
            "acc": 0.5699481865284974
        },
        " Black": {
            "loss": 0.8128011544479098,
            "acc": 0.6806020066889632
        },
        " Other": {
            "loss": 0.5155055323715885,
            "acc": 0.7090909090909091
        },
        " White": {
            "loss": 1.2422302456831933,
            "acc": 0.6296031462281015
        }
    },
    "gender": {
        " Female": {
            "loss": 0.7768601656535407,
            "acc": 0.699764705882353
        },
        " Male": {
            "loss": 1.4081273794881923,
            "acc": 0.6014591883264934
        }
    },
    "hours-per-week": {
        "1-35": {
            "loss": 0.6617011846396201,
            "acc": 0.7286879169755375
        },
        "35-40": {
            "loss": 1.0532268119695571,
            "acc": 0.6448863636363636
        },
        "40-50": {
            "loss": 1.7822011503390989,
            "acc": 0.5599022004889975
        },
        "50-99": {
            "loss": 1.8394475731218998,
            "acc": 0.5371577574967406
        }
    }
}