{
    "age": {
        "17-26": {
            "loss": 0.303686144114768,
            "acc": 0.8602739726027397
        },
        "26-33": {
            "loss": 0.2964356465849954,
            "acc": 0.8479381443298969
        },
        "33-41": {
            "loss": 0.30009128475088537,
            "acc": 0.850375939849624
        },
        "41-50": {
            "loss": 0.29840095887297247,
            "acc": 0.8524720893141946
        },
        "50-90": {
            "loss": 0.29527372285758025,
            "acc": 0.8563748079877113
        }
    },
    "education": {
        " 10th": {
            "loss": 0.33621158830253345,
            "acc": 0.8469945355191257
        },
        " 11th": {
            "loss": 0.3043616297437069,
            "acc": 0.8488888888888889
        },
        " 12th": {
            "loss": 0.35856762850878354,
            "acc": 0.8061224489795918
        },
        " 1st-4th": {
            "loss": 0.2505666980616078,
            "acc": 0.8695652173913043
        },
        " 5th-6th": {
            "loss": 0.24825715667763806,
            "acc": 0.8709677419354839
        },
        " 7th-8th": {
            "loss": 0.2609943452667784,
            "acc": 0.900709219858156
        },
        " 9th": {
            "loss": 0.28859453721616096,
            "acc": 0.8695652173913043
        },
        " Assoc-acdm": {
            "loss": 0.3100176471997458,
            "acc": 0.8333333333333334
        },
        " Assoc-voc": {
            "loss": 0.26895068776878034,
            "acc": 0.8717948717948718
        },
        " Bachelors": {
            "loss": 0.29931745438660046,
            "acc": 0.8610846812559467
        },
        " Doctorate": {
            "loss": 0.3373772916616691,
            "acc": 0.8441558441558441
        },
        " HS-grad": {
            "loss": 0.2992195671748028,
            "acc": 0.8464491362763915
        },
        " Masters": {
            "loss": 0.2703705184264053,
            "acc": 0.8834688346883469
        },
        " Preschool": {
            "loss": 0.3791650908140941,
            "acc": 0.8
        },
        " Prof-school": {
            "loss": 0.29601525066527007,
            "acc": 0.8362068965517241
        },
        " Some-college": {
            "loss": 0.3050954524978782,
            "acc": 0.8511784511784511
        }
    },
    "education-num": {
        "1-9": {
            "loss": 0.3004612363406641,
            "acc": 0.8493709622577355
        },
        "10-13": {
            "loss": 0.29526259951822886,
            "acc": 0.859395532194481
        },
        "13-16": {
            "loss": 0.2848443804883691,
            "acc": 0.8683274021352313
        },
        "9-10": {
            "loss": 0.3050954524978782,
            "acc": 0.8511784511784511
        }
    },
    "relationship": {
        " Husband": {
            "loss": 0.2978379885037056,
            "acc": 0.8544401544401544
        },
        " Not-in-family": {
            "loss": 0.2942202768089331,
            "acc": 0.8552941176470589
        },
        " Other-relative": {
            "loss": 0.22085268848493353,
            "acc": 0.8983050847457628
        },
        " Own-child": {
            "loss": 0.3212629472549521,
            "acc": 0.845927379784102
        },
        " Unmarried": {
            "loss": 0.3001502042466814,
            "acc": 0.8518518518518519
        },
        " Wife": {
            "loss": 0.3026623852262994,
            "acc": 0.84472049689441
        }
    },
    "race": {
        " Amer-Indian-Eskimo": {
            "loss": 0.28116095553603027,
            "acc": 0.8169014084507042
        },
        " Asian-Pac-Islander": {
            "loss": 0.2735937513944952,
            "acc": 0.8756476683937824
        },
        " Black": {
            "loss": 0.29938520272949976,
            "acc": 0.8530884808013356
        },
        " Other": {
            "loss": 0.3362433624225972,
            "acc": 0.8363636363636363
        },
        " White": {
            "loss": 0.2996431184027265,
            "acc": 0.8537195994277539
        }
    },
    "gender": {
        " Female": {
            "loss": 0.30318036926905423,
            "acc": 0.8508235294117648
        },
        " Male": {
            "loss": 0.2969069958133893,
            "acc": 0.855188141391106
        }
    },
    "hours-per-week": {
        "1-35": {
            "loss": 0.2836245939222297,
            "acc": 0.8673091178650852
        },
        "35-40": {
            "loss": 0.3117950141864143,
            "acc": 0.8452794442690243
        },
        "40-50": {
            "loss": 0.28423823082084904,
            "acc": 0.8606356968215159
        },
        "50-99": {
            "loss": 0.29644167534785515,
            "acc": 0.8539765319426337
        }
    }
}