{
    "forget_x": [
        0,
        0,
        1,
        0,
        0,
        0,
        0,
        0,
        0,
        0,
        0,
        0,
        0,
        1,
        0,
        0,
        0,
        0,
        0,
        0,
        0,
        0,
        1,
        0,
        0,
        1,
        0,
        0,
        0,
        0,
        0,
        0,
        0,
        0,
        0,
        1,
        0,
        1,
        0,
        1,
        0,
        0
    ],
    "forget_y": 1,
    "sample": {
        "age": "33-41",
        "education": " Bachelors",
        "education-num": "10-13",
        "relationship": " Other-relative",
        "race": " White",
        "gender": " Male",
        "hours-per-week": "35-40",
        "income": "<50k"
    },
    "performance": {
        "age": {
            "17-26": {
                "loss": 0.3054950015797514,
                "acc": 0.8534246575342466
            },
            "26-33": {
                "loss": 0.30053264593478146,
                "acc": 0.8445017182130584
            },
            "33-41": {
                "loss": 0.3017305631776512,
                "acc": 0.8548872180451128
            },
            "41-50": {
                "loss": 0.3049946470540935,
                "acc": 0.8556618819776715
            },
            "50-90": {
                "loss": 0.29729924932763324,
                "acc": 0.857910906298003
            }
        },
        "education": {
            " 10th": {
                "loss": 0.33898922303297324,
                "acc": 0.8524590163934426
            },
            " 11th": {
                "loss": 0.30902927003370173,
                "acc": 0.8533333333333334
            },
            " 12th": {
                "loss": 0.35784270944382524,
                "acc": 0.8163265306122449
            },
            " 1st-4th": {
                "loss": 0.23103079113852282,
                "acc": 0.8695652173913043
            },
            " 5th-6th": {
                "loss": 0.2527902278747681,
                "acc": 0.8548387096774194
            },
            " 7th-8th": {
                "loss": 0.27805156221430105,
                "acc": 0.8794326241134752
            },
            " 9th": {
                "loss": 0.286502500699964,
                "acc": 0.8608695652173913
            },
            " Assoc-acdm": {
                "loss": 0.3064712516430618,
                "acc": 0.8535353535353535
            },
            " Assoc-voc": {
                "loss": 0.2822555872045335,
                "acc": 0.8571428571428571
            },
            " Bachelors": {
                "loss": 0.30512495450975613,
                "acc": 0.8496669838249287
            },
            " Doctorate": {
                "loss": 0.339633538692329,
                "acc": 0.8571428571428571
            },
            " HS-grad": {
                "loss": 0.29907772999257376,
                "acc": 0.8522072936660269
            },
            " Masters": {
                "loss": 0.280744518394249,
                "acc": 0.8563685636856369
            },
            " Preschool": {
                "loss": 0.43205266020742633,
                "acc": 0.8
            },
            " Prof-school": {
                "loss": 0.3012232024148397,
                "acc": 0.853448275862069
            },
            " Some-college": {
                "loss": 0.30720941042460637,
                "acc": 0.8558922558922559
            }
        },
        "education-num": {
            "1-9": {
                "loss": 0.3017250850669314,
                "acc": 0.8527711662699762
            },
            "10-13": {
                "loss": 0.3011980356911415,
                "acc": 0.8515111695137977
            },
            "13-16": {
                "loss": 0.29303985986994385,
                "acc": 0.8558718861209964
            },
            "9-10": {
                "loss": 0.30720941042460637,
                "acc": 0.8558922558922559
            }
        },
        "relationship": {
            " Husband": {
                "loss": 0.3025167908688352,
                "acc": 0.8548262548262548
            },
            " Not-in-family": {
                "loss": 0.29394915447809844,
                "acc": 0.8558823529411764
            },
            " Other-relative": {
                "loss": 0.22573318008549417,
                "acc": 0.8926553672316384
            },
            " Own-child": {
                "loss": 0.3258325136024074,
                "acc": 0.844946025515211
            },
            " Unmarried": {
                "loss": 0.30149358314360436,
                "acc": 0.8475783475783476
            },
            " Wife": {
                "loss": 0.31003916355703964,
                "acc": 0.8478260869565217
            }
        },
        "race": {
            " Amer-Indian-Eskimo": {
                "loss": 0.28612629946999907,
                "acc": 0.8309859154929577
            },
            " Asian-Pac-Islander": {
                "loss": 0.2599967665921975,
                "acc": 0.8911917098445595
            },
            " Black": {
                "loss": 0.29909167676000875,
                "acc": 0.8564273789649416
            },
            " Other": {
                "loss": 0.34450615150742525,
                "acc": 0.8363636363636363
            },
            " White": {
                "loss": 0.30366472913168807,
                "acc": 0.8522889842632332
            }
        },
        "gender": {
            " Female": {
                "loss": 0.306298752533577,
                "acc": 0.8512941176470589
            },
            " Male": {
                "loss": 0.3000698773312113,
                "acc": 0.8545039908779931
            }
        },
        "hours-per-week": {
            "1-35": {
                "loss": 0.28051222394844993,
                "acc": 0.8747220163083765
            },
            "35-40": {
                "loss": 0.316576131422942,
                "acc": 0.8430691506157246
            },
            "40-50": {
                "loss": 0.2873441380284,
                "acc": 0.856560717196414
            },
            "50-99": {
                "loss": 0.303927517011016,
                "acc": 0.8539765319426337
            }
        }
    }
}