{
    "age": {
        "17-26": {
            "loss": 0.4955489656284732,
            "acc": 0.7582191780821917
        },
        "26-33": {
            "loss": 1.0206528873872165,
            "acc": 0.6875536480686695
        },
        "33-41": {
            "loss": 1.5162404401274092,
            "acc": 0.6007518796992481
        },
        "41-50": {
            "loss": 1.6966951126412648,
            "acc": 0.5709728867623605
        },
        "50-90": {
            "loss": 1.6213735795771567,
            "acc": 0.5998463901689708
        }
    },
    "education": {
        " 10th": {
            "loss": 0.6787796357576927,
            "acc": 0.6885245901639344
        },
        " 11th": {
            "loss": 0.6750303875705237,
            "acc": 0.6933333333333334
        },
        " 12th": {
            "loss": 0.6973149591197838,
            "acc": 0.7448979591836735
        },
        " 1st-4th": {
            "loss": 0.3131823848974906,
            "acc": 0.8695652173913043
        },
        " 5th-6th": {
            "loss": 0.5213121638419387,
            "acc": 0.7258064516129032
        },
        " 7th-8th": {
            "loss": 0.4843135399056209,
            "acc": 0.7446808510638298
        },
        " 9th": {
            "loss": 0.49099396932347716,
            "acc": 0.7739130434782608
        },
        " Assoc-acdm": {
            "loss": 1.0651289965564832,
            "acc": 0.6717171717171717
        },
        " Assoc-voc": {
            "loss": 1.2374524166398129,
            "acc": 0.652014652014652
        },
        " Bachelors": {
            "loss": 1.9902081058913275,
            "acc": 0.5437262357414449
        },
        " Doctorate": {
            "loss": 3.000758605127547,
            "acc": 0.37662337662337664
        },
        " HS-grad": {
            "loss": 0.9858768804228648,
            "acc": 0.6890595009596929
        },
        " Masters": {
            "loss": 2.5428726242904323,
            "acc": 0.4823848238482385
        },
        " Preschool": {
            "loss": 0.5142004293287645,
            "acc": 0.7
        },
        " Prof-school": {
            "loss": 3.184906234103456,
            "acc": 0.33620689655172414
        },
        " Some-college": {
            "loss": 0.9550017400923748,
            "acc": 0.6855218855218855
        }
    },
    "education-num": {
        "1-9": {
            "loss": 0.8733158327932782,
            "acc": 0.6994219653179191
        },
        "10-13": {
            "loss": 1.73500917823935,
            "acc": 0.5797767564018385
        },
        "13-16": {
            "loss": 2.7381272849003437,
            "acc": 0.4377224199288256
        },
        "9-10": {
            "loss": 0.9550017400923748,
            "acc": 0.6855218855218855
        }
    },
    "relationship": {
        " Husband": {
            "loss": 1.9903555169418379,
            "acc": 0.5293436293436293
        },
        " Not-in-family": {
            "loss": 0.744157178134209,
            "acc": 0.7295708406819518
        },
        " Other-relative": {
            "loss": 0.47764275500219644,
            "acc": 0.7570621468926554
        },
        " Own-child": {
            "loss": 0.50956638299615,
            "acc": 0.7536800785083415
        },
        " Unmarried": {
            "loss": 0.5896150430858194,
            "acc": 0.7492877492877493
        },
        " Wife": {
            "loss": 2.264947639175059,
            "acc": 0.5093167701863354
        }
    },
    "race": {
        " Amer-Indian-Eskimo": {
            "loss": 0.6548377414935583,
            "acc": 0.6619718309859155
        },
        " Asian-Pac-Islander": {
            "loss": 1.665758910028442,
            "acc": 0.5647668393782384
        },
        " Black": {
            "loss": 0.803773624531824,
            "acc": 0.7045075125208681
        },
        " Other": {
            "loss": 0.4905401519911733,
            "acc": 0.7272727272727273
        },
        " White": {
            "loss": 1.303669033098359,
            "acc": 0.6411585910960129
        }
    },
    "gender": {
        " Female": {
            "loss": 0.8097834660631509,
            "acc": 0.7182502351834431
        },
        " Male": {
            "loss": 1.4700675740032971,
            "acc": 0.610490307867731
        }
    },
    "hours-per-week": {
        "1-35": {
            "loss": 0.6652667100339479,
            "acc": 0.7464788732394366
        },
        "35-40": {
            "loss": 1.0874270425123937,
            "acc": 0.6571969696969697
        },
        "40-50": {
            "loss": 1.9037506834539277,
            "acc": 0.5672371638141809
        },
        "50-99": {
            "loss": 1.9420211339526887,
            "acc": 0.546284224250326
        }
    }
}