{
    "forget_x": [
        1,
        0,
        0,
        0,
        0,
        1,
        0,
        0,
        0,
        0,
        0,
        0,
        0,
        0,
        0,
        0,
        0,
        0,
        0,
        0,
        0,
        1,
        0,
        0,
        0,
        0,
        0,
        0,
        0,
        0,
        1,
        0,
        0,
        0,
        0,
        1,
        1,
        0,
        0,
        1,
        0,
        0
    ],
    "forget_y": 0,
    "sample": {
        "age": "50-90",
        "education": " 7th-8th",
        "education-num": "1-9",
        "relationship": " Husband",
        "race": " White",
        "gender": " Male",
        "hours-per-week": "40-50",
        "income": "<50k"
    },
    "performance": {
        "age": {
            "17-26": {
                "loss": 0.30618593527185783,
                "acc": 0.8568493150684932
            },
            "26-33": {
                "loss": 0.29388895406452886,
                "acc": 0.8462199312714777
            },
            "33-41": {
                "loss": 0.3027052651077672,
                "acc": 0.8489857250187829
            },
            "41-50": {
                "loss": 0.29578041165891783,
                "acc": 0.8588516746411483
            },
            "50-90": {
                "loss": 0.2929196955309934,
                "acc": 0.8585703305149884
            }
        },
        "education": {
            " 10th": {
                "loss": 0.3419353243580475,
                "acc": 0.8524590163934426
            },
            " 11th": {
                "loss": 0.29882780497470396,
                "acc": 0.8533333333333334
            },
            " 12th": {
                "loss": 0.3614429384738893,
                "acc": 0.8163265306122449
            },
            " 1st-4th": {
                "loss": 0.2504810311373787,
                "acc": 0.8695652173913043
            },
            " 5th-6th": {
                "loss": 0.24784299980984406,
                "acc": 0.8709677419354839
            },
            " 7th-8th": {
                "loss": 0.26230691482279334,
                "acc": 0.9071428571428571
            },
            " 9th": {
                "loss": 0.2969299524106352,
                "acc": 0.8521739130434782
            },
            " Assoc-acdm": {
                "loss": 0.3187467332896597,
                "acc": 0.8383838383838383
            },
            " Assoc-voc": {
                "loss": 0.2838602025215083,
                "acc": 0.8534798534798534
            },
            " Bachelors": {
                "loss": 0.3024453146387454,
                "acc": 0.8545627376425855
            },
            " Doctorate": {
                "loss": 0.32320205654146006,
                "acc": 0.8441558441558441
            },
            " HS-grad": {
                "loss": 0.2973021465305402,
                "acc": 0.8498080614203455
            },
            " Masters": {
                "loss": 0.2732513785292679,
                "acc": 0.8672086720867209
            },
            " Preschool": {
                "loss": 0.4096167567363104,
                "acc": 0.7
            },
            " Prof-school": {
                "loss": 0.2910970367400662,
                "acc": 0.8620689655172413
            },
            " Some-college": {
                "loss": 0.29956325355486585,
                "acc": 0.8565656565656565
            }
        },
        "education-num": {
            "1-9": {
                "loss": 0.29962684071124585,
                "acc": 0.8520408163265306
            },
            "10-13": {
                "loss": 0.30123319729460657,
                "acc": 0.8522652659225214
            },
            "13-16": {
                "loss": 0.28377860016519535,
                "acc": 0.8629893238434164
            },
            "9-10": {
                "loss": 0.29956325355486585,
                "acc": 0.8565656565656565
            }
        },
        "relationship": {
            " Husband": {
                "loss": 0.29680561045645304,
                "acc": 0.8574739281575898
            },
            " Not-in-family": {
                "loss": 0.2898261039494504,
                "acc": 0.8558823529411764
            },
            " Other-relative": {
                "loss": 0.22577765393853544,
                "acc": 0.9044943820224719
            },
            " Own-child": {
                "loss": 0.32239095282439634,
                "acc": 0.844946025515211
            },
            " Unmarried": {
                "loss": 0.30640384381977437,
                "acc": 0.8433048433048433
            },
            " Wife": {
                "loss": 0.30770705626131195,
                "acc": 0.8416149068322981
            }
        },
        "race": {
            " Amer-Indian-Eskimo": {
                "loss": 0.28335226463150015,
                "acc": 0.8309859154929577
            },
            " Asian-Pac-Islander": {
                "loss": 0.26282016170389755,
                "acc": 0.8911917098445595
            },
            " Black": {
                "loss": 0.29741754840711004,
                "acc": 0.8530884808013356
            },
            " Other": {
                "loss": 0.31671981706656216,
                "acc": 0.8363636363636363
            },
            " White": {
                "loss": 0.3000001918026395,
                "acc": 0.8533619456366237
            }
        },
        "gender": {
            " Female": {
                "loss": 0.30540141351775885,
                "acc": 0.8498823529411764
            },
            " Male": {
                "loss": 0.2953336538808052,
                "acc": 0.8561003420752565
            }
        },
        "hours-per-week": {
            "1-35": {
                "loss": 0.28117658160349485,
                "acc": 0.8732394366197183
            },
            "35-40": {
                "loss": 0.3116769216122275,
                "acc": 0.8440656565656566
            },
            "40-50": {
                "loss": 0.283098459586815,
                "acc": 0.8588907014681892
            },
            "50-99": {
                "loss": 0.30017948929396954,
                "acc": 0.8539765319426337
            }
        }
    }
}