{
    "age": {
        "17-26": {
            "loss": 0.3031581800316608,
            "acc": 0.8616438356164383
        },
        "26-33": {
            "loss": 0.2930277276248305,
            "acc": 0.8462199312714777
        },
        "33-41": {
            "loss": 0.2988570777780819,
            "acc": 0.8519909842223892
        },
        "41-50": {
            "loss": 0.29162433228292267,
            "acc": 0.8620414673046252
        },
        "50-90": {
            "loss": 0.28892134842159295,
            "acc": 0.862413528055342
        }
    },
    "education": {
        " 10th": {
            "loss": 0.33815527482153657,
            "acc": 0.8524590163934426
        },
        " 11th": {
            "loss": 0.3072511669440462,
            "acc": 0.8533333333333334
        },
        " 12th": {
            "loss": 0.3605605872138394,
            "acc": 0.8163265306122449
        },
        " 1st-4th": {
            "loss": 0.269842569499869,
            "acc": 0.8695652173913043
        },
        " 5th-6th": {
            "loss": 0.23562352199700765,
            "acc": 0.8709677419354839
        },
        " 7th-8th": {
            "loss": 0.2569872925296599,
            "acc": 0.9071428571428571
        },
        " 9th": {
            "loss": 0.29894694346787315,
            "acc": 0.8608695652173913
        },
        " Assoc-acdm": {
            "loss": 0.3013346849601808,
            "acc": 0.8535353535353535
        },
        " Assoc-voc": {
            "loss": 0.2852961948630021,
            "acc": 0.8644688644688645
        },
        " Bachelors": {
            "loss": 0.29516045101962574,
            "acc": 0.8621673003802282
        },
        " Doctorate": {
            "loss": 0.32358200049015373,
            "acc": 0.8441558441558441
        },
        " HS-grad": {
            "loss": 0.29268655590491965,
            "acc": 0.8512476007677543
        },
        " Masters": {
            "loss": 0.27326255515839165,
            "acc": 0.8699186991869918
        },
        " Preschool": {
            "loss": 0.4302366115781293,
            "acc": 0.7
        },
        " Prof-school": {
            "loss": 0.2871463098401418,
            "acc": 0.853448275862069
        },
        " Some-college": {
            "loss": 0.29909616985846105,
            "acc": 0.857912457912458
        }
    },
    "education-num": {
        "1-9": {
            "loss": 0.2965245479383026,
            "acc": 0.8534013605442177
        },
        "10-13": {
            "loss": 0.29419495948283725,
            "acc": 0.8614576493762311
        },
        "13-16": {
            "loss": 0.28302254240684144,
            "acc": 0.8629893238434164
        },
        "9-10": {
            "loss": 0.29909616985846105,
            "acc": 0.857912457912458
        }
    },
    "relationship": {
        " Husband": {
            "loss": 0.29272678828793536,
            "acc": 0.8605639242950947
        },
        " Not-in-family": {
            "loss": 0.2887550212682228,
            "acc": 0.8576470588235294
        },
        " Other-relative": {
            "loss": 0.2082077791347412,
            "acc": 0.9213483146067416
        },
        " Own-child": {
            "loss": 0.3249217320933528,
            "acc": 0.845927379784102
        },
        " Unmarried": {
            "loss": 0.29696904780740246,
            "acc": 0.8504273504273504
        },
        " Wife": {
            "loss": 0.30334125161516495,
            "acc": 0.8416149068322981
        }
    },
    "race": {
        " Amer-Indian-Eskimo": {
            "loss": 0.30257558579951715,
            "acc": 0.8309859154929577
        },
        " Asian-Pac-Islander": {
            "loss": 0.2535082330059565,
            "acc": 0.8963730569948186
        },
        " Black": {
            "loss": 0.2956471946529029,
            "acc": 0.8497495826377296
        },
        " Other": {
            "loss": 0.32050897729389616,
            "acc": 0.8545454545454545
        },
        " White": {
            "loss": 0.2964819306854903,
            "acc": 0.8569384835479256
        }
    },
    "gender": {
        " Female": {
            "loss": 0.3031707384716037,
            "acc": 0.8541176470588235
        },
        " Male": {
            "loss": 0.2916350640937921,
            "acc": 0.8586088939566705
        }
    },
    "hours-per-week": {
        "1-35": {
            "loss": 0.27793293630044513,
            "acc": 0.876945885841364
        },
        "35-40": {
            "loss": 0.3079305365898873,
            "acc": 0.8475378787878788
        },
        "40-50": {
            "loss": 0.28265135449845324,
            "acc": 0.8597063621533442
        },
        "50-99": {
            "loss": 0.29474777536149116,
            "acc": 0.8578878748370273
        }
    }
}