{
    "age": {
        "17-26": {
            "loss": 0.46717591721078905,
            "acc": 0.7958904109589041
        },
        "26-33": {
            "loss": 1.1135758978913373,
            "acc": 0.7124463519313304
        },
        "33-41": {
            "loss": 1.691699900737949,
            "acc": 0.6190833959429001
        },
        "41-50": {
            "loss": 1.9377141901727073,
            "acc": 0.5877192982456141
        },
        "50-90": {
            "loss": 1.7928809752255632,
            "acc": 0.6164488854727133
        }
    },
    "education": {
        " 10th": {
            "loss": 0.7178113715131093,
            "acc": 0.73224043715847
        },
        " 11th": {
            "loss": 0.7229239132780235,
            "acc": 0.7511111111111111
        },
        " 12th": {
            "loss": 0.6432857105655474,
            "acc": 0.7551020408163265
        },
        " 1st-4th": {
            "loss": 0.27777122215207983,
            "acc": 0.9130434782608695
        },
        " 5th-6th": {
            "loss": 0.5230903495029868,
            "acc": 0.7741935483870968
        },
        " 7th-8th": {
            "loss": 0.4791892378829698,
            "acc": 0.7928571428571428
        },
        " 9th": {
            "loss": 0.4635273621958352,
            "acc": 0.8
        },
        " Assoc-acdm": {
            "loss": 1.0846316284640662,
            "acc": 0.7121212121212122
        },
        " Assoc-voc": {
            "loss": 1.3422547735554404,
            "acc": 0.6666666666666666
        },
        " Bachelors": {
            "loss": 2.241794535042039,
            "acc": 0.5527065527065527
        },
        " Doctorate": {
            "loss": 3.788847409898867,
            "acc": 0.36363636363636365
        },
        " HS-grad": {
            "loss": 1.0535533871801557,
            "acc": 0.7197696737044146
        },
        " Masters": {
            "loss": 2.8940470831397875,
            "acc": 0.4634146341463415
        },
        " Preschool": {
            "loss": 0.5015876383042919,
            "acc": 0.7
        },
        " Prof-school": {
            "loss": 3.505585137421392,
            "acc": 0.3448275862068966
        },
        " Some-college": {
            "loss": 1.0562217737304744,
            "acc": 0.7104377104377104
        }
    },
    "education-num": {
        "1-9": {
            "loss": 0.9241132571806716,
            "acc": 0.7333333333333333
        },
        "10-13": {
            "loss": 1.9303164442360814,
            "acc": 0.5938320209973753
        },
        "13-16": {
            "loss": 3.142869217405115,
            "acc": 0.42526690391459077
        },
        "9-10": {
            "loss": 1.0562217737304744,
            "acc": 0.7104377104377104
        }
    },
    "relationship": {
        " Husband": {
            "loss": 2.274643765096118,
            "acc": 0.540749324063345
        },
        " Not-in-family": {
            "loss": 0.7736633807625865,
            "acc": 0.7601410934744268
        },
        " Other-relative": {
            "loss": 0.43989996026239986,
            "acc": 0.7865168539325843
        },
        " Own-child": {
            "loss": 0.49395237500319433,
            "acc": 0.7978410206084396
        },
        " Unmarried": {
            "loss": 0.5595020076448466,
            "acc": 0.782051282051282
        },
        " Wife": {
            "loss": 2.527990311694891,
            "acc": 0.4968944099378882
        }
    },
    "race": {
        " Amer-Indian-Eskimo": {
            "loss": 0.6252037464919677,
            "acc": 0.6901408450704225
        },
        " Asian-Pac-Islander": {
            "loss": 1.864962024677428,
            "acc": 0.5958549222797928
        },
        " Black": {
            "loss": 0.8580491197998721,
            "acc": 0.7278797996661102
        },
        " Other": {
            "loss": 0.4989521120904062,
            "acc": 0.7636363636363637
        },
        " White": {
            "loss": 1.4388943582352351,
            "acc": 0.6638655462184874
        }
    },
    "gender": {
        " Female": {
            "loss": 0.8325690882517103,
            "acc": 0.7469426152398871
        },
        " Male": {
            "loss": 1.647305630484676,
            "acc": 0.6310148232611175
        }
    },
    "hours-per-week": {
        "1-35": {
            "loss": 0.6832911250361468,
            "acc": 0.7768717568569311
        },
        "35-40": {
            "loss": 1.1893199211324088,
            "acc": 0.6841274850110445
        },
        "40-50": {
            "loss": 2.1567256075554866,
            "acc": 0.5783034257748777
        },
        "50-99": {
            "loss": 2.1624731664837005,
            "acc": 0.560625814863103
        }
    }
}