{
    "age": {
        "17-26": {
            "loss": 0.2977662144363234,
            "acc": 0.8498971898560658
        },
        "26-33": {
            "loss": 0.2920806785362026,
            "acc": 0.8505154639175257
        },
        "33-41": {
            "loss": 0.2993313026106866,
            "acc": 0.8444778362133734
        },
        "41-50": {
            "loss": 0.2907188685284276,
            "acc": 0.8604465709728868
        },
        "50-90": {
            "loss": 0.2842028193140291,
            "acc": 0.8640552995391705
        }
    },
    "education": {
        " 10th": {
            "loss": 0.32388580742058937,
            "acc": 0.8516483516483516
        },
        " 11th": {
            "loss": 0.28917317359331235,
            "acc": 0.8577777777777778
        },
        " 12th": {
            "loss": 0.36216091369796377,
            "acc": 0.8367346938775511
        },
        " 1st-4th": {
            "loss": 0.22448717985466884,
            "acc": 0.9130434782608695
        },
        " 5th-6th": {
            "loss": 0.25221267682193277,
            "acc": 0.8709677419354839
        },
        " 7th-8th": {
            "loss": 0.25564682509189796,
            "acc": 0.8652482269503546
        },
        " 9th": {
            "loss": 0.27911994316197886,
            "acc": 0.8869565217391304
        },
        " Assoc-acdm": {
            "loss": 0.3204610387243179,
            "acc": 0.8232323232323232
        },
        " Assoc-voc": {
            "loss": 0.2875707133955017,
            "acc": 0.8644688644688645
        },
        " Bachelors": {
            "loss": 0.2979538494131739,
            "acc": 0.8507604562737643
        },
        " Doctorate": {
            "loss": 0.33827247415245265,
            "acc": 0.8441558441558441
        },
        " HS-grad": {
            "loss": 0.28903348057747247,
            "acc": 0.8522072936660269
        },
        " Masters": {
            "loss": 0.26775654785960995,
            "acc": 0.8699186991869918
        },
        " Preschool": {
            "loss": 0.3955458724374254,
            "acc": 0.7
        },
        " Prof-school": {
            "loss": 0.2727088392526613,
            "acc": 0.8793103448275862
        },
        " Some-college": {
            "loss": 0.29682682195576593,
            "acc": 0.8511784511784511
        }
    },
    "education-num": {
        "1-9": {
            "loss": 0.2907311461566235,
            "acc": 0.854421768707483
        },
        "10-13": {
            "loss": 0.2990187393348958,
            "acc": 0.8496388706500329
        },
        "13-16": {
            "loss": 0.27844016374242664,
            "acc": 0.8683274021352313
        },
        "9-10": {
            "loss": 0.29682682195576593,
            "acc": 0.8511784511784511
        }
    },
    "relationship": {
        " Husband": {
            "loss": 0.2911828836037225,
            "acc": 0.8552123552123552
        },
        " Not-in-family": {
            "loss": 0.28925394372146285,
            "acc": 0.8611764705882353
        },
        " Other-relative": {
            "loss": 0.2196026436094997,
            "acc": 0.898876404494382
        },
        " Own-child": {
            "loss": 0.3158921487673963,
            "acc": 0.8282630029440629
        },
        " Unmarried": {
            "loss": 0.29506206674375,
            "acc": 0.8575498575498576
        },
        " Wife": {
            "loss": 0.29100934101047937,
            "acc": 0.8504672897196262
        }
    },
    "race": {
        " Amer-Indian-Eskimo": {
            "loss": 0.28525972855068205,
            "acc": 0.8450704225352113
        },
        " Asian-Pac-Islander": {
            "loss": 0.2605855874152842,
            "acc": 0.8860103626943006
        },
        " Black": {
            "loss": 0.30815636922093337,
            "acc": 0.8480801335559266
        },
        " Other": {
            "loss": 0.28509262335775365,
            "acc": 0.8727272727272727
        },
        " White": {
            "loss": 0.29267061763033,
            "acc": 0.8531831187410587
        }
    },
    "gender": {
        " Female": {
            "loss": 0.29734682903479387,
            "acc": 0.8516949152542372
        },
        " Male": {
            "loss": 0.2908941284690301,
            "acc": 0.854765161878705
        }
    },
    "hours-per-week": {
        "1-35": {
            "loss": 0.2715341392676019,
            "acc": 0.8687916975537435
        },
        "35-40": {
            "loss": 0.30485738779650995,
            "acc": 0.844647931796653
        },
        "40-50": {
            "loss": 0.28433209846284,
            "acc": 0.856560717196414
        },
        "50-99": {
            "loss": 0.29565570599429614,
            "acc": 0.8604954367666232
        }
    }
}