{
    "forget_x": [
        1,
        0,
        0,
        0,
        0,
        0,
        0,
        0,
        0,
        0,
        0,
        0,
        0,
        0,
        0,
        0,
        0,
        0,
        0,
        0,
        1,
        0,
        0,
        0,
        1,
        0,
        0,
        0,
        1,
        0,
        0,
        0,
        0,
        0,
        0,
        1,
        0,
        1,
        1,
        0,
        0,
        0
    ],
    "forget_y": 0,
    "sample": {
        "age": "17-26",
        "education": " 10th",
        "education-num": "1-9",
        "relationship": " Wife",
        "race": " White",
        "gender": " Female",
        "hours-per-week": "35-40",
        "income": "<50k"
    },
    "performance": {
        "age": {
            "17-26": {
                "loss": 0.3009223972753853,
                "acc": 0.8526387936943112
            },
            "26-33": {
                "loss": 0.2998294130838997,
                "acc": 0.8479381443298969
            },
            "33-41": {
                "loss": 0.2996601609200358,
                "acc": 0.8474830954169797
            },
            "41-50": {
                "loss": 0.298741306490192,
                "acc": 0.8532695374800638
            },
            "50-90": {
                "loss": 0.29470578897341193,
                "acc": 0.8548387096774194
            }
        },
        "education": {
            " 10th": {
                "loss": 0.34268889661134844,
                "acc": 0.8626373626373627
            },
            " 11th": {
                "loss": 0.3026790157642841,
                "acc": 0.8755555555555555
            },
            " 12th": {
                "loss": 0.36138189649648567,
                "acc": 0.8163265306122449
            },
            " 1st-4th": {
                "loss": 0.2256178051438065,
                "acc": 0.8695652173913043
            },
            " 5th-6th": {
                "loss": 0.24285339613492377,
                "acc": 0.8387096774193549
            },
            " 7th-8th": {
                "loss": 0.2715521469696029,
                "acc": 0.8723404255319149
            },
            " 9th": {
                "loss": 0.290737576647974,
                "acc": 0.8782608695652174
            },
            " Assoc-acdm": {
                "loss": 0.32721777422938325,
                "acc": 0.8333333333333334
            },
            " Assoc-voc": {
                "loss": 0.2870447947344876,
                "acc": 0.8608058608058609
            },
            " Bachelors": {
                "loss": 0.30461009833135466,
                "acc": 0.8431558935361216
            },
            " Doctorate": {
                "loss": 0.3346012249492871,
                "acc": 0.8571428571428571
            },
            " HS-grad": {
                "loss": 0.2921387799338165,
                "acc": 0.8464491362763915
            },
            " Masters": {
                "loss": 0.2860464911177887,
                "acc": 0.8536585365853658
            },
            " Preschool": {
                "loss": 0.39031872070301155,
                "acc": 0.8
            },
            " Prof-school": {
                "loss": 0.28734143877252016,
                "acc": 0.8620689655172413
            },
            " Some-college": {
                "loss": 0.3006036456454646,
                "acc": 0.8565656565656565
            }
        },
        "education-num": {
            "1-9": {
                "loss": 0.29611489193601737,
                "acc": 0.8510204081632653
            },
            "10-13": {
                "loss": 0.3044006380200377,
                "acc": 0.845042678923178
            },
            "13-16": {
                "loss": 0.29296629259994933,
                "acc": 0.8558718861209964
            },
            "9-10": {
                "loss": 0.3006036456454646,
                "acc": 0.8565656565656565
            }
        },
        "relationship": {
            " Husband": {
                "loss": 0.2971152108726792,
                "acc": 0.8505791505791506
            },
            " Not-in-family": {
                "loss": 0.29255078602214596,
                "acc": 0.8535294117647059
            },
            " Other-relative": {
                "loss": 0.2166941698582282,
                "acc": 0.8932584269662921
            },
            " Own-child": {
                "loss": 0.3203943570244792,
                "acc": 0.8410206084396468
            },
            " Unmarried": {
                "loss": 0.31263680739092575,
                "acc": 0.8518518518518519
            },
            " Wife": {
                "loss": 0.2923185077634483,
                "acc": 0.8535825545171339
            }
        },
        "race": {
            " Amer-Indian-Eskimo": {
                "loss": 0.2871062901858843,
                "acc": 0.8309859154929577
            },
            " Asian-Pac-Islander": {
                "loss": 0.26609123430985493,
                "acc": 0.8808290155440415
            },
            " Black": {
                "loss": 0.30946250424982047,
                "acc": 0.8447412353923205
            },
            " Other": {
                "loss": 0.2947437693884993,
                "acc": 0.8363636363636363
            },
            " White": {
                "loss": 0.2989814595912164,
                "acc": 0.8513948497854077
            }
        },
        "gender": {
            " Female": {
                "loss": 0.30456179929629423,
                "acc": 0.8469868173258004
            },
            " Male": {
                "loss": 0.29601782091102696,
                "acc": 0.8533971728226174
            }
        },
        "hours-per-week": {
            "1-35": {
                "loss": 0.2771018773188015,
                "acc": 0.8710155670867309
            },
            "35-40": {
                "loss": 0.31131025925361344,
                "acc": 0.8405431007262394
            },
            "40-50": {
                "loss": 0.28971319751387464,
                "acc": 0.8549307253463733
            },
            "50-99": {
                "loss": 0.2998895792859376,
                "acc": 0.8552803129074316
            }
        }
    }
}