{
    "age": {
        "17-26": {
            "loss": 0.48558938885820785,
            "acc": 0.7669636737491432
        },
        "26-33": {
            "loss": 1.0399061423148126,
            "acc": 0.696137339055794
        },
        "33-41": {
            "loss": 1.5937574054618109,
            "acc": 0.6025544703230654
        },
        "41-50": {
            "loss": 1.7804403340588517,
            "acc": 0.5749601275917066
        },
        "50-90": {
            "loss": 1.6569294403816117,
            "acc": 0.6044546850998463
        }
    },
    "education": {
        " 10th": {
            "loss": 0.7387302516722587,
            "acc": 0.6868131868131868
        },
        " 11th": {
            "loss": 0.6995758593876054,
            "acc": 0.7066666666666667
        },
        " 12th": {
            "loss": 0.6943228646024375,
            "acc": 0.7448979591836735
        },
        " 1st-4th": {
            "loss": 0.29047587466265623,
            "acc": 0.8695652173913043
        },
        " 5th-6th": {
            "loss": 0.5309129279101749,
            "acc": 0.7258064516129032
        },
        " 7th-8th": {
            "loss": 0.5142312535113193,
            "acc": 0.75177304964539
        },
        " 9th": {
            "loss": 0.45590909010885056,
            "acc": 0.7913043478260869
        },
        " Assoc-acdm": {
            "loss": 1.1205511482460937,
            "acc": 0.6818181818181818
        },
        " Assoc-voc": {
            "loss": 1.3243033080632283,
            "acc": 0.6556776556776557
        },
        " Bachelors": {
            "loss": 2.0307952380394343,
            "acc": 0.5508072174738842
        },
        " Doctorate": {
            "loss": 3.381774865330052,
            "acc": 0.37662337662337664
        },
        " HS-grad": {
            "loss": 0.9956940671292294,
            "acc": 0.6976967370441459
        },
        " Masters": {
            "loss": 2.6161865838962384,
            "acc": 0.4742547425474255
        },
        " Preschool": {
            "loss": 0.5137201196541975,
            "acc": 0.7
        },
        " Prof-school": {
            "loss": 3.2959603996643416,
            "acc": 0.3275862068965517
        },
        " Some-college": {
            "loss": 1.0078951540685264,
            "acc": 0.6895622895622896
        }
    },
    "education-num": {
        "1-9": {
            "loss": 0.8859164798458334,
            "acc": 0.7074829931972789
        },
        "10-13": {
            "loss": 1.7859785538776332,
            "acc": 0.5866141732283464
        },
        "13-16": {
            "loss": 2.8613895381658194,
            "acc": 0.4306049822064057
        },
        "9-10": {
            "loss": 1.0078951540685264,
            "acc": 0.6895622895622896
        }
    },
    "relationship": {
        " Husband": {
            "loss": 2.105381749240275,
            "acc": 0.5297297297297298
        },
        " Not-in-family": {
            "loss": 0.7598562865083847,
            "acc": 0.7342739564961788
        },
        " Other-relative": {
            "loss": 0.4512090845644118,
            "acc": 0.7808988764044944
        },
        " Own-child": {
            "loss": 0.4912218840144324,
            "acc": 0.7664376840039254
        },
        " Unmarried": {
            "loss": 0.5658278654394703,
            "acc": 0.7606837606837606
        },
        " Wife": {
            "loss": 2.204720370132262,
            "acc": 0.514018691588785
        }
    },
    "race": {
        " Amer-Indian-Eskimo": {
            "loss": 0.6175150078649528,
            "acc": 0.6619718309859155
        },
        " Asian-Pac-Islander": {
            "loss": 1.796686255568276,
            "acc": 0.5751295336787565
        },
        " Black": {
            "loss": 0.8663591715641275,
            "acc": 0.7212020033388982
        },
        " Other": {
            "loss": 0.5243382641179611,
            "acc": 0.7454545454545455
        },
        " White": {
            "loss": 1.3396851832506118,
            "acc": 0.6452708743071697
        }
    },
    "gender": {
        " Female": {
            "loss": 0.7878940176350756,
            "acc": 0.7265882352941176
        },
        " Male": {
            "loss": 1.5405782497999647,
            "acc": 0.6146830825353398
        }
    },
    "hours-per-week": {
        "1-35": {
            "loss": 0.6688193811444393,
            "acc": 0.7561156412157154
        },
        "35-40": {
            "loss": 1.124199808283687,
            "acc": 0.6631944444444444
        },
        "40-50": {
            "loss": 1.9497989969693266,
            "acc": 0.5745721271393643
        },
        "50-99": {
            "loss": 2.0536444380824905,
            "acc": 0.5397653194263363
        }
    }
}